{"type":"FeatureCollection","bounds":[72.30153774884779,50.75432536830758,72.3384622511522,50.77067463169242],"attribution":"© OpenStreetMap contributors; Microsoft ML Buildings; Overture Maps Foundation (ODbL); генеральный план с. Турген (ТОО «Колдау», 2020)","features":[{"type":"Feature","properties":{"kind":"river"},"geometry":{"type":"LineString","coordinates":[[72.591213,50.70433],[72.588144,50.702414],[72.586084,50.70361],[72.58042,50.705458],[72.575098,50.702196],[72.571322,50.698826],[72.568232,50.695781],[72.562739,50.696869],[72.56085,50.6985],[72.561365,50.702196],[72.561537,50.705784],[72.557074,50.707415],[72.553641,50.706001],[72.546774,50.705132],[72.541281,50.704914],[72.540594,50.707197],[72.544199,50.710893],[72.543169,50.713393],[72.538363,50.713176],[72.536818,50.709154],[72.533213,50.708393],[72.526861,50.712198],[72.521883,50.712198],[72.51536,50.711872],[72.513429,50.713434],[72.513128,50.716219],[72.511798,50.719738],[72.509695,50.721219],[72.505747,50.72274],[72.499396,50.722849],[72.494761,50.71948],[72.487723,50.717741],[72.482916,50.71948],[72.478281,50.723501],[72.47296,50.729369],[72.469457,50.73158],[72.462496,50.730644],[72.456609,50.729029],[72.44824,50.730021],[72.440172,50.732629],[72.43822,50.733348],[72.434207,50.732194],[72.433284,50.730157],[72.429808,50.7285],[72.424723,50.731759],[72.423382,50.732174],[72.421354,50.732126],[72.419004,50.731413],[72.418093,50.730442],[72.417223,50.729226],[72.41614,50.7285],[72.413908,50.728269],[72.412556,50.728907],[72.4101,50.730727],[72.408952,50.73142],[72.406023,50.731549],[72.4023,50.730904],[72.399757,50.730557],[72.397456,50.728157],[72.393137,50.727522],[72.389318,50.727331],[72.386099,50.727956],[72.38258,50.730455],[72.381302,50.731029],[72.375847,50.730634],[72.368547,50.731461],[72.365907,50.73017],[72.363182,50.729885],[72.357432,50.732629],[72.353483,50.73491],[72.347304,50.742406],[72.344214,50.745556],[72.341639,50.747512],[72.340094,50.756852],[72.337283,50.759743],[72.336317,50.760218],[72.332026,50.76144],[72.330985,50.762376],[72.330974,50.764127],[72.334601,50.765321],[72.335952,50.766146],[72.335952,50.766781],[72.33577,50.767187],[72.332793,50.769292],[72.32874,50.770496],[72.32606,50.77189],[72.324473,50.771862],[72.322241,50.769881],[72.320485,50.767721],[72.315417,50.764765],[72.312467,50.761928],[72.310203,50.761114],[72.308283,50.760774],[72.305912,50.760652],[72.303541,50.762091],[72.3025,50.764018],[72.299281,50.768293],[72.296663,50.774441],[72.29587,50.777426],[72.293574,50.779868],[72.291857,50.780845],[72.286364,50.783341],[72.283403,50.784413],[72.281514,50.784508],[72.279508,50.784271],[72.276043,50.783436],[72.26982,50.779983],[72.267073,50.779271],[72.264187,50.780153],[72.260443,50.780519],[72.25598,50.781252],[72.255658,50.782744],[72.254649,50.787764],[72.252868,50.793841],[72.250712,50.795902],[72.248963,50.797001],[72.247311,50.797462],[72.244908,50.79696],[72.239157,50.796146],[72.235724,50.793759],[72.231153,50.792918],[72.22882,50.793746],[72.226229,50.793976],[72.22154,50.793447],[72.219588,50.794736],[72.218257,50.797137],[72.21963,50.79989],[72.221647,50.804935],[72.221647,50.808623],[72.222162,50.812419],[72.224051,50.815022],[72.220925,50.817268],[72.215159,50.818448],[72.205814,50.820483],[72.202005,50.822193],[72.195915,50.82168],[72.194425,50.821922],[72.193591,50.822426],[72.193297,50.823241],[72.192287,50.826332],[72.191706,50.827192],[72.191119,50.827437],[72.189556,50.828198],[72.188932,50.829228],[72.188179,50.83274],[72.188005,50.832976],[72.186987,50.833382],[72.186724,50.83373],[72.186248,50.834161],[72.185866,50.834684],[72.18593,50.835198],[72.186237,50.835724],[72.186577,50.835938],[72.187998,50.836751],[72.188934,50.838239],[72.188669,50.838622],[72.188616,50.838699],[72.187891,50.839661],[72.186818,50.840757],[72.186785,50.84079],[72.185043,50.842669],[72.18403,50.843473],[72.183199,50.843707],[72.182853,50.844082],[72.181476,50.844411],[72.179846,50.844514],[72.179317,50.844527],[72.179046,50.844172],[72.178295,50.844093],[72.175816,50.844625],[72.173776,50.845566],[72.171717,50.847374],[72.170678,50.848197],[72.169302,50.849021],[72.166204,50.85059],[72.165681,50.851762],[72.164211,50.853287],[72.163042,50.853864],[72.162182,50.854111],[72.161418,50.854044],[72.160322,50.855094],[72.161784,50.858093],[72.165012,50.862901],[72.166437,50.86486],[72.166656,50.867908],[72.163814,50.873083],[72.160038,50.874159],[72.15882,50.875517],[72.15817,50.879129],[72.158942,50.8831],[72.162433,50.88958],[72.164625,50.891694],[72.167543,50.894186],[72.169482,50.896292],[72.173395,50.897836],[72.186613,50.901138],[72.197084,50.907201],[72.200947,50.912071],[72.203779,50.91916],[72.199831,50.931604],[72.203007,50.942043],[72.209616,50.946856],[72.223263,50.969779],[72.22249,50.975381],[72.220602,50.989071]]}},{"type":"Feature","properties":{"kind":"farmland"},"geometry":{"type":"Polygon","coordinates":[[[72.298701,50.734827],[72.288122,50.742636],[72.28677,50.743586],[72.287071,50.745365],[72.284667,50.746478],[72.283509,50.746207],[72.2822,50.747157],[72.285054,50.749655],[72.290096,50.753932],[72.29795,50.761153],[72.2984,50.761044],[72.305717,50.758045],[72.317197,50.753416],[72.319085,50.752764],[72.319643,50.752506],[72.314301,50.746899],[72.309043,50.741251],[72.30561,50.737706],[72.302928,50.735642],[72.30104,50.73499],[72.299645,50.734719],[72.298701,50.734827]]]}},{"type":"Feature","properties":{"kind":"farmland"},"geometry":{"type":"Polygon","coordinates":[[[72.30117,50.760785],[72.301857,50.76073],[72.302672,50.761395],[72.300333,50.764218],[72.299475,50.764789],[72.290613,50.768507],[72.281901,50.771751],[72.280979,50.771696],[72.27761,50.769959],[72.278597,50.769471],[72.287051,50.766404],[72.292952,50.763961],[72.299089,50.76145],[72.30117,50.760785]]]}},{"type":"Feature","properties":{"kind":"residential"},"geometry":{"type":"Polygon","coordinates":[[[72.315248,50.758435],[72.317397,50.755201],[72.324244,50.753711],[72.326807,50.754235],[72.328761,50.757158],[72.329382,50.75909],[72.330301,50.764543],[72.330172,50.765968],[72.329758,50.767016],[72.328502,50.767679],[72.326677,50.768178],[72.324593,50.768227],[72.323092,50.768268],[72.322238,50.768023],[72.321344,50.767327],[72.320503,50.765894],[72.320309,50.764396],[72.319959,50.762423],[72.319053,50.76108],[72.317733,50.760302],[72.316271,50.759688],[72.315623,50.759279],[72.315248,50.758435]]]}},{"type":"Feature","properties":{"kind":"building","h":4,"src":"overture"},"geometry":{"type":"Polygon","coordinates":[[[72.328506,50.7643],[72.328407,50.764299],[72.328407,50.76426],[72.328605,50.764262],[72.328603,50.764384],[72.328504,50.764383],[72.328506,50.7643],[72.328506,50.7643]]]}},{"type":"Feature","properties":{"kind":"building","h":4,"src":"overture"},"geometry":{"type":"Polygon","coordinates":[[[72.328402,50.765405],[72.328512,50.765406],[72.32851,50.765459],[72.3284,50.765458],[72.328402,50.765405],[72.328402,50.765405]]]}},{"type":"Feature","properties":{"kind":"building","h":4,"src":"overture"},"geometry":{"type":"Polygon","coordinates":[[[72.328305,50.765438],[72.328304,50.76547],[72.328113,50.765466],[72.328115,50.765434],[72.328305,50.765438],[72.328305,50.765438]]]}},{"type":"Feature","properties":{"kind":"building","h":4,"src":"overture"},"geometry":{"type":"Polygon","coordinates":[[[72.328206,50.766188],[72.32815,50.76619],[72.328147,50.76616],[72.328203,50.766158],[72.328206,50.766188],[72.328206,50.766188]]]}},{"type":"Feature","properties":{"kind":"building","h":4,"src":"overture"},"geometry":{"type":"Polygon","coordinates":[[[72.327934,50.765991],[72.327946,50.765938],[72.328012,50.765945],[72.328,50.765997],[72.327934,50.765991],[72.327934,50.765991]]]}},{"type":"Feature","properties":{"kind":"building","h":4,"src":"overture"},"geometry":{"type":"Polygon","coordinates":[[[72.327793,50.765592],[72.327794,50.76554],[72.327853,50.76554],[72.327852,50.765593],[72.327793,50.765592],[72.327793,50.765592]]]}},{"type":"Feature","properties":{"kind":"building","h":4,"src":"overture"},"geometry":{"type":"Polygon","coordinates":[[[72.328007,50.765717],[72.328006,50.765687],[72.328116,50.765684],[72.328117,50.765715],[72.328007,50.765717],[72.328007,50.765717]]]}},{"type":"Feature","properties":{"kind":"building","h":4,"src":"overture"},"geometry":{"type":"Polygon","coordinates":[[[72.328127,50.764755],[72.328022,50.764757],[72.328021,50.764708],[72.328125,50.764707],[72.328127,50.764755],[72.328127,50.764755]]]}},{"type":"Feature","properties":{"kind":"building","h":6,"src":"overture"},"geometry":{"type":"Polygon","coordinates":[[[72.327691,50.765067],[72.328022,50.765063],[72.328024,50.765135],[72.327732,50.765139],[72.327731,50.765102],[72.327661,50.765103],[72.327659,50.765056],[72.32763,50.765056],[72.327629,50.765029],[72.32769,50.765028],[72.327691,50.765067],[72.327691,50.765067]]]}},{"type":"Feature","properties":{"kind":"building","h":4,"src":"overture"},"geometry":{"type":"Polygon","coordinates":[[[72.328087,50.764404],[72.328181,50.764402],[72.328183,50.764438],[72.328089,50.76444],[72.328087,50.764404],[72.328087,50.764404]]]}},{"type":"Feature","properties":{"kind":"building","h":4,"src":"overture"},"geometry":{"type":"Polygon","coordinates":[[[72.327954,50.762732],[72.32791,50.762733],[72.327908,50.762688],[72.327952,50.762687],[72.327954,50.762732],[72.327954,50.762732]]]}},{"type":"Feature","properties":{"kind":"building","h":4,"src":"overture"},"geometry":{"type":"Polygon","coordinates":[[[72.327911,50.763193],[72.327899,50.763138],[72.327954,50.763134],[72.327966,50.763188],[72.327911,50.763193],[72.327911,50.763193]]]}},{"type":"Feature","properties":{"kind":"building","h":6,"src":"overture"},"geometry":{"type":"Polygon","coordinates":[[[72.328039,50.763445],[72.327937,50.763454],[72.327897,50.763286],[72.328048,50.763272],[72.328063,50.763334],[72.328013,50.763338],[72.328039,50.763445],[72.328039,50.763445]]]}},{"type":"Feature","properties":{"kind":"building","h":6,"src":"overture"},"geometry":{"type":"Polygon","coordinates":[[[72.327735,50.763391],[72.32761,50.763394],[72.327602,50.763275],[72.327786,50.76327],[72.327795,50.763404],[72.327736,50.763406],[72.327735,50.763391],[72.327735,50.763391]]]}},{"type":"Feature","properties":{"kind":"building","h":6,"src":"overture"},"geometry":{"type":"Polygon","coordinates":[[[72.327555,50.76375],[72.327551,50.763631],[72.327712,50.763629],[72.327716,50.763748],[72.327555,50.76375],[72.327555,50.76375]]]}},{"type":"Feature","properties":{"kind":"building","h":4,"src":"overture"},"geometry":{"type":"Polygon","coordinates":[[[72.327826,50.763225],[72.327728,50.763227],[72.327726,50.763184],[72.327824,50.763182],[72.327826,50.763225],[72.327826,50.763225]]]}},{"type":"Feature","properties":{"kind":"building","h":6,"src":"overture"},"geometry":{"type":"Polygon","coordinates":[[[72.327788,50.762514],[72.327532,50.762517],[72.327528,50.76242],[72.327662,50.762418],[72.327664,50.762464],[72.327786,50.762462],[72.327788,50.762514],[72.327788,50.762514]]]}},{"type":"Feature","properties":{"kind":"building","h":6,"src":"overture"},"geometry":{"type":"Polygon","coordinates":[[[72.327597,50.762694],[72.327683,50.762692],[72.327695,50.762899],[72.327619,50.7629],[72.327617,50.762862],[72.327533,50.762864],[72.327528,50.762779],[72.327602,50.762777],[72.327597,50.762694],[72.327597,50.762694]]]}},{"type":"Feature","properties":{"kind":"building","h":6,"src":"overture"},"geometry":{"type":"Polygon","coordinates":[[[72.327595,50.764607],[72.327592,50.764557],[72.327839,50.764551],[72.327841,50.764588],[72.327892,50.764587],[72.327896,50.764655],[72.327696,50.764659],[72.327693,50.764605],[72.327595,50.764607],[72.327595,50.764607]]]}},{"type":"Feature","properties":{"kind":"building","h":6,"src":"overture"},"geometry":{"type":"Polygon","coordinates":[[[72.327833,50.764771],[72.327836,50.764812],[72.32776,50.764814],[72.327766,50.764905],[72.327641,50.764908],[72.327633,50.764776],[72.327833,50.764771],[72.327833,50.764771]]]}},{"type":"Feature","properties":{"kind":"building","h":4,"src":"overture"},"geometry":{"type":"Polygon","coordinates":[[[72.327675,50.765801],[72.327674,50.765772],[72.327771,50.765771],[72.327774,50.765871],[72.327629,50.765872],[72.327627,50.765802],[72.327675,50.765801],[72.327675,50.765801]]]}},{"type":"Feature","properties":{"kind":"building","h":6,"src":"overture"},"geometry":{"type":"Polygon","coordinates":[[[72.327796,50.766088],[72.327796,50.766151],[72.327644,50.766151],[72.327645,50.766035],[72.32784,50.766036],[72.327839,50.766062],[72.327892,50.766063],[72.327891,50.766088],[72.327796,50.766088],[72.327796,50.766088]]]}},{"type":"Feature","properties":{"kind":"building","h":6,"src":"overture"},"geometry":{"type":"Polygon","coordinates":[[[72.32762,50.767132],[72.327808,50.767134],[72.327805,50.767263],[72.327664,50.767261],[72.327665,50.767208],[72.327618,50.767207],[72.32762,50.767132],[72.32762,50.767132]]]}},{"type":"Feature","properties":{"kind":"building","h":4,"src":"overture"},"geometry":{"type":"Polygon","coordinates":[[[72.327653,50.766963],[72.327647,50.766831],[72.327792,50.766829],[72.327797,50.766961],[72.327653,50.766963],[72.327653,50.766963]]]}},{"type":"Feature","properties":{"kind":"building","h":6,"src":"overture"},"geometry":{"type":"Polygon","coordinates":[[[72.327638,50.766574],[72.327631,50.766479],[72.327904,50.766471],[72.327911,50.766566],[72.327638,50.766574],[72.327638,50.766574]]]}},{"type":"Feature","properties":{"kind":"building","h":4,"src":"overture"},"geometry":{"type":"Polygon","coordinates":[[[72.326923,50.767115],[72.327075,50.767113],[72.32708,50.76722],[72.326927,50.767222],[72.326923,50.767115],[72.326923,50.767115]]]}},{"type":"Feature","properties":{"kind":"building","h":4,"src":"overture"},"geometry":{"type":"Polygon","coordinates":[[[72.326948,50.766608],[72.326942,50.76647],[72.327044,50.766469],[72.327049,50.766606],[72.326948,50.766608],[72.326948,50.766608]]]}},{"type":"Feature","properties":{"kind":"building","h":4,"src":"overture"},"geometry":{"type":"Polygon","coordinates":[[[72.326958,50.766637],[72.326957,50.766616],[72.327044,50.766615],[72.327045,50.766635],[72.326958,50.766637],[72.326958,50.766637]]]}},{"type":"Feature","properties":{"kind":"building","h":6,"src":"overture"},"geometry":{"type":"Polygon","coordinates":[[[72.327068,50.766837],[72.327072,50.766929],[72.326981,50.76693],[72.326982,50.766954],[72.326917,50.766955],[72.326916,50.766929],[72.326875,50.76693],[72.326872,50.766872],[72.326823,50.766873],[72.326822,50.766841],[72.327068,50.766837],[72.327068,50.766837]]]}},{"type":"Feature","properties":{"kind":"building","h":4,"src":"overture"},"geometry":{"type":"Polygon","coordinates":[[[72.326649,50.766755],[72.326652,50.766725],[72.326711,50.766727],[72.326708,50.766757],[72.326649,50.766755],[72.326649,50.766755]]]}},{"type":"Feature","properties":{"kind":"building","h":4,"src":"overture"},"geometry":{"type":"Polygon","coordinates":[[[72.326095,50.766534],[72.326141,50.766532],[72.326143,50.766561],[72.326098,50.766563],[72.326095,50.766534],[72.326095,50.766534]]]}},{"type":"Feature","properties":{"kind":"building","h":4,"src":"overture"},"geometry":{"type":"Polygon","coordinates":[[[72.324804,50.767319],[72.324881,50.767314],[72.324886,50.767344],[72.324809,50.767349],[72.324804,50.767319],[72.324804,50.767319]]]}},{"type":"Feature","properties":{"kind":"building","h":4,"src":"overture"},"geometry":{"type":"Polygon","coordinates":[[[72.324951,50.767125],[72.324949,50.767097],[72.325022,50.767096],[72.325023,50.767124],[72.324951,50.767125],[72.324951,50.767125]]]}},{"type":"Feature","properties":{"kind":"building","h":4,"src":"overture"},"geometry":{"type":"Polygon","coordinates":[[[72.325118,50.766284],[72.325026,50.766283],[72.325029,50.766174],[72.32512,50.766175],[72.325118,50.766284],[72.325118,50.766284]]]}},{"type":"Feature","properties":{"kind":"building","h":4,"src":"overture"},"geometry":{"type":"Polygon","coordinates":[[[72.325089,50.766397],[72.325093,50.766357],[72.32517,50.76636],[72.325165,50.7664],[72.325089,50.766397],[72.325089,50.766397]]]}},{"type":"Feature","properties":{"kind":"building","h":4,"src":"overture"},"geometry":{"type":"Polygon","coordinates":[[[72.325278,50.76668],[72.325115,50.766682],[72.325112,50.766616],[72.325276,50.766614],[72.325278,50.76668],[72.325278,50.76668]]]}},{"type":"Feature","properties":{"kind":"building","h":4,"src":"overture"},"geometry":{"type":"Polygon","coordinates":[[[72.32513,50.766736],[72.325119,50.766693],[72.325265,50.766678],[72.325275,50.766721],[72.32513,50.766736],[72.32513,50.766736]]]}},{"type":"Feature","properties":{"kind":"building","h":4,"src":"overture"},"geometry":{"type":"Polygon","coordinates":[[[72.325172,50.766997],[72.325283,50.767012],[72.325264,50.767069],[72.325225,50.767064],[72.325234,50.767038],[72.325162,50.767028],[72.325172,50.766997],[72.325172,50.766997]]]}},{"type":"Feature","properties":{"kind":"building","h":6,"src":"overture"},"geometry":{"type":"Polygon","coordinates":[[[72.325184,50.767376],[72.325176,50.767253],[72.32537,50.767248],[72.325377,50.767359],[72.325291,50.767361],[72.325292,50.767374],[72.325184,50.767376],[72.325184,50.767376]]]}},{"type":"Feature","properties":{"kind":"building","h":4,"src":"overture"},"geometry":{"type":"Polygon","coordinates":[[[72.325722,50.767495],[72.325632,50.767503],[72.325626,50.767473],[72.325715,50.767465],[72.325722,50.767495],[72.325722,50.767495]]]}},{"type":"Feature","properties":{"kind":"building","h":4,"src":"overture"},"geometry":{"type":"Polygon","coordinates":[[[72.325631,50.766908],[72.325754,50.766909],[72.32575,50.767043],[72.325626,50.767041],[72.325631,50.766908],[72.325631,50.766908]]]}},{"type":"Feature","properties":{"kind":"building","h":6,"src":"overture"},"geometry":{"type":"Polygon","coordinates":[[[72.32543,50.765859],[72.32542,50.765745],[72.325607,50.765738],[72.325617,50.765844],[72.325578,50.765846],[72.325579,50.765853],[72.32543,50.765859],[72.32543,50.765859]]]}},{"type":"Feature","properties":{"kind":"building","h":6,"src":"overture"},"geometry":{"type":"Polygon","coordinates":[[[72.32536,50.765427],[72.325352,50.765346],[72.325815,50.765328],[72.325819,50.765375],[72.325734,50.765379],[72.32574,50.765441],[72.325633,50.765446],[72.325627,50.765388],[72.32555,50.765391],[72.325556,50.765452],[72.325529,50.765453],[72.325532,50.76548],[72.325425,50.765484],[72.325419,50.765425],[72.32536,50.765427],[72.32536,50.765427]]]}},{"type":"Feature","properties":{"kind":"building","h":4,"src":"overture"},"geometry":{"type":"Polygon","coordinates":[[[72.325264,50.765839],[72.325233,50.765841],[72.325225,50.765779],[72.325255,50.765777],[72.325264,50.765839],[72.325264,50.765839]]]}},{"type":"Feature","properties":{"kind":"building","h":4,"src":"overture"},"geometry":{"type":"Polygon","coordinates":[[[72.324979,50.765788],[72.325163,50.765791],[72.325158,50.765879],[72.324975,50.765876],[72.324979,50.765788],[72.324979,50.765788]]]}},{"type":"Feature","properties":{"kind":"building","h":4,"src":"overture"},"geometry":{"type":"Polygon","coordinates":[[[72.324852,50.765571],[72.324805,50.765572],[72.324804,50.765533],[72.32485,50.765532],[72.324852,50.765571],[72.324852,50.765571]]]}},{"type":"Feature","properties":{"kind":"building","h":4,"src":"overture"},"geometry":{"type":"Polygon","coordinates":[[[72.324842,50.765932],[72.324784,50.765934],[72.32478,50.765897],[72.324838,50.765895],[72.324842,50.765932],[72.324842,50.765932]]]}},{"type":"Feature","properties":{"kind":"building","h":4,"src":"overture"},"geometry":{"type":"Polygon","coordinates":[[[72.324655,50.76539],[72.324653,50.765327],[72.324728,50.765326],[72.32473,50.765389],[72.324655,50.76539],[72.324655,50.76539]]]}},{"type":"Feature","properties":{"kind":"building","h":6,"src":"overture"},"geometry":{"type":"Polygon","coordinates":[[[72.325037,50.762187],[72.325204,50.762175],[72.325242,50.762381],[72.325076,50.762393],[72.325037,50.762187],[72.325037,50.762187]]]}},{"type":"Feature","properties":{"kind":"building","h":4,"src":"overture"},"geometry":{"type":"Polygon","coordinates":[[[72.325124,50.762698],[72.325121,50.762645],[72.325174,50.762644],[72.325176,50.762698],[72.325124,50.762698],[72.325124,50.762698]]]}},{"type":"Feature","properties":{"kind":"building","h":4,"src":"overture"},"geometry":{"type":"Polygon","coordinates":[[[72.325226,50.762691],[72.32518,50.762692],[72.325178,50.762659],[72.325224,50.762657],[72.325226,50.762691],[72.325226,50.762691]]]}},{"type":"Feature","properties":{"kind":"building","h":4,"src":"overture"},"geometry":{"type":"Polygon","coordinates":[[[72.325585,50.76362],[72.32565,50.763622],[72.325647,50.763652],[72.325582,50.76365],[72.325585,50.76362],[72.325585,50.76362]]]}},{"type":"Feature","properties":{"kind":"building","h":6,"src":"overture"},"geometry":{"type":"Polygon","coordinates":[[[72.325386,50.762679],[72.325379,50.762621],[72.325722,50.762604],[72.325719,50.762581],[72.325832,50.762576],[72.325845,50.762678],[72.325477,50.762696],[72.325474,50.762675],[72.325386,50.762679],[72.325386,50.762679]]]}},{"type":"Feature","properties":{"kind":"building","h":4,"src":"overture"},"geometry":{"type":"Polygon","coordinates":[[[72.325652,50.762274],[72.325603,50.762285],[72.325582,50.762248],[72.325631,50.762237],[72.325652,50.762274],[72.325652,50.762274]]]}},{"type":"Feature","properties":{"kind":"building","h":6,"src":"overture"},"geometry":{"type":"Polygon","coordinates":[[[72.326019,50.76263],[72.326075,50.762626],[72.326069,50.762588],[72.326422,50.762568],[72.326428,50.762614],[72.32634,50.762619],[72.326343,50.762636],[72.32607,50.762651],[72.326073,50.762671],[72.326025,50.762673],[72.326019,50.76263],[72.326019,50.76263]]]}},{"type":"Feature","properties":{"kind":"building","h":4,"src":"overture"},"geometry":{"type":"Polygon","coordinates":[[[72.325775,50.763446],[72.325771,50.763351],[72.325962,50.763348],[72.325965,50.763443],[72.325775,50.763446],[72.325775,50.763446]]]}},{"type":"Feature","properties":{"kind":"building","h":4,"src":"overture"},"geometry":{"type":"Polygon","coordinates":[[[72.32587,50.765626],[72.325803,50.765634],[72.32579,50.765592],[72.325857,50.765583],[72.32587,50.765626],[72.32587,50.765626]]]}},{"type":"Feature","properties":{"kind":"building","h":4,"src":"overture"},"geometry":{"type":"Polygon","coordinates":[[[72.325975,50.765822],[72.325873,50.765829],[72.325865,50.765783],[72.325967,50.765777],[72.325975,50.765822],[72.325975,50.765822]]]}},{"type":"Feature","properties":{"kind":"building","h":6,"src":"overture"},"geometry":{"type":"Polygon","coordinates":[[[72.32607,50.765243],[72.326256,50.765237],[72.326263,50.765317],[72.326235,50.765318],[72.326238,50.765352],[72.32608,50.765358],[72.32607,50.765243],[72.32607,50.765243]]]}},{"type":"Feature","properties":{"kind":"building","h":4,"src":"overture"},"geometry":{"type":"Polygon","coordinates":[[[72.326212,50.766054],[72.326275,50.766056],[72.326273,50.766102],[72.32621,50.766101],[72.326212,50.766054],[72.326212,50.766054]]]}},{"type":"Feature","properties":{"kind":"building","h":4,"src":"overture"},"geometry":{"type":"Polygon","coordinates":[[[72.326701,50.764962],[72.326523,50.76498],[72.326517,50.764956],[72.326695,50.764938],[72.326701,50.764962],[72.326701,50.764962]]]}},{"type":"Feature","properties":{"kind":"building","h":4,"src":"overture"},"geometry":{"type":"Polygon","coordinates":[[[72.326456,50.765731],[72.326454,50.765705],[72.326558,50.765701],[72.32656,50.765728],[72.326456,50.765731],[72.326456,50.765731]]]}},{"type":"Feature","properties":{"kind":"building","h":6,"src":"overture"},"geometry":{"type":"Polygon","coordinates":[[[72.326748,50.765447],[72.326745,50.765427],[72.327004,50.765413],[72.327014,50.765494],[72.326854,50.765502],[72.32685,50.765468],[72.326798,50.765471],[72.326805,50.765524],[72.326751,50.765527],[72.326755,50.76556],[72.326675,50.765564],[72.326671,50.765536],[72.326602,50.76554],[72.326591,50.765455],[72.326748,50.765447],[72.326748,50.765447]]]}},{"type":"Feature","properties":{"kind":"building","h":6,"src":"overture"},"geometry":{"type":"Polygon","coordinates":[[[72.326792,50.765715],[72.327022,50.76571],[72.327026,50.765797],[72.326797,50.765802],[72.326792,50.765715],[72.326792,50.765715]]]}},{"type":"Feature","properties":{"kind":"building","h":6,"src":"overture"},"geometry":{"type":"Polygon","coordinates":[[[72.326975,50.766209],[72.326975,50.766243],[72.326879,50.766244],[72.326873,50.766041],[72.327032,50.76604],[72.327036,50.766208],[72.326975,50.766209],[72.326975,50.766209]]]}},{"type":"Feature","properties":{"kind":"building","h":4,"src":"overture"},"geometry":{"type":"Polygon","coordinates":[[[72.32702,50.765523],[72.326904,50.765532],[72.326898,50.765504],[72.327014,50.765495],[72.32702,50.765523],[72.32702,50.765523]]]}},{"type":"Feature","properties":{"kind":"building","h":4,"src":"overture"},"geometry":{"type":"Polygon","coordinates":[[[72.326976,50.764933],[72.326974,50.764891],[72.327066,50.764889],[72.327068,50.764931],[72.326976,50.764933],[72.326976,50.764933]]]}},{"type":"Feature","properties":{"kind":"building","h":6,"src":"overture"},"geometry":{"type":"Polygon","coordinates":[[[72.327036,50.764772],[72.327033,50.764867],[72.326813,50.764864],[72.326816,50.764769],[72.327036,50.764772],[72.327036,50.764772]]]}},{"type":"Feature","properties":{"kind":"building","h":6,"src":"overture"},"geometry":{"type":"Polygon","coordinates":[[[72.326958,50.7643],[72.32691,50.764301],[72.326912,50.764329],[72.326794,50.764333],[72.326788,50.76425],[72.326719,50.764252],[72.326716,50.764212],[72.326951,50.764205],[72.326958,50.7643],[72.326958,50.7643]]]}},{"type":"Feature","properties":{"kind":"building","h":4,"src":"overture"},"geometry":{"type":"Polygon","coordinates":[[[72.326901,50.763377],[72.326725,50.763382],[72.326718,50.763291],[72.326895,50.763286],[72.326901,50.763377],[72.326901,50.763377]]]}},{"type":"Feature","properties":{"kind":"building","h":6,"src":"overture"},"geometry":{"type":"Polygon","coordinates":[[[72.326737,50.763823],[72.326731,50.763701],[72.326916,50.763698],[72.326922,50.763819],[72.326737,50.763823],[72.326737,50.763823]]]}},{"type":"Feature","properties":{"kind":"building","h":6,"src":"overture"},"geometry":{"type":"Polygon","coordinates":[[[72.326751,50.764036],[72.326743,50.763958],[72.326921,50.763951],[72.326934,50.764071],[72.326779,50.764078],[72.326774,50.764035],[72.326751,50.764036],[72.326751,50.764036]]]}},{"type":"Feature","properties":{"kind":"building","h":6,"src":"overture"},"geometry":{"type":"Polygon","coordinates":[[[72.326519,50.762216],[72.326515,50.762147],[72.326691,50.762144],[72.326698,50.762309],[72.326569,50.762312],[72.326564,50.762215],[72.326519,50.762216],[72.326519,50.762216]]]}},{"type":"Feature","properties":{"kind":"building","h":6,"src":"overture"},"geometry":{"type":"Polygon","coordinates":[[[72.326897,50.762604],[72.326833,50.762608],[72.326837,50.762633],[72.326601,50.762648],[72.326592,50.762593],[72.326634,50.76259],[72.326627,50.762543],[72.326884,50.762526],[72.326897,50.762604],[72.326897,50.762604]]]}},{"type":"Feature","properties":{"kind":"building","h":4,"src":"overture"},"geometry":{"type":"Polygon","coordinates":[[[72.32647,50.762127],[72.32651,50.76213],[72.326504,50.762163],[72.326464,50.76216],[72.32647,50.762127],[72.32647,50.762127]]]}},{"type":"Feature","properties":{"kind":"building","h":4,"src":"overture"},"geometry":{"type":"Polygon","coordinates":[[[72.326586,50.76189],[72.32641,50.761918],[72.326368,50.761812],[72.326516,50.761788],[72.326547,50.761864],[72.326573,50.76186],[72.326586,50.76189],[72.326586,50.76189]]]}},{"type":"Feature","properties":{"kind":"building","h":4,"src":"overture"},"geometry":{"type":"Polygon","coordinates":[[[72.325821,50.759543],[72.325857,50.759535],[72.32589,50.759596],[72.325854,50.759603],[72.325821,50.759543],[72.325821,50.759543]]]}},{"type":"Feature","properties":{"kind":"building","h":6,"src":"overture"},"geometry":{"type":"Polygon","coordinates":[[[72.325978,50.760075],[72.325844,50.760086],[72.325802,50.759887],[72.325889,50.75988],[72.325895,50.759909],[72.325974,50.759902],[72.326003,50.76004],[72.325971,50.760043],[72.325978,50.760075],[72.325978,50.760075]]]}},{"type":"Feature","properties":{"kind":"building","h":4,"src":"overture"},"geometry":{"type":"Polygon","coordinates":[[[72.325857,50.760326],[72.326018,50.760323],[72.326024,50.760425],[72.325863,50.760429],[72.325857,50.760326],[72.325857,50.760326]]]}},{"type":"Feature","properties":{"kind":"building","h":6,"src":"overture"},"geometry":{"type":"Polygon","coordinates":[[[72.326227,50.760738],[72.326185,50.760742],[72.326191,50.760768],[72.326067,50.760779],[72.326025,50.760577],[72.326123,50.760569],[72.326129,50.7606],[72.326198,50.760595],[72.326227,50.760738],[72.326227,50.760738]]]}},{"type":"Feature","properties":{"kind":"building","h":4,"src":"overture"},"geometry":{"type":"Polygon","coordinates":[[[72.32618,50.761192],[72.326213,50.76119],[72.326218,50.761236],[72.326185,50.761237],[72.32618,50.761192],[72.32618,50.761192]]]}},{"type":"Feature","properties":{"kind":"building","h":4,"src":"overture"},"geometry":{"type":"Polygon","coordinates":[[[72.326194,50.761071],[72.326129,50.761081],[72.32608,50.760959],[72.326226,50.760936],[72.326252,50.761001],[72.326171,50.761013],[72.326194,50.761071],[72.326194,50.761071]]]}},{"type":"Feature","properties":{"kind":"building","h":6,"src":"overture"},"geometry":{"type":"Polygon","coordinates":[[[72.326063,50.761475],[72.326047,50.761417],[72.326363,50.761383],[72.326377,50.76143],[72.326435,50.761424],[72.326447,50.761465],[72.326359,50.761475],[72.326367,50.761504],[72.326203,50.761522],[72.326198,50.761504],[72.326157,50.761509],[72.326145,50.761466],[72.326063,50.761475],[72.326063,50.761475]]]}},{"type":"Feature","properties":{"kind":"building","h":4,"src":"overture"},"geometry":{"type":"Polygon","coordinates":[[[72.326242,50.762059],[72.326378,50.762056],[72.32638,50.76208],[72.326243,50.762084],[72.326242,50.762059],[72.326242,50.762059]]]}},{"type":"Feature","properties":{"kind":"building","h":4,"src":"overture"},"geometry":{"type":"Polygon","coordinates":[[[72.325943,50.762252],[72.325948,50.76217],[72.326181,50.762176],[72.326179,50.76222],[72.326144,50.76222],[72.326142,50.762257],[72.325943,50.762252],[72.325943,50.762252]]]}},{"type":"Feature","properties":{"kind":"building","h":4,"src":"overture"},"geometry":{"type":"Polygon","coordinates":[[[72.326051,50.761591],[72.3261,50.761587],[72.326109,50.761629],[72.32606,50.761633],[72.326051,50.761591],[72.326051,50.761591]]]}},{"type":"Feature","properties":{"kind":"building","h":4,"src":"overture"},"geometry":{"type":"Polygon","coordinates":[[[72.325845,50.762067],[72.325838,50.762041],[72.325934,50.762031],[72.325941,50.762056],[72.325845,50.762067],[72.325845,50.762067]]]}},{"type":"Feature","properties":{"kind":"building","h":4,"src":"overture"},"geometry":{"type":"Polygon","coordinates":[[[72.325235,50.761604],[72.325167,50.761606],[72.325163,50.761562],[72.325231,50.76156],[72.325235,50.761604],[72.325235,50.761604]]]}},{"type":"Feature","properties":{"kind":"building","h":4,"src":"overture"},"geometry":{"type":"Polygon","coordinates":[[[72.3253,50.762175],[72.325346,50.76217],[72.325366,50.762257],[72.32532,50.762261],[72.3253,50.762175],[72.3253,50.762175]]]}},{"type":"Feature","properties":{"kind":"building","h":6,"src":"overture"},"geometry":{"type":"Polygon","coordinates":[[[72.324739,50.761656],[72.324768,50.761651],[72.324736,50.761577],[72.324866,50.761555],[72.324956,50.761762],[72.324798,50.76179],[72.324739,50.761656],[72.324739,50.761656]]]}},{"type":"Feature","properties":{"kind":"building","h":4,"src":"overture"},"geometry":{"type":"Polygon","coordinates":[[[72.32473,50.761584],[72.324759,50.761637],[72.324734,50.761643],[72.324706,50.761589],[72.32473,50.761584],[72.32473,50.761584]]]}},{"type":"Feature","properties":{"kind":"building","h":6,"src":"overture"},"geometry":{"type":"Polygon","coordinates":[[[72.324676,50.759854],[72.324623,50.759864],[72.324572,50.759753],[72.324857,50.759701],[72.324885,50.759759],[72.32496,50.759745],[72.324975,50.759778],[72.324865,50.759799],[72.324872,50.759813],[72.324805,50.759825],[72.324788,50.759787],[72.324717,50.7598],[72.324744,50.75986],[72.324684,50.759871],[72.324676,50.759854],[72.324676,50.759854]]]}},{"type":"Feature","properties":{"kind":"building","h":6,"src":"overture"},"geometry":{"type":"Polygon","coordinates":[[[72.325027,50.758548],[72.324977,50.758563],[72.325011,50.758607],[72.324884,50.758646],[72.324797,50.758531],[72.324973,50.758478],[72.325027,50.758548],[72.325027,50.758548]]]}},{"type":"Feature","properties":{"kind":"building","h":6,"src":"overture"},"geometry":{"type":"Polygon","coordinates":[[[72.325166,50.759221],[72.324834,50.759277],[72.32479,50.759173],[72.325122,50.759117],[72.325166,50.759221],[72.325166,50.759221]]]}},{"type":"Feature","properties":{"kind":"building","h":4,"src":"overture"},"geometry":{"type":"Polygon","coordinates":[[[72.325183,50.759741],[72.325144,50.759745],[72.325136,50.759712],[72.325175,50.759708],[72.325183,50.759741],[72.325183,50.759741]]]}},{"type":"Feature","properties":{"kind":"building","h":6,"src":"overture"},"geometry":{"type":"Polygon","coordinates":[[[72.325468,50.759625],[72.3255,50.759618],[72.325518,50.759655],[72.325215,50.759715],[72.32517,50.759623],[72.325441,50.75957],[72.325468,50.759625],[72.325468,50.759625]]]}},{"type":"Feature","properties":{"kind":"building","h":4,"src":"overture"},"geometry":{"type":"Polygon","coordinates":[[[72.325453,50.760086],[72.325452,50.760061],[72.325514,50.76006],[72.325515,50.760085],[72.325453,50.760086],[72.325453,50.760086]]]}},{"type":"Feature","properties":{"kind":"building","h":4,"src":"overture"},"geometry":{"type":"Polygon","coordinates":[[[72.325586,50.759835],[72.325636,50.759831],[72.325641,50.759856],[72.325591,50.75986],[72.325586,50.759835],[72.325586,50.759835]]]}},{"type":"Feature","properties":{"kind":"building","h":6,"src":"overture"},"geometry":{"type":"Polygon","coordinates":[[[72.325631,50.759523],[72.325796,50.759493],[72.325871,50.759659],[72.325706,50.759689],[72.325631,50.759523],[72.325631,50.759523]]]}},{"type":"Feature","properties":{"kind":"building","h":6,"src":"overture"},"geometry":{"type":"Polygon","coordinates":[[[72.325606,50.759139],[72.325419,50.759164],[72.325377,50.759041],[72.325498,50.759025],[72.32552,50.759091],[72.325587,50.759082],[72.325606,50.759139],[72.325606,50.759139]]]}},{"type":"Feature","properties":{"kind":"building","h":4,"src":"overture"},"geometry":{"type":"Polygon","coordinates":[[[72.325546,50.755473],[72.32548,50.755358],[72.325623,50.755325],[72.325689,50.755441],[72.325546,50.755473],[72.325546,50.755473]]]}},{"type":"Feature","properties":{"kind":"building","h":4,"src":"overture"},"geometry":{"type":"Polygon","coordinates":[[[72.326077,50.755402],[72.326132,50.755482],[72.325972,50.755526],[72.325918,50.755446],[72.326077,50.755402],[72.326077,50.755402]]]}},{"type":"Feature","properties":{"kind":"building","h":6,"src":"overture"},"geometry":{"type":"Polygon","coordinates":[[[72.32597,50.755682],[72.325909,50.755703],[72.325928,50.755724],[72.325849,50.755752],[72.325731,50.755622],[72.325871,50.755572],[72.32597,50.755682],[72.32597,50.755682]]]}},{"type":"Feature","properties":{"kind":"building","h":6,"src":"overture"},"geometry":{"type":"Polygon","coordinates":[[[72.326493,50.75637],[72.326633,50.756321],[72.326731,50.756432],[72.326591,50.756481],[72.326493,50.75637],[72.326493,50.75637]]]}},{"type":"Feature","properties":{"kind":"building","h":4,"src":"overture"},"geometry":{"type":"Polygon","coordinates":[[[72.326925,50.756684],[72.326827,50.756719],[72.326806,50.756694],[72.326903,50.756659],[72.326925,50.756684],[72.326925,50.756684]]]}},{"type":"Feature","properties":{"kind":"building","h":4,"src":"overture"},"geometry":{"type":"Polygon","coordinates":[[[72.326655,50.755091],[72.326625,50.755063],[72.326667,50.755044],[72.326641,50.75502],[72.326723,50.754985],[72.326779,50.755038],[72.326655,50.755091],[72.326655,50.755091]]]}},{"type":"Feature","properties":{"kind":"building","h":4,"src":"overture"},"geometry":{"type":"Polygon","coordinates":[[[72.327147,50.761832],[72.327164,50.761789],[72.327197,50.761794],[72.32718,50.761837],[72.327147,50.761832],[72.327147,50.761832]]]}},{"type":"Feature","properties":{"kind":"building","h":4,"src":"overture"},"geometry":{"type":"Polygon","coordinates":[[[72.327636,50.761724],[72.327637,50.761753],[72.327692,50.761752],[72.327693,50.761782],[72.327403,50.761787],[72.3274,50.761728],[72.327636,50.761724],[72.327636,50.761724]]]}},{"type":"Feature","properties":{"kind":"building","h":4,"src":"overture"},"geometry":{"type":"Polygon","coordinates":[[[72.328663,50.758467],[72.32866,50.75845],[72.328891,50.758434],[72.328894,50.75845],[72.328663,50.758467],[72.328663,50.758467]]]}},{"type":"Feature","properties":{"kind":"building","h":6,"src":"overture"},"geometry":{"type":"Polygon","coordinates":[[[72.312726,50.767458],[72.312713,50.767474],[72.312323,50.76735],[72.312433,50.767212],[72.312751,50.767312],[72.312719,50.767353],[72.312802,50.767379],[72.312809,50.76737],[72.312865,50.767388],[72.312832,50.767429],[72.31289,50.767448],[72.312851,50.767497],[72.312726,50.767458],[72.312726,50.767458]]]}},{"type":"Feature","properties":{"kind":"building","h":4,"src":"overture"},"geometry":{"type":"Polygon","coordinates":[[[72.312646,50.767274],[72.312695,50.767216],[72.312857,50.767269],[72.312809,50.767328],[72.312646,50.767274],[72.312646,50.767274]]]}},{"type":"Feature","properties":{"kind":"building","h":4,"src":"overture"},"geometry":{"type":"Polygon","coordinates":[[[72.313397,50.766996],[72.31337,50.767027],[72.313334,50.767014],[72.313362,50.766983],[72.313397,50.766996],[72.313397,50.766996]]]}},{"type":"Feature","properties":{"kind":"building","h":6,"src":"overture"},"geometry":{"type":"Polygon","coordinates":[[[72.316299,50.758048],[72.316345,50.758037],[72.3164,50.758129],[72.31612,50.758196],[72.316069,50.758111],[72.316236,50.758071],[72.31622,50.758045],[72.316288,50.758028],[72.316299,50.758048],[72.316299,50.758048]]]}},{"type":"Feature","properties":{"kind":"building","h":6,"src":"overture"},"geometry":{"type":"Polygon","coordinates":[[[72.316498,50.758508],[72.316471,50.758513],[72.3165,50.758575],[72.316364,50.7586],[72.316308,50.758478],[72.31647,50.758448],[72.316498,50.758508],[72.316498,50.758508]]]}},{"type":"Feature","properties":{"kind":"building","h":4,"src":"overture"},"geometry":{"type":"Polygon","coordinates":[[[72.314662,50.766183],[72.314642,50.766204],[72.314588,50.766182],[72.314607,50.766162],[72.314662,50.766183],[72.314662,50.766183]]]}},{"type":"Feature","properties":{"kind":"building","h":4,"src":"overture"},"geometry":{"type":"Polygon","coordinates":[[[72.3148,50.766881],[72.314836,50.766851],[72.31488,50.766873],[72.314844,50.766902],[72.3148,50.766881],[72.3148,50.766881]]]}},{"type":"Feature","properties":{"kind":"building","h":4,"src":"overture"},"geometry":{"type":"Polygon","coordinates":[[[72.316011,50.767458],[72.315984,50.767437],[72.316026,50.767415],[72.316053,50.767436],[72.316011,50.767458],[72.316011,50.767458]]]}},{"type":"Feature","properties":{"kind":"building","h":6,"src":"overture"},"geometry":{"type":"Polygon","coordinates":[[[72.319211,50.760062],[72.31906,50.760102],[72.318927,50.759906],[72.319119,50.759854],[72.319157,50.75991],[72.319116,50.759921],[72.319211,50.760062],[72.319211,50.760062]]]}},{"type":"Feature","properties":{"kind":"building","h":4,"src":"overture"},"geometry":{"type":"Polygon","coordinates":[[[72.318875,50.759606],[72.318807,50.759437],[72.318872,50.759426],[72.318941,50.759595],[72.318875,50.759606],[72.318875,50.759606]]]}},{"type":"Feature","properties":{"kind":"building","h":6,"src":"overture"},"geometry":{"type":"Polygon","coordinates":[[[72.319042,50.758994],[72.319174,50.758959],[72.319214,50.759018],[72.319009,50.759073],[72.318996,50.759053],[72.31896,50.759062],[72.318913,50.758993],[72.319022,50.758964],[72.319042,50.758994],[72.319042,50.758994]]]}},{"type":"Feature","properties":{"kind":"building","h":6,"src":"overture"},"geometry":{"type":"Polygon","coordinates":[[[72.318689,50.759059],[72.318754,50.759155],[72.318449,50.759237],[72.318384,50.759142],[72.318689,50.759059],[72.318689,50.759059]]]}},{"type":"Feature","properties":{"kind":"building","h":6,"src":"overture"},"geometry":{"type":"Polygon","coordinates":[[[72.318408,50.759655],[72.318597,50.759608],[72.318653,50.7597],[72.318567,50.759721],[72.318587,50.759753],[72.318484,50.759778],[72.318408,50.759655],[72.318408,50.759655]]]}},{"type":"Feature","properties":{"kind":"building","h":6,"src":"overture"},"geometry":{"type":"Polygon","coordinates":[[[72.316702,50.758385],[72.316849,50.758358],[72.316904,50.758483],[72.316841,50.758495],[72.316862,50.758544],[72.316779,50.758558],[72.316702,50.758385],[72.316702,50.758385]]]}},{"type":"Feature","properties":{"kind":"building","h":6,"src":"overture"},"geometry":{"type":"Polygon","coordinates":[[[72.317156,50.758805],[72.317233,50.758896],[72.316979,50.758983],[72.316901,50.758891],[72.317156,50.758805],[72.317156,50.758805]]]}},{"type":"Feature","properties":{"kind":"building","h":4,"src":"overture"},"geometry":{"type":"Polygon","coordinates":[[[72.317336,50.758369],[72.317319,50.758343],[72.317274,50.758356],[72.317217,50.758271],[72.317335,50.75824],[72.317377,50.758303],[72.317412,50.758294],[72.317443,50.75834],[72.317336,50.758369],[72.317336,50.758369]]]}},{"type":"Feature","properties":{"kind":"building","h":4,"src":"overture"},"geometry":{"type":"Polygon","coordinates":[[[72.317439,50.759149],[72.317383,50.759103],[72.317439,50.759076],[72.317494,50.759122],[72.317439,50.759149],[72.317439,50.759149]]]}},{"type":"Feature","properties":{"kind":"building","h":6,"src":"overture"},"geometry":{"type":"Polygon","coordinates":[[[72.317771,50.759291],[72.317645,50.759356],[72.3175,50.759242],[72.317626,50.759178],[72.317771,50.759291],[72.317771,50.759291]]]}},{"type":"Feature","properties":{"kind":"building","h":4,"src":"overture"},"geometry":{"type":"Polygon","coordinates":[[[72.317469,50.759071],[72.317523,50.759051],[72.317567,50.759098],[72.317513,50.759118],[72.317469,50.759071],[72.317469,50.759071]]]}},{"type":"Feature","properties":{"kind":"building","h":4,"src":"overture"},"geometry":{"type":"Polygon","coordinates":[[[72.317769,50.758243],[72.317626,50.758267],[72.317588,50.758176],[72.317731,50.758153],[72.317769,50.758243],[72.317769,50.758243]]]}},{"type":"Feature","properties":{"kind":"building","h":4,"src":"overture"},"geometry":{"type":"Polygon","coordinates":[[[72.317893,50.757602],[72.317874,50.757547],[72.31796,50.757535],[72.31798,50.75759],[72.317893,50.757602],[72.317893,50.757602]]]}},{"type":"Feature","properties":{"kind":"building","h":6,"src":"overture"},"geometry":{"type":"Polygon","coordinates":[[[72.318165,50.758045],[72.318216,50.758139],[72.318114,50.758161],[72.318097,50.758131],[72.318059,50.75814],[72.318075,50.758169],[72.317948,50.758196],[72.317897,50.758103],[72.318165,50.758045],[72.318165,50.758045]]]}},{"type":"Feature","properties":{"kind":"building","h":6,"src":"overture"},"geometry":{"type":"Polygon","coordinates":[[[72.318239,50.757567],[72.318376,50.757533],[72.318433,50.757626],[72.318174,50.757689],[72.318108,50.757582],[72.31823,50.757553],[72.318239,50.757567],[72.318239,50.757567]]]}},{"type":"Feature","properties":{"kind":"building","h":4,"src":"overture"},"geometry":{"type":"Polygon","coordinates":[[[72.318618,50.756706],[72.318697,50.756693],[72.318718,50.756746],[72.318639,50.756758],[72.318618,50.756706],[72.318618,50.756706]]]}},{"type":"Feature","properties":{"kind":"building","h":4,"src":"overture"},"geometry":{"type":"Polygon","coordinates":[[[72.318848,50.756748],[72.318752,50.756771],[72.318732,50.756738],[72.318829,50.756715],[72.318848,50.756748],[72.318848,50.756748]]]}},{"type":"Feature","properties":{"kind":"building","h":4,"src":"overture"},"geometry":{"type":"Polygon","coordinates":[[[72.318647,50.756974],[72.318679,50.756968],[72.318704,50.757023],[72.318672,50.757029],[72.318647,50.756974],[72.318647,50.756974]]]}},{"type":"Feature","properties":{"kind":"building","h":4,"src":"overture"},"geometry":{"type":"Polygon","coordinates":[[[72.318818,50.758027],[72.318781,50.758033],[72.318756,50.757978],[72.318793,50.757971],[72.318818,50.758027],[72.318818,50.758027]]]}},{"type":"Feature","properties":{"kind":"building","h":6,"src":"overture"},"geometry":{"type":"Polygon","coordinates":[[[72.318813,50.757876],[72.319096,50.757818],[72.319142,50.757908],[72.319035,50.75793],[72.319023,50.757906],[72.318968,50.757917],[72.318991,50.757961],[72.318943,50.757971],[72.318937,50.757958],[72.318863,50.757973],[72.318813,50.757876],[72.318813,50.757876]]]}},{"type":"Feature","properties":{"kind":"building","h":4,"src":"overture"},"geometry":{"type":"Polygon","coordinates":[[[72.319063,50.758],[72.319157,50.757973],[72.319205,50.758041],[72.318984,50.758103],[72.318936,50.758036],[72.319063,50.758],[72.319063,50.758]]]}},{"type":"Feature","properties":{"kind":"building","h":4,"src":"overture"},"geometry":{"type":"Polygon","coordinates":[[[72.318789,50.756909],[72.318812,50.756949],[72.318843,50.756943],[72.318867,50.756987],[72.318775,50.757008],[72.318727,50.756923],[72.318789,50.756909],[72.318789,50.756909]]]}},{"type":"Feature","properties":{"kind":"building","h":4,"src":"overture"},"geometry":{"type":"Polygon","coordinates":[[[72.318874,50.756347],[72.318866,50.756324],[72.318922,50.756316],[72.31893,50.756339],[72.318874,50.756347],[72.318874,50.756347]]]}},{"type":"Feature","properties":{"kind":"building","h":6,"src":"overture"},"geometry":{"type":"Polygon","coordinates":[[[72.31932,50.756068],[72.319293,50.756018],[72.319496,50.755973],[72.319515,50.756008],[72.319589,50.755992],[72.319623,50.756054],[72.319305,50.756124],[72.31928,50.756077],[72.31932,50.756068],[72.31932,50.756068]]]}},{"type":"Feature","properties":{"kind":"building","h":4,"src":"overture"},"geometry":{"type":"Polygon","coordinates":[[[72.320257,50.755655],[72.320195,50.755676],[72.320211,50.755695],[72.320172,50.755708],[72.320132,50.755662],[72.320234,50.755627],[72.320257,50.755655],[72.320257,50.755655]]]}},{"type":"Feature","properties":{"kind":"building","h":4,"src":"overture"},"geometry":{"type":"Polygon","coordinates":[[[72.320009,50.755941],[72.319945,50.755838],[72.320045,50.755813],[72.320071,50.755856],[72.320139,50.755839],[72.320176,50.755899],[72.320009,50.755941],[72.320009,50.755941]]]}},{"type":"Feature","properties":{"kind":"building","h":6,"src":"overture"},"geometry":{"type":"Polygon","coordinates":[[[72.319908,50.756682],[72.319923,50.756679],[72.319944,50.756723],[72.319894,50.756733],[72.319918,50.756784],[72.31987,50.756793],[72.319885,50.756823],[72.319759,50.756847],[72.319676,50.756674],[72.319885,50.756634],[72.319908,50.756682],[72.319908,50.756682]]]}},{"type":"Feature","properties":{"kind":"building","h":6,"src":"overture"},"geometry":{"type":"Polygon","coordinates":[[[72.320183,50.757186],[72.319996,50.757222],[72.319914,50.757049],[72.320101,50.757013],[72.320183,50.757186],[72.320183,50.757186]]]}},{"type":"Feature","properties":{"kind":"building","h":4,"src":"overture"},"geometry":{"type":"Polygon","coordinates":[[[72.320285,50.756823],[72.320226,50.756829],[72.320214,50.756786],[72.320273,50.75678],[72.320285,50.756823],[72.320285,50.756823]]]}},{"type":"Feature","properties":{"kind":"building","h":6,"src":"overture"},"geometry":{"type":"Polygon","coordinates":[[[72.32029,50.757483],[72.320338,50.757475],[72.320361,50.757531],[72.320209,50.757557],[72.320167,50.757458],[72.320193,50.757453],[72.320177,50.757415],[72.320327,50.757389],[72.320346,50.757434],[72.320274,50.757446],[72.32029,50.757483],[72.32029,50.757483]]]}},{"type":"Feature","properties":{"kind":"building","h":4,"src":"overture"},"geometry":{"type":"Polygon","coordinates":[[[72.319453,50.758064],[72.319591,50.758027],[72.319643,50.758106],[72.319505,50.758142],[72.319453,50.758064],[72.319453,50.758064]]]}},{"type":"Feature","properties":{"kind":"building","h":4,"src":"overture"},"geometry":{"type":"Polygon","coordinates":[[[72.319494,50.758203],[72.319541,50.758195],[72.319553,50.758222],[72.319506,50.75823],[72.319494,50.758203],[72.319494,50.758203]]]}},{"type":"Feature","properties":{"kind":"building","h":4,"src":"overture"},"geometry":{"type":"Polygon","coordinates":[[[72.319177,50.757292],[72.319148,50.757233],[72.319192,50.757224],[72.319221,50.757283],[72.319177,50.757292],[72.319177,50.757292]]]}},{"type":"Feature","properties":{"kind":"building","h":4,"src":"overture"},"geometry":{"type":"Polygon","coordinates":[[[72.31905,50.757411],[72.319079,50.757405],[72.319063,50.757378],[72.319144,50.757359],[72.319157,50.757382],[72.319199,50.757372],[72.319236,50.757437],[72.319084,50.757471],[72.31905,50.757411],[72.31905,50.757411]]]}},{"type":"Feature","properties":{"kind":"building","h":4,"src":"overture"},"geometry":{"type":"Polygon","coordinates":[[[72.319242,50.758254],[72.319219,50.758206],[72.31927,50.758196],[72.319293,50.758244],[72.319242,50.758254],[72.319242,50.758254]]]}},{"type":"Feature","properties":{"kind":"building","h":4,"src":"overture"},"geometry":{"type":"Polygon","coordinates":[[[72.319243,50.758857],[72.319228,50.758822],[72.319265,50.758815],[72.31928,50.75885],[72.319243,50.758857],[72.319243,50.758857]]]}},{"type":"Feature","properties":{"kind":"building","h":4,"src":"overture"},"geometry":{"type":"Polygon","coordinates":[[[72.319564,50.758253],[72.319725,50.758224],[72.319768,50.758319],[72.319577,50.758353],[72.319553,50.7583],[72.319583,50.758295],[72.319564,50.758253],[72.319564,50.758253]]]}},{"type":"Feature","properties":{"kind":"building","h":4,"src":"overture"},"geometry":{"type":"Polygon","coordinates":[[[72.31976,50.758582],[72.319798,50.758573],[72.319815,50.758603],[72.319777,50.758612],[72.31976,50.758582],[72.31976,50.758582]]]}},{"type":"Feature","properties":{"kind":"building","h":6,"src":"overture"},"geometry":{"type":"Polygon","coordinates":[[[72.319388,50.759391],[72.319096,50.759469],[72.31905,50.759401],[72.319082,50.759393],[72.319063,50.759365],[72.319324,50.759295],[72.319388,50.759391],[72.319388,50.759391]]]}},{"type":"Feature","properties":{"kind":"building","h":4,"src":"overture"},"geometry":{"type":"Polygon","coordinates":[[[72.319193,50.759754],[72.319106,50.759774],[72.319093,50.759752],[72.319133,50.759743],[72.319083,50.759656],[72.319131,50.759645],[72.319193,50.759754],[72.319193,50.759754]]]}},{"type":"Feature","properties":{"kind":"building","h":4,"src":"overture"},"geometry":{"type":"Polygon","coordinates":[[[72.319294,50.75993],[72.319247,50.759939],[72.319233,50.75991],[72.31928,50.759901],[72.319294,50.75993],[72.319294,50.75993]]]}},{"type":"Feature","properties":{"kind":"building","h":6,"src":"overture"},"geometry":{"type":"Polygon","coordinates":[[[72.319772,50.760295],[72.319726,50.760305],[72.319738,50.760326],[72.319585,50.760362],[72.319482,50.760185],[72.319634,50.760149],[72.319671,50.760213],[72.319626,50.760223],[72.319655,50.760272],[72.319747,50.760251],[72.319772,50.760295],[72.319772,50.760295]]]}},{"type":"Feature","properties":{"kind":"building","h":6,"src":"overture"},"geometry":{"type":"Polygon","coordinates":[[[72.320147,50.760946],[72.320194,50.760936],[72.320241,50.761023],[72.320056,50.761063],[72.319932,50.760834],[72.320109,50.760796],[72.320134,50.760844],[72.320096,50.760852],[72.320147,50.760946],[72.320147,50.760946]]]}},{"type":"Feature","properties":{"kind":"building","h":4,"src":"overture"},"geometry":{"type":"Polygon","coordinates":[[[72.319912,50.761302],[72.319958,50.761296],[72.319968,50.761327],[72.319923,50.761333],[72.319912,50.761302],[72.319912,50.761302]]]}},{"type":"Feature","properties":{"kind":"building","h":4,"src":"overture"},"geometry":{"type":"Polygon","coordinates":[[[72.320292,50.761781],[72.32023,50.761789],[72.320217,50.761743],[72.320279,50.761736],[72.320292,50.761781],[72.320292,50.761781]]]}},{"type":"Feature","properties":{"kind":"building","h":4,"src":"overture"},"geometry":{"type":"Polygon","coordinates":[[[72.320338,50.76201],[72.320426,50.761989],[72.320446,50.762022],[72.320358,50.762042],[72.320338,50.76201],[72.320338,50.76201]]]}},{"type":"Feature","properties":{"kind":"building","h":6,"src":"overture"},"geometry":{"type":"Polygon","coordinates":[[[72.32047,50.761339],[72.32027,50.761377],[72.320165,50.761153],[72.320332,50.761122],[72.320351,50.761162],[72.320309,50.761169],[72.320347,50.76125],[72.320367,50.761246],[72.320397,50.76131],[72.320451,50.7613],[72.32047,50.761339],[72.32047,50.761339]]]}},{"type":"Feature","properties":{"kind":"building","h":4,"src":"overture"},"geometry":{"type":"Polygon","coordinates":[[[72.32026,50.759392],[72.32041,50.759358],[72.32046,50.759446],[72.320408,50.759458],[72.320424,50.759486],[72.320326,50.759509],[72.32026,50.759392],[72.32026,50.759392]]]}},{"type":"Feature","properties":{"kind":"building","h":4,"src":"overture"},"geometry":{"type":"Polygon","coordinates":[[[72.320127,50.759545],[72.320076,50.759451],[72.320175,50.75943],[72.320226,50.759524],[72.320127,50.759545],[72.320127,50.759545]]]}},{"type":"Feature","properties":{"kind":"building","h":4,"src":"overture"},"geometry":{"type":"Polygon","coordinates":[[[72.319738,50.759382],[72.319827,50.759356],[72.31985,50.759387],[72.319761,50.759413],[72.319738,50.759382],[72.319738,50.759382]]]}},{"type":"Feature","properties":{"kind":"building","h":4,"src":"overture"},"geometry":{"type":"Polygon","coordinates":[[[72.319843,50.759359],[72.319939,50.759332],[72.319958,50.759358],[72.319861,50.759385],[72.319843,50.759359],[72.319843,50.759359]]]}},{"type":"Feature","properties":{"kind":"building","h":4,"src":"overture"},"geometry":{"type":"Polygon","coordinates":[[[72.319986,50.759309],[72.320116,50.759283],[72.32013,50.759313],[72.32,50.759338],[72.319986,50.759309],[72.319986,50.759309]]]}},{"type":"Feature","properties":{"kind":"building","h":6,"src":"overture"},"geometry":{"type":"Polygon","coordinates":[[[72.319981,50.759268],[72.319938,50.759195],[72.320072,50.759164],[72.32004,50.759108],[72.320214,50.759067],[72.32029,50.759196],[72.319981,50.759268],[72.319981,50.759268]]]}},{"type":"Feature","properties":{"kind":"building","h":6,"src":"overture"},"geometry":{"type":"Polygon","coordinates":[[[72.319812,50.758696],[72.31995,50.758666],[72.320028,50.758809],[72.31989,50.758839],[72.319812,50.758696],[72.319812,50.758696]]]}},{"type":"Feature","properties":{"kind":"building","h":6,"src":"overture"},"geometry":{"type":"Polygon","coordinates":[[[72.320957,50.758738],[72.320883,50.758567],[72.321025,50.758542],[72.321051,50.758602],[72.321014,50.758608],[72.32103,50.758646],[72.321107,50.758633],[72.321139,50.758706],[72.320957,50.758738],[72.320957,50.758738]]]}},{"type":"Feature","properties":{"kind":"building","h":6,"src":"overture"},"geometry":{"type":"Polygon","coordinates":[[[72.320609,50.760029],[72.320787,50.759988],[72.320849,50.760095],[72.320671,50.760136],[72.320609,50.760029],[72.320609,50.760029]]]}},{"type":"Feature","properties":{"kind":"building","h":6,"src":"overture"},"geometry":{"type":"Polygon","coordinates":[[[72.320435,50.759657],[72.320589,50.759633],[72.320672,50.759846],[72.320517,50.75987],[72.320435,50.759657],[72.320435,50.759657]]]}},{"type":"Feature","properties":{"kind":"building","h":4,"src":"overture"},"geometry":{"type":"Polygon","coordinates":[[[72.320791,50.761158],[72.320673,50.761178],[72.320661,50.761148],[72.320779,50.761128],[72.320791,50.761158],[72.320791,50.761158]]]}},{"type":"Feature","properties":{"kind":"building","h":6,"src":"overture"},"geometry":{"type":"Polygon","coordinates":[[[72.320683,50.761648],[72.320494,50.761695],[72.320362,50.761481],[72.320538,50.761437],[72.320566,50.761482],[72.320523,50.761493],[72.320605,50.761625],[72.32066,50.761611],[72.320683,50.761648],[72.320683,50.761648]]]}},{"type":"Feature","properties":{"kind":"building","h":4,"src":"overture"},"geometry":{"type":"Polygon","coordinates":[[[72.32053,50.762164],[72.32046,50.762181],[72.320441,50.762151],[72.32051,50.762133],[72.32053,50.762164],[72.32053,50.762164]]]}},{"type":"Feature","properties":{"kind":"building","h":6,"src":"overture"},"geometry":{"type":"Polygon","coordinates":[[[72.320823,50.762017],[72.32074,50.762038],[72.320582,50.761788],[72.320716,50.761754],[72.320864,50.761988],[72.320813,50.762001],[72.320823,50.762017],[72.320823,50.762017]]]}},{"type":"Feature","properties":{"kind":"building","h":4,"src":"overture"},"geometry":{"type":"Polygon","coordinates":[[[72.320866,50.762166],[72.32082,50.762184],[72.320774,50.762137],[72.32082,50.762119],[72.320866,50.762166],[72.320866,50.762166]]]}},{"type":"Feature","properties":{"kind":"building","h":4,"src":"overture"},"geometry":{"type":"Polygon","coordinates":[[[72.320984,50.76146],[72.320971,50.761432],[72.321043,50.761418],[72.321057,50.761446],[72.320984,50.76146],[72.320984,50.76146]]]}},{"type":"Feature","properties":{"kind":"building","h":4,"src":"overture"},"geometry":{"type":"Polygon","coordinates":[[[72.321052,50.760856],[72.321108,50.760855],[72.32111,50.76088],[72.321053,50.760881],[72.321052,50.760856],[72.321052,50.760856]]]}},{"type":"Feature","properties":{"kind":"building","h":4,"src":"overture"},"geometry":{"type":"Polygon","coordinates":[[[72.320948,50.760753],[72.320989,50.760747],[72.321,50.760778],[72.320959,50.760784],[72.320948,50.760753],[72.320948,50.760753]]]}},{"type":"Feature","properties":{"kind":"building","h":4,"src":"overture"},"geometry":{"type":"Polygon","coordinates":[[[72.320918,50.760483],[72.321077,50.760452],[72.32112,50.76054],[72.32096,50.760571],[72.320918,50.760483],[72.320918,50.760483]]]}},{"type":"Feature","properties":{"kind":"building","h":6,"src":"overture"},"geometry":{"type":"Polygon","coordinates":[[[72.321308,50.761085],[72.32121,50.760893],[72.321365,50.760861],[72.321463,50.761053],[72.321308,50.761085],[72.321308,50.761085]]]}},{"type":"Feature","properties":{"kind":"building","h":4,"src":"overture"},"geometry":{"type":"Polygon","coordinates":[[[72.321525,50.761423],[72.321485,50.761445],[72.321435,50.761409],[72.321474,50.761387],[72.321525,50.761423],[72.321525,50.761423]]]}},{"type":"Feature","properties":{"kind":"building","h":4,"src":"overture"},"geometry":{"type":"Polygon","coordinates":[[[72.321619,50.761267],[72.321457,50.761303],[72.321403,50.761206],[72.321565,50.76117],[72.321619,50.761267],[72.321619,50.761267]]]}},{"type":"Feature","properties":{"kind":"building","h":4,"src":"overture"},"geometry":{"type":"Polygon","coordinates":[[[72.321518,50.761373],[72.321637,50.761338],[72.321686,50.761406],[72.321566,50.76144],[72.321518,50.761373],[72.321518,50.761373]]]}},{"type":"Feature","properties":{"kind":"building","h":4,"src":"overture"},"geometry":{"type":"Polygon","coordinates":[[[72.321579,50.761675],[72.321571,50.761647],[72.321655,50.761637],[72.321663,50.761665],[72.321579,50.761675],[72.321579,50.761675]]]}},{"type":"Feature","properties":{"kind":"building","h":4,"src":"overture"},"geometry":{"type":"Polygon","coordinates":[[[72.32164,50.761788],[72.321904,50.761738],[72.321933,50.761798],[72.321669,50.761848],[72.32164,50.761788],[72.32164,50.761788]]]}},{"type":"Feature","properties":{"kind":"building","h":6,"src":"overture"},"geometry":{"type":"Polygon","coordinates":[[[72.321857,50.761697],[72.321791,50.761705],[72.321803,50.761741],[72.321705,50.761753],[72.321652,50.761585],[72.321816,50.761564],[72.321857,50.761697],[72.321857,50.761697]]]}},{"type":"Feature","properties":{"kind":"building","h":6,"src":"overture"},"geometry":{"type":"Polygon","coordinates":[[[72.321722,50.75964],[72.321759,50.759709],[72.321752,50.75971],[72.321818,50.759836],[72.321765,50.759848],[72.32175,50.759819],[72.321646,50.759841],[72.321558,50.759675],[72.321722,50.75964],[72.321722,50.75964]]]}},{"type":"Feature","properties":{"kind":"building","h":6,"src":"overture"},"geometry":{"type":"Polygon","coordinates":[[[72.321482,50.75949],[72.321434,50.759388],[72.321558,50.759365],[72.321591,50.759436],[72.321546,50.759444],[72.321558,50.759471],[72.321617,50.75946],[72.321672,50.75958],[72.321594,50.759595],[72.321575,50.759554],[72.321481,50.759571],[72.321447,50.759496],[72.321482,50.75949],[72.321482,50.75949]]]}},{"type":"Feature","properties":{"kind":"building","h":6,"src":"overture"},"geometry":{"type":"Polygon","coordinates":[[[72.321149,50.759004],[72.321126,50.759008],[72.321081,50.758898],[72.321203,50.758878],[72.321288,50.759087],[72.32133,50.75908],[72.321346,50.759121],[72.321329,50.759124],[72.321342,50.759158],[72.321243,50.759174],[72.321206,50.759084],[72.321183,50.759088],[72.321149,50.759004],[72.321149,50.759004]]]}},{"type":"Feature","properties":{"kind":"building","h":4,"src":"overture"},"geometry":{"type":"Polygon","coordinates":[[[72.321316,50.75857],[72.321303,50.758544],[72.321373,50.75853],[72.321386,50.758556],[72.321316,50.75857],[72.321316,50.75857]]]}},{"type":"Feature","properties":{"kind":"building","h":6,"src":"overture"},"geometry":{"type":"Polygon","coordinates":[[[72.32177,50.75678],[72.321651,50.75658],[72.321795,50.756546],[72.321913,50.756746],[72.32177,50.75678],[72.32177,50.75678]]]}},{"type":"Feature","properties":{"kind":"building","h":4,"src":"overture"},"geometry":{"type":"Polygon","coordinates":[[[72.321493,50.756505],[72.321472,50.756475],[72.321545,50.756455],[72.321566,50.756485],[72.321493,50.756505],[72.321493,50.756505]]]}},{"type":"Feature","properties":{"kind":"building","h":6,"src":"overture"},"geometry":{"type":"Polygon","coordinates":[[[72.321657,50.756385],[72.321513,50.756415],[72.321408,50.756218],[72.321553,50.756188],[72.321657,50.756385],[72.321657,50.756385]]]}},{"type":"Feature","properties":{"kind":"building","h":6,"src":"overture"},"geometry":{"type":"Polygon","coordinates":[[[72.321507,50.757104],[72.321557,50.757092],[72.321524,50.75704],[72.321596,50.757022],[72.321696,50.757183],[72.321576,50.757214],[72.321507,50.757104],[72.321507,50.757104]]]}},{"type":"Feature","properties":{"kind":"building","h":4,"src":"overture"},"geometry":{"type":"Polygon","coordinates":[[[72.321423,50.757069],[72.321503,50.757052],[72.321533,50.757111],[72.321453,50.757127],[72.321423,50.757069],[72.321423,50.757069]]]}},{"type":"Feature","properties":{"kind":"building","h":6,"src":"overture"},"geometry":{"type":"Polygon","coordinates":[[[72.321196,50.756731],[72.321369,50.75669],[72.321465,50.756853],[72.321288,50.756895],[72.321262,50.756851],[72.32132,50.756837],[72.321292,50.756789],[72.321238,50.756801],[72.321196,50.756731],[72.321196,50.756731]]]}},{"type":"Feature","properties":{"kind":"building","h":4,"src":"overture"},"geometry":{"type":"Polygon","coordinates":[[[72.321205,50.756568],[72.321118,50.756584],[72.321106,50.756557],[72.321173,50.756545],[72.321155,50.756506],[72.321175,50.756502],[72.321205,50.756568],[72.321205,50.756568]]]}},{"type":"Feature","properties":{"kind":"building","h":4,"src":"overture"},"geometry":{"type":"Polygon","coordinates":[[[72.320896,50.758169],[72.320967,50.758161],[72.320984,50.758224],[72.320913,50.758232],[72.320896,50.758169],[72.320896,50.758169]]]}},{"type":"Feature","properties":{"kind":"building","h":4,"src":"overture"},"geometry":{"type":"Polygon","coordinates":[[[72.320822,50.758129],[72.320787,50.758075],[72.320884,50.75805],[72.320948,50.75815],[72.320897,50.758163],[72.320867,50.758117],[72.320822,50.758129],[72.320822,50.758129]]]}},{"type":"Feature","properties":{"kind":"building","h":6,"src":"overture"},"geometry":{"type":"Polygon","coordinates":[[[72.320755,50.758128],[72.320718,50.758137],[72.320777,50.758235],[72.320686,50.758257],[72.320584,50.75809],[72.320675,50.758068],[72.320694,50.758098],[72.320731,50.758089],[72.320755,50.758128],[72.320755,50.758128]]]}},{"type":"Feature","properties":{"kind":"building","h":4,"src":"overture"},"geometry":{"type":"Polygon","coordinates":[[[72.320926,50.756604],[72.320921,50.75657],[72.320987,50.756566],[72.320993,50.756599],[72.320926,50.756604],[72.320926,50.756604]]]}},{"type":"Feature","properties":{"kind":"building","h":4,"src":"overture"},"geometry":{"type":"Polygon","coordinates":[[[72.321062,50.756716],[72.320995,50.756737],[72.320971,50.756705],[72.321038,50.756684],[72.321062,50.756716],[72.321062,50.756716]]]}},{"type":"Feature","properties":{"kind":"building","h":6,"src":"overture"},"geometry":{"type":"Polygon","coordinates":[[[72.321051,50.756403],[72.32098,50.756417],[72.320946,50.756349],[72.321127,50.756313],[72.321208,50.756477],[72.321047,50.756509],[72.321021,50.756456],[72.321072,50.756446],[72.321051,50.756403],[72.321051,50.756403]]]}},{"type":"Feature","properties":{"kind":"building","h":6,"src":"overture"},"geometry":{"type":"Polygon","coordinates":[[[72.320353,50.75573],[72.320662,50.755656],[72.320722,50.755756],[72.320413,50.75583],[72.320353,50.75573],[72.320353,50.75573]]]}},{"type":"Feature","properties":{"kind":"building","h":6,"src":"overture"},"geometry":{"type":"Polygon","coordinates":[[[72.321027,50.755659],[72.320976,50.755558],[72.321203,50.755512],[72.321221,50.755547],[72.321301,50.755531],[72.321334,50.755598],[72.321027,50.755659],[72.321027,50.755659]]]}},{"type":"Feature","properties":{"kind":"building","h":6,"src":"overture"},"geometry":{"type":"Polygon","coordinates":[[[72.321554,50.755518],[72.321536,50.755483],[72.321485,50.755493],[72.321451,50.755429],[72.321761,50.755364],[72.321781,50.755403],[72.321845,50.75539],[72.321877,50.755451],[72.321554,50.755518],[72.321554,50.755518]]]}},{"type":"Feature","properties":{"kind":"building","h":6,"src":"overture"},"geometry":{"type":"Polygon","coordinates":[[[72.322541,50.756136],[72.3224,50.756179],[72.322254,50.755988],[72.322395,50.755945],[72.322541,50.756136],[72.322541,50.756136]]]}},{"type":"Feature","properties":{"kind":"building","h":4,"src":"overture"},"geometry":{"type":"Polygon","coordinates":[[[72.322145,50.757079],[72.322007,50.757112],[72.321946,50.757009],[72.322085,50.756976],[72.322145,50.757079],[72.322145,50.757079]]]}},{"type":"Feature","properties":{"kind":"building","h":6,"src":"overture"},"geometry":{"type":"Polygon","coordinates":[[[72.321685,50.757414],[72.321724,50.757404],[72.321712,50.757385],[72.321813,50.757359],[72.321914,50.757516],[72.321776,50.757552],[72.321732,50.757483],[72.321764,50.757475],[72.321744,50.757445],[72.32171,50.757454],[72.321685,50.757414],[72.321685,50.757414]]]}},{"type":"Feature","properties":{"kind":"building","h":6,"src":"overture"},"geometry":{"type":"Polygon","coordinates":[[[72.321872,50.757745],[72.322065,50.757707],[72.322148,50.757875],[72.32197,50.75791],[72.321938,50.757846],[72.322006,50.757832],[72.321991,50.757801],[72.321908,50.757818],[72.321872,50.757745],[72.321872,50.757745]]]}},{"type":"Feature","properties":{"kind":"building","h":6,"src":"overture"},"geometry":{"type":"Polygon","coordinates":[[[72.32222,50.757351],[72.322199,50.757304],[72.32214,50.757314],[72.322114,50.757258],[72.322275,50.757229],[72.322365,50.757428],[72.322237,50.757451],[72.322194,50.757356],[72.32222,50.757351],[72.32222,50.757351]]]}},{"type":"Feature","properties":{"kind":"building","h":6,"src":"overture"},"geometry":{"type":"Polygon","coordinates":[[[72.322168,50.758002],[72.322243,50.757985],[72.322332,50.758149],[72.322194,50.758179],[72.322165,50.758126],[72.322199,50.758119],[72.322183,50.75809],[72.322123,50.758103],[72.322081,50.758026],[72.322134,50.758014],[72.32215,50.758043],[72.322186,50.758035],[72.322168,50.758002],[72.322168,50.758002]]]}},{"type":"Feature","properties":{"kind":"building","h":4,"src":"overture"},"geometry":{"type":"Polygon","coordinates":[[[72.32243,50.756934],[72.322384,50.756944],[72.322368,50.756914],[72.322413,50.756904],[72.32243,50.756934],[72.32243,50.756934]]]}},{"type":"Feature","properties":{"kind":"building","h":4,"src":"overture"},"geometry":{"type":"Polygon","coordinates":[[[72.322151,50.756878],[72.322194,50.756866],[72.322216,50.7569],[72.322173,50.756911],[72.322151,50.756878],[72.322151,50.756878]]]}},{"type":"Feature","properties":{"kind":"building","h":6,"src":"overture"},"geometry":{"type":"Polygon","coordinates":[[[72.32257,50.756332],[72.322705,50.756285],[72.322865,50.75647],[72.32273,50.756517],[72.32257,50.756332],[72.32257,50.756332]]]}},{"type":"Feature","properties":{"kind":"building","h":4,"src":"overture"},"geometry":{"type":"Polygon","coordinates":[[[72.322547,50.75673],[72.322585,50.756715],[72.32262,50.756751],[72.322582,50.756765],[72.322547,50.75673],[72.322547,50.75673]]]}},{"type":"Feature","properties":{"kind":"building","h":6,"src":"overture"},"geometry":{"type":"Polygon","coordinates":[[[72.322515,50.757751],[72.322431,50.757767],[72.32237,50.757635],[72.322414,50.757627],[72.322398,50.757592],[72.322516,50.75757],[72.322605,50.75776],[72.322526,50.757775],[72.322515,50.757751],[72.322515,50.757751]]]}},{"type":"Feature","properties":{"kind":"building","h":6,"src":"overture"},"geometry":{"type":"Polygon","coordinates":[[[72.322662,50.758009],[72.322607,50.758022],[72.322554,50.757931],[72.322739,50.757888],[72.32279,50.757976],[72.322741,50.757988],[72.322757,50.758015],[72.322677,50.758033],[72.322662,50.758009],[72.322662,50.758009]]]}},{"type":"Feature","properties":{"kind":"building","h":4,"src":"overture"},"geometry":{"type":"Polygon","coordinates":[[[72.322999,50.756448],[72.323036,50.756439],[72.32306,50.756479],[72.323023,50.756488],[72.322999,50.756448],[72.322999,50.756448]]]}},{"type":"Feature","properties":{"kind":"building","h":6,"src":"overture"},"geometry":{"type":"Polygon","coordinates":[[[72.323012,50.756832],[72.322881,50.756638],[72.323032,50.756597],[72.323163,50.756792],[72.323012,50.756832],[72.323012,50.756832]]]}},{"type":"Feature","properties":{"kind":"building","h":4,"src":"overture"},"geometry":{"type":"Polygon","coordinates":[[[72.324154,50.758109],[72.324196,50.758092],[72.324232,50.758129],[72.32419,50.758145],[72.324154,50.758109],[72.324154,50.758109]]]}},{"type":"Feature","properties":{"kind":"building","h":6,"src":"overture"},"geometry":{"type":"Polygon","coordinates":[[[72.323979,50.757835],[72.324143,50.757788],[72.324266,50.757957],[72.324102,50.758005],[72.323979,50.757835],[72.323979,50.757835]]]}},{"type":"Feature","properties":{"kind":"building","h":6,"src":"overture"},"geometry":{"type":"Polygon","coordinates":[[[72.32373,50.757571],[72.32388,50.757519],[72.324012,50.757669],[72.32396,50.757687],[72.323985,50.757716],[72.323887,50.75775],[72.32373,50.757571],[72.32373,50.757571]]]}},{"type":"Feature","properties":{"kind":"building","h":4,"src":"overture"},"geometry":{"type":"Polygon","coordinates":[[[72.323596,50.758011],[72.323666,50.758],[72.323688,50.758055],[72.323618,50.758066],[72.323596,50.758011],[72.323596,50.758011]]]}},{"type":"Feature","properties":{"kind":"building","h":4,"src":"overture"},"geometry":{"type":"Polygon","coordinates":[[[72.323629,50.757974],[72.323571,50.757992],[72.323554,50.75797],[72.323612,50.757952],[72.323629,50.757974],[72.323629,50.757974]]]}},{"type":"Feature","properties":{"kind":"building","h":6,"src":"overture"},"geometry":{"type":"Polygon","coordinates":[[[72.32348,50.757319],[72.323649,50.757268],[72.323768,50.757427],[72.3236,50.757478],[72.32348,50.757319],[72.32348,50.757319]]]}},{"type":"Feature","properties":{"kind":"building","h":6,"src":"overture"},"geometry":{"type":"Polygon","coordinates":[[[72.323467,50.75711],[72.323326,50.757155],[72.323179,50.756972],[72.323319,50.756926],[72.323467,50.75711],[72.323467,50.75711]]]}},{"type":"Feature","properties":{"kind":"building","h":4,"src":"overture"},"geometry":{"type":"Polygon","coordinates":[[[72.3232,50.756968],[72.323162,50.756938],[72.32322,50.756909],[72.323258,50.75694],[72.3232,50.756968],[72.3232,50.756968]]]}},{"type":"Feature","properties":{"kind":"building","h":4,"src":"overture"},"geometry":{"type":"Polygon","coordinates":[[[72.323452,50.759047],[72.323375,50.759068],[72.323351,50.759033],[72.323427,50.759012],[72.323452,50.759047],[72.323452,50.759047]]]}},{"type":"Feature","properties":{"kind":"building","h":6,"src":"overture"},"geometry":{"type":"Polygon","coordinates":[[[72.323418,50.758872],[72.323205,50.758912],[72.323129,50.75875],[72.323272,50.758723],[72.323304,50.75879],[72.323318,50.758787],[72.323348,50.758851],[72.323403,50.75884],[72.323418,50.758872],[72.323418,50.758872]]]}},{"type":"Feature","properties":{"kind":"building","h":4,"src":"overture"},"geometry":{"type":"Polygon","coordinates":[[[72.32357,50.759334],[72.323608,50.759326],[72.323625,50.759357],[72.323541,50.759375],[72.323512,50.759321],[72.323558,50.759311],[72.32357,50.759334],[72.32357,50.759334]]]}},{"type":"Feature","properties":{"kind":"building","h":4,"src":"overture"},"geometry":{"type":"Polygon","coordinates":[[[72.323552,50.759403],[72.323583,50.759396],[72.323618,50.75946],[72.323587,50.759467],[72.323552,50.759403],[72.323552,50.759403]]]}},{"type":"Feature","properties":{"kind":"building","h":6,"src":"overture"},"geometry":{"type":"Polygon","coordinates":[[[72.323792,50.759329],[72.323863,50.759316],[72.323923,50.75944],[72.32364,50.759494],[72.323591,50.759392],[72.323802,50.759351],[72.323792,50.759329],[72.323792,50.759329]]]}},{"type":"Feature","properties":{"kind":"building","h":4,"src":"overture"},"geometry":{"type":"Polygon","coordinates":[[[72.323583,50.759147],[72.323445,50.759189],[72.323401,50.75913],[72.323539,50.759088],[72.323583,50.759147],[72.323583,50.759147]]]}},{"type":"Feature","properties":{"kind":"building","h":4,"src":"overture"},"geometry":{"type":"Polygon","coordinates":[[[72.323551,50.758436],[72.32359,50.758428],[72.323605,50.758459],[72.323566,50.758466],[72.323551,50.758436],[72.323551,50.758436]]]}},{"type":"Feature","properties":{"kind":"building","h":4,"src":"overture"},"geometry":{"type":"Polygon","coordinates":[[[72.323814,50.759054],[72.323797,50.759019],[72.32388,50.759003],[72.323897,50.759038],[72.323814,50.759054],[72.323814,50.759054]]]}},{"type":"Feature","properties":{"kind":"building","h":6,"src":"overture"},"geometry":{"type":"Polygon","coordinates":[[[72.324083,50.75936],[72.32406,50.759298],[72.324369,50.759253],[72.324408,50.759358],[72.324151,50.759395],[72.324135,50.759353],[72.324083,50.75936],[72.324083,50.75936]]]}},{"type":"Feature","properties":{"kind":"building","h":4,"src":"overture"},"geometry":{"type":"Polygon","coordinates":[[[72.32444,50.759963],[72.324396,50.759968],[72.324386,50.759934],[72.32443,50.759929],[72.32444,50.759963],[72.32444,50.759963]]]}},{"type":"Feature","properties":{"kind":"building","h":6,"src":"overture"},"geometry":{"type":"Polygon","coordinates":[[[72.323965,50.76103],[72.323858,50.761055],[72.323744,50.760853],[72.323851,50.760828],[72.323965,50.76103],[72.323965,50.76103]]]}},{"type":"Feature","properties":{"kind":"building","h":6,"src":"overture"},"geometry":{"type":"Polygon","coordinates":[[[72.324089,50.760534],[72.324005,50.760324],[72.324149,50.760301],[72.324175,50.760366],[72.324138,50.760372],[72.324167,50.760444],[72.324223,50.760435],[72.324236,50.760468],[72.324194,50.760475],[72.32421,50.760515],[72.324089,50.760534],[72.324089,50.760534]]]}},{"type":"Feature","properties":{"kind":"building","h":6,"src":"overture"},"geometry":{"type":"Polygon","coordinates":[[[72.324423,50.761863],[72.324328,50.761885],[72.324213,50.761684],[72.324308,50.761662],[72.324423,50.761863],[72.324423,50.761863]]]}},{"type":"Feature","properties":{"kind":"building","h":6,"src":"overture"},"geometry":{"type":"Polygon","coordinates":[[[72.324195,50.761449],[72.324094,50.761471],[72.323982,50.761267],[72.324083,50.761245],[72.324195,50.761449],[72.324195,50.761449]]]}},{"type":"Feature","properties":{"kind":"building","h":4,"src":"overture"},"geometry":{"type":"Polygon","coordinates":[[[72.323785,50.761931],[72.323744,50.761938],[72.323728,50.761902],[72.323769,50.761895],[72.323785,50.761931],[72.323785,50.761931]]]}},{"type":"Feature","properties":{"kind":"building","h":6,"src":"overture"},"geometry":{"type":"Polygon","coordinates":[[[72.323524,50.760434],[72.323647,50.760413],[72.323733,50.760619],[72.32361,50.760639],[72.323524,50.760434],[72.323524,50.760434]]]}},{"type":"Feature","properties":{"kind":"building","h":6,"src":"overture"},"geometry":{"type":"Polygon","coordinates":[[[72.322892,50.761338],[72.32272,50.76138],[72.322585,50.76116],[72.322757,50.761118],[72.322892,50.761338],[72.322892,50.761338]]]}},{"type":"Feature","properties":{"kind":"building","h":4,"src":"overture"},"geometry":{"type":"Polygon","coordinates":[[[72.32244,50.760352],[72.32238,50.760246],[72.322511,50.760217],[72.32257,50.760322],[72.32244,50.760352],[72.32244,50.760352]]]}},{"type":"Feature","properties":{"kind":"building","h":4,"src":"overture"},"geometry":{"type":"Polygon","coordinates":[[[72.323039,50.76071],[72.322968,50.760716],[72.322962,50.760689],[72.323034,50.760684],[72.323039,50.76071],[72.323039,50.76071]]]}},{"type":"Feature","properties":{"kind":"building","h":6,"src":"overture"},"geometry":{"type":"Polygon","coordinates":[[[72.323101,50.758557],[72.323161,50.758542],[72.323195,50.758595],[72.323031,50.758636],[72.322929,50.758476],[72.323026,50.758451],[72.323039,50.758471],[72.323104,50.758454],[72.32313,50.758495],[72.323071,50.75851],[72.323101,50.758557],[72.323101,50.758557]]]}},{"type":"Feature","properties":{"kind":"building","h":6,"src":"overture"},"geometry":{"type":"Polygon","coordinates":[[[72.322909,50.758336],[72.322892,50.758308],[72.322815,50.758326],[72.322736,50.758192],[72.322828,50.75817],[72.322813,50.758144],[72.322877,50.75813],[72.322969,50.758287],[72.322998,50.75828],[72.323016,50.758311],[72.322909,50.758336],[72.322909,50.758336]]]}},{"type":"Feature","properties":{"kind":"building","h":6,"src":"overture"},"geometry":{"type":"Polygon","coordinates":[[[72.322745,50.758868],[72.322733,50.758849],[72.322805,50.75883],[72.322922,50.759002],[72.32277,50.759043],[72.322733,50.758988],[72.322787,50.758974],[72.322751,50.758921],[72.322695,50.758936],[72.322664,50.75889],[72.322745,50.758868],[72.322745,50.758868]]]}},{"type":"Feature","properties":{"kind":"building","h":6,"src":"overture"},"geometry":{"type":"Polygon","coordinates":[[[72.32248,50.75859],[72.32261,50.758554],[72.322718,50.758713],[72.322591,50.758748],[72.322541,50.758675],[72.322579,50.758665],[72.322559,50.758635],[72.322519,50.758647],[72.32248,50.75859],[72.32248,50.75859]]]}},{"type":"Feature","properties":{"kind":"building","h":6,"src":"overture"},"geometry":{"type":"Polygon","coordinates":[[[72.322946,50.759626],[72.322661,50.759671],[72.322624,50.759577],[72.322909,50.759532],[72.322946,50.759626],[72.322946,50.759626]]]}},{"type":"Feature","properties":{"kind":"building","h":6,"src":"overture"},"geometry":{"type":"Polygon","coordinates":[[[72.322079,50.759674],[72.32225,50.759654],[72.322243,50.759628],[72.322344,50.759616],[72.322377,50.75973],[72.322105,50.759762],[72.322079,50.759674],[72.322079,50.759674]]]}},{"type":"Feature","properties":{"kind":"building","h":4,"src":"overture"},"geometry":{"type":"Polygon","coordinates":[[[72.322121,50.759432],[72.322158,50.759426],[72.322173,50.759458],[72.322136,50.759465],[72.322121,50.759432],[72.322121,50.759432]]]}},{"type":"Feature","properties":{"kind":"building","h":6,"src":"overture"},"geometry":{"type":"Polygon","coordinates":[[[72.322277,50.758299],[72.32244,50.758267],[72.322522,50.758434],[72.322373,50.758463],[72.322344,50.758404],[72.322383,50.758397],[72.32236,50.758349],[72.322307,50.758359],[72.322277,50.758299],[72.322277,50.758299]]]}},{"type":"Feature","properties":{"kind":"building","h":4,"src":"overture"},"geometry":{"type":"Polygon","coordinates":[[[72.322028,50.759421],[72.322011,50.759389],[72.322059,50.759379],[72.322076,50.759411],[72.322028,50.759421],[72.322028,50.759421]]]}},{"type":"Feature","properties":{"kind":"building","h":6,"src":"overture"},"geometry":{"type":"Polygon","coordinates":[[[72.321846,50.761975],[72.321992,50.761954],[72.322043,50.762094],[72.321896,50.762115],[72.321846,50.761975],[72.321846,50.761975]]]}},{"type":"Feature","properties":{"kind":"building","h":4,"src":"overture"},"geometry":{"type":"Polygon","coordinates":[[[72.322014,50.762254],[72.322124,50.762238],[72.322147,50.762304],[72.32213,50.762307],[72.322136,50.762323],[72.322044,50.762337],[72.322014,50.762254],[72.322014,50.762254]]]}},{"type":"Feature","properties":{"kind":"building","h":6,"src":"overture"},"geometry":{"type":"Polygon","coordinates":[[[72.322046,50.762546],[72.322236,50.762517],[72.322266,50.762598],[72.322232,50.762603],[72.322245,50.762636],[72.322089,50.76266],[72.322046,50.762546],[72.322046,50.762546]]]}},{"type":"Feature","properties":{"kind":"building","h":4,"src":"overture"},"geometry":{"type":"Polygon","coordinates":[[[72.322288,50.762425],[72.322222,50.762435],[72.322212,50.762408],[72.322278,50.762399],[72.322288,50.762425],[72.322288,50.762425]]]}},{"type":"Feature","properties":{"kind":"building","h":6,"src":"overture"},"geometry":{"type":"Polygon","coordinates":[[[72.322349,50.763024],[72.322339,50.762998],[72.322268,50.763008],[72.322216,50.762865],[72.32244,50.762832],[72.322492,50.762974],[72.322522,50.762969],[72.322532,50.762997],[72.322349,50.763024],[72.322349,50.763024]]]}},{"type":"Feature","properties":{"kind":"building","h":4,"src":"overture"},"geometry":{"type":"Polygon","coordinates":[[[72.322289,50.763032],[72.322282,50.763009],[72.322338,50.763003],[72.322345,50.763026],[72.322289,50.763032],[72.322289,50.763032]]]}},{"type":"Feature","properties":{"kind":"building","h":8,"src":"overture"},"geometry":{"type":"Polygon","coordinates":[[[72.321812,50.763486],[72.322247,50.763438],[72.322181,50.763196],[72.322386,50.763173],[72.322423,50.763306],[72.322523,50.763295],[72.322556,50.763412],[72.322478,50.763421],[72.322529,50.763607],[72.322352,50.763627],[72.322348,50.763613],[72.321862,50.763666],[72.321812,50.763486],[72.321812,50.763486]]]}},{"type":"Feature","properties":{"kind":"building","h":6,"src":"overture"},"geometry":{"type":"Polygon","coordinates":[[[72.322259,50.764038],[72.322262,50.764037],[72.322294,50.764158],[72.32207,50.764182],[72.321996,50.763908],[72.322218,50.763884],[72.322259,50.764038],[72.322259,50.764038]]]}},{"type":"Feature","properties":{"kind":"building","h":4,"src":"overture"},"geometry":{"type":"Polygon","coordinates":[[[72.321813,50.763411],[72.321812,50.763346],[72.32189,50.763345],[72.321891,50.76341],[72.321813,50.763411],[72.321813,50.763411]]]}},{"type":"Feature","properties":{"kind":"building","h":4,"src":"overture"},"geometry":{"type":"Polygon","coordinates":[[[72.322131,50.76605],[72.322133,50.766109],[72.322088,50.76611],[72.322086,50.766011],[72.322214,50.76601],[72.322215,50.76605],[72.322131,50.76605],[72.322131,50.76605]]]}},{"type":"Feature","properties":{"kind":"building","h":6,"src":"overture"},"geometry":{"type":"Polygon","coordinates":[[[72.322321,50.765657],[72.322545,50.765656],[72.322547,50.765819],[72.322369,50.76582],[72.322368,50.76577],[72.322322,50.765771],[72.322321,50.765657],[72.322321,50.765657]]]}},{"type":"Feature","properties":{"kind":"building","h":6,"src":"overture"},"geometry":{"type":"Polygon","coordinates":[[[72.322214,50.764935],[72.322589,50.764922],[72.322597,50.765023],[72.322348,50.765032],[72.322351,50.765071],[72.322234,50.765075],[72.32223,50.765022],[72.322222,50.765023],[72.322214,50.764935],[72.322214,50.764935]]]}},{"type":"Feature","properties":{"kind":"building","h":6,"src":"overture"},"geometry":{"type":"Polygon","coordinates":[[[72.322348,50.764358],[72.322557,50.764336],[72.322587,50.76445],[72.322378,50.764472],[72.322348,50.764358],[72.322348,50.764358]]]}},{"type":"Feature","properties":{"kind":"building","h":6,"src":"overture"},"geometry":{"type":"Polygon","coordinates":[[[72.322532,50.766153],[72.322575,50.766152],[72.322576,50.766222],[72.322372,50.766224],[72.32237,50.7661],[72.322531,50.766099],[72.322532,50.766153],[72.322532,50.766153]]]}},{"type":"Feature","properties":{"kind":"building","h":6,"src":"overture"},"geometry":{"type":"Polygon","coordinates":[[[72.323052,50.762783],[72.323031,50.762443],[72.323203,50.762439],[72.323219,50.762716],[72.323281,50.762715],[72.323284,50.762778],[72.323052,50.762783],[72.323052,50.762783]]]}},{"type":"Feature","properties":{"kind":"building","h":4,"src":"overture"},"geometry":{"type":"Polygon","coordinates":[[[72.323301,50.762206],[72.32342,50.76219],[72.323456,50.762299],[72.323336,50.762315],[72.323301,50.762206],[72.323301,50.762206]]]}},{"type":"Feature","properties":{"kind":"building","h":6,"src":"overture"},"geometry":{"type":"Polygon","coordinates":[[[72.323143,50.763148],[72.323134,50.763082],[72.323201,50.763079],[72.323182,50.762938],[72.323268,50.762934],[72.323286,50.763068],[72.323374,50.763064],[72.323387,50.763159],[72.323304,50.763163],[72.323301,50.763139],[72.323143,50.763148],[72.323143,50.763148]]]}},{"type":"Feature","properties":{"kind":"building","h":6,"src":"overture"},"geometry":{"type":"Polygon","coordinates":[[[72.323341,50.76365],[72.323317,50.763533],[72.323918,50.763482],[72.323943,50.7636],[72.323341,50.76365],[72.323341,50.76365]]]}},{"type":"Feature","properties":{"kind":"building","h":6,"src":"overture"},"geometry":{"type":"Polygon","coordinates":[[[72.323676,50.763107],[72.323676,50.763106],[72.323614,50.763108],[72.323606,50.763016],[72.323775,50.763011],[72.323772,50.76298],[72.323887,50.762976],[72.323898,50.7631],[72.323676,50.763107],[72.323676,50.763107]]]}},{"type":"Feature","properties":{"kind":"building","h":4,"src":"overture"},"geometry":{"type":"Polygon","coordinates":[[[72.323437,50.76297],[72.323438,50.762916],[72.323505,50.762917],[72.323504,50.762971],[72.323437,50.76297],[72.323437,50.76297]]]}},{"type":"Feature","properties":{"kind":"building","h":4,"src":"overture"},"geometry":{"type":"Polygon","coordinates":[[[72.324155,50.762885],[72.324084,50.762887],[72.324082,50.762839],[72.324153,50.762838],[72.324155,50.762885],[72.324155,50.762885]]]}},{"type":"Feature","properties":{"kind":"building","h":8,"src":"overture"},"geometry":{"type":"Polygon","coordinates":[[[72.324546,50.762793],[72.324397,50.762808],[72.324363,50.762675],[72.323941,50.762718],[72.323915,50.762615],[72.324325,50.762573],[72.324289,50.762429],[72.324449,50.762413],[72.324546,50.762793],[72.324546,50.762793]]]}},{"type":"Feature","properties":{"kind":"building","h":6,"src":"overture"},"geometry":{"type":"Polygon","coordinates":[[[72.324125,50.76307],[72.324102,50.76295],[72.324476,50.762921],[72.3245,50.763042],[72.324125,50.76307],[72.324125,50.76307]]]}},{"type":"Feature","properties":{"kind":"building","h":4,"src":"overture"},"geometry":{"type":"Polygon","coordinates":[[[72.3238,50.763762],[72.323842,50.763761],[72.323845,50.763815],[72.323803,50.763816],[72.3238,50.763762],[72.3238,50.763762]]]}},{"type":"Feature","properties":{"kind":"building","h":4,"src":"overture"},"geometry":{"type":"Polygon","coordinates":[[[72.324241,50.76539],[72.324171,50.76539],[72.324171,50.765372],[72.324241,50.765371],[72.324241,50.76539],[72.324241,50.76539]]]}},{"type":"Feature","properties":{"kind":"building","h":6,"src":"overture"},"geometry":{"type":"Polygon","coordinates":[[[72.323771,50.765704],[72.323492,50.765708],[72.323489,50.765616],[72.323768,50.765613],[72.323771,50.765704],[72.323771,50.765704]]]}},{"type":"Feature","properties":{"kind":"building","h":4,"src":"overture"},"geometry":{"type":"Polygon","coordinates":[[[72.323666,50.764857],[72.323667,50.764891],[72.323578,50.764891],[72.323578,50.764857],[72.323666,50.764857],[72.323666,50.764857]]]}},{"type":"Feature","properties":{"kind":"building","h":4,"src":"overture"},"geometry":{"type":"Polygon","coordinates":[[[72.323408,50.76522],[72.323226,50.765218],[72.323229,50.765114],[72.323411,50.765116],[72.323408,50.76522],[72.323408,50.76522]]]}},{"type":"Feature","properties":{"kind":"building","h":6,"src":"overture"},"geometry":{"type":"Polygon","coordinates":[[[72.323433,50.764986],[72.323374,50.764985],[72.323376,50.764959],[72.32325,50.764956],[72.323257,50.764847],[72.323442,50.764852],[72.323433,50.764986],[72.323433,50.764986]]]}},{"type":"Feature","properties":{"kind":"building","h":4,"src":"overture"},"geometry":{"type":"Polygon","coordinates":[[[72.323424,50.764585],[72.323457,50.764588],[72.32345,50.764626],[72.323417,50.764624],[72.323424,50.764585],[72.323424,50.764585]]]}},{"type":"Feature","properties":{"kind":"building","h":6,"src":"overture"},"geometry":{"type":"Polygon","coordinates":[[[72.323355,50.765583],[72.323449,50.765581],[72.323454,50.765714],[72.323253,50.765717],[72.323249,50.765619],[72.323357,50.765617],[72.323355,50.765583],[72.323355,50.765583]]]}},{"type":"Feature","properties":{"kind":"building","h":4,"src":"overture"},"geometry":{"type":"Polygon","coordinates":[[[72.323419,50.765831],[72.323422,50.765903],[72.323207,50.765905],[72.323206,50.765851],[72.32328,50.76585],[72.323279,50.765833],[72.323419,50.765831],[72.323419,50.765831]]]}},{"type":"Feature","properties":{"kind":"building","h":4,"src":"overture"},"geometry":{"type":"Polygon","coordinates":[[[72.32324,50.766328],[72.323383,50.766331],[72.323378,50.766436],[72.323236,50.766433],[72.32324,50.766328],[72.32324,50.766328]]]}},{"type":"Feature","properties":{"kind":"building","h":6,"src":"overture"},"geometry":{"type":"Polygon","coordinates":[[[72.323299,50.767381],[72.323284,50.767254],[72.323459,50.767246],[72.323469,50.767334],[72.323545,50.767331],[72.323549,50.76737],[72.323299,50.767381],[72.323299,50.767381]]]}},{"type":"Feature","properties":{"kind":"building","h":4,"src":"overture"},"geometry":{"type":"Polygon","coordinates":[[[72.323537,50.766978],[72.323585,50.766977],[72.323587,50.767007],[72.323539,50.767009],[72.323537,50.766978],[72.323537,50.766978]]]}},{"type":"Feature","properties":{"kind":"building","h":4,"src":"overture"},"geometry":{"type":"Polygon","coordinates":[[[72.323728,50.766235],[72.32373,50.766284],[72.323642,50.766286],[72.323639,50.766237],[72.323728,50.766235],[72.323728,50.766235]]]}},{"type":"Feature","properties":{"kind":"building","h":4,"src":"overture"},"geometry":{"type":"Polygon","coordinates":[[[72.323671,50.766436],[72.323618,50.766436],[72.323618,50.766402],[72.323671,50.766402],[72.323671,50.766436],[72.323671,50.766436]]]}},{"type":"Feature","properties":{"kind":"building","h":4,"src":"overture"},"geometry":{"type":"Polygon","coordinates":[[[72.323099,50.769772],[72.323047,50.769791],[72.323028,50.769771],[72.32308,50.769752],[72.323099,50.769772],[72.323099,50.769772]]]}},{"type":"Feature","properties":{"kind":"building","h":4,"src":"overture"},"geometry":{"type":"Polygon","coordinates":[[[72.322489,50.766493],[72.322485,50.766376],[72.322605,50.766374],[72.322608,50.766463],[72.322646,50.766462],[72.322647,50.766491],[72.322489,50.766493],[72.322489,50.766493]]]}},{"type":"Feature","properties":{"kind":"building","h":6,"src":"overture"},"geometry":{"type":"Polygon","coordinates":[[[72.322672,50.766945],[72.322522,50.76695],[72.322511,50.766809],[72.32266,50.766804],[72.322672,50.766945],[72.322672,50.766945]]]}},{"type":"Feature","properties":{"kind":"building","h":6,"src":"overture"},"geometry":{"type":"Polygon","coordinates":[[[72.32251,50.76711],[72.322507,50.76707],[72.322678,50.767064],[72.322689,50.767192],[72.322534,50.767198],[72.322526,50.76711],[72.32251,50.76711],[72.32251,50.76711]]]}},{"type":"Feature","properties":{"kind":"building","h":4,"src":"overture"},"geometry":{"type":"Polygon","coordinates":[[[72.321601,50.766056],[72.321528,50.766054],[72.321529,50.766035],[72.321602,50.766037],[72.321601,50.766056],[72.321601,50.766056]]]}},{"type":"Feature","properties":{"kind":"building","h":4,"src":"overture"},"geometry":{"type":"Polygon","coordinates":[[[72.321731,50.762754],[72.321692,50.762761],[72.321676,50.762718],[72.321715,50.762712],[72.321731,50.762754],[72.321731,50.762754]]]}},{"type":"Feature","properties":{"kind":"building","h":4,"src":"overture"},"geometry":{"type":"Polygon","coordinates":[[[72.3217,50.762698],[72.321657,50.76271],[72.32162,50.762658],[72.321663,50.762646],[72.3217,50.762698],[72.3217,50.762698]]]}},{"type":"Feature","properties":{"kind":"building","h":4,"src":"overture"},"geometry":{"type":"Polygon","coordinates":[[[72.321645,50.762843],[72.321595,50.762859],[72.321578,50.762836],[72.321627,50.762821],[72.321645,50.762843],[72.321645,50.762843]]]}},{"type":"Feature","properties":{"kind":"building","h":6,"src":"overture"},"geometry":{"type":"Polygon","coordinates":[[[72.321202,50.762708],[72.321384,50.762671],[72.321464,50.76283],[72.321281,50.762867],[72.321229,50.762762],[72.321202,50.762708],[72.321202,50.762708]]]}},{"type":"Feature","properties":{"kind":"building","h":8,"src":"genplan"},"geometry":{"type":"Polygon","coordinates":[[[72.31624,50.768736],[72.315553,50.768423],[72.31572,50.768277],[72.317184,50.768943],[72.317017,50.769089],[72.316323,50.768774],[72.316273,50.768818],[72.31619,50.768781],[72.31624,50.768736]]]}},{"type":"Feature","properties":{"kind":"building","h":8,"src":"genplan"},"geometry":{"type":"Polygon","coordinates":[[[72.317653,50.768411],[72.317704,50.768366],[72.317537,50.76829],[72.317486,50.768335],[72.317103,50.768161],[72.316944,50.7683],[72.31771,50.768649],[72.317868,50.768509],[72.317653,50.768411]]]}},{"type":"Feature","properties":{"kind":"building","h":8,"src":"genplan"},"geometry":{"type":"Polygon","coordinates":[[[72.316366,50.767819],[72.316214,50.767749],[72.316167,50.767791],[72.316094,50.767758],[72.316023,50.767821],[72.316096,50.767854],[72.316048,50.767895],[72.316756,50.768217],[72.316922,50.768071],[72.316515,50.767886],[72.316563,50.767844],[72.316414,50.767776],[72.316366,50.767819]]]}},{"type":"Feature","properties":{"kind":"building","h":8,"src":"genplan"},"geometry":{"type":"Polygon","coordinates":[[[72.314324,50.767632],[72.314473,50.767501],[72.314391,50.767463],[72.314242,50.767594],[72.314114,50.767536],[72.314007,50.76763],[72.314999,50.768081],[72.315106,50.767987],[72.314324,50.767632],[72.314324,50.767632]]]}},{"type":"Feature","properties":{"kind":"building","h":8,"src":"genplan"},"geometry":{"type":"Polygon","coordinates":[[[72.314959,50.767179],[72.314994,50.767148],[72.314725,50.767025],[72.314689,50.767056],[72.31468,50.767065],[72.3146,50.767028],[72.314452,50.767157],[72.314452,50.767157],[72.315206,50.7675],[72.315362,50.767363],[72.314959,50.767179]]]}},{"type":"Feature","properties":{"kind":"building","h":8,"src":"genplan"},"geometry":{"type":"Polygon","coordinates":[[[72.313076,50.767068],[72.311932,50.766548],[72.311903,50.766574],[72.311821,50.766537],[72.312011,50.76637],[72.312011,50.76637],[72.313318,50.766964],[72.313076,50.767068]]]}},{"type":"Feature","properties":{"kind":"building","h":4,"src":"genplan"},"geometry":{"type":"Polygon","coordinates":[[[72.313076,50.767068],[72.313046,50.767095],[72.313127,50.767132],[72.313318,50.766964],[72.313318,50.766964],[72.313076,50.767068]]]}},{"type":"Feature","properties":{"kind":"building","h":6,"src":"genplan"},"geometry":{"type":"Polygon","coordinates":[[[72.312388,50.766755],[72.312545,50.766827],[72.312209,50.767124],[72.31205,50.767052],[72.312388,50.766755]]]}},{"type":"Feature","properties":{"kind":"building","h":6,"src":"genplan"},"geometry":{"type":"Polygon","coordinates":[[[72.312232,50.767104],[72.312435,50.767183],[72.312294,50.767327],[72.312089,50.767247],[72.312232,50.767104]]]}},{"type":"Feature","properties":{"kind":"building","h":8,"src":"genplan"},"geometry":{"type":"Polygon","coordinates":[[[72.31272,50.765692],[72.313285,50.765951],[72.31317,50.766051],[72.312605,50.765792],[72.31272,50.765692]]]}},{"type":"Feature","properties":{"kind":"building","h":4,"src":"genplan"},"geometry":{"type":"Polygon","coordinates":[[[72.313226,50.765924],[72.313293,50.765865],[72.313352,50.765892],[72.313285,50.765951],[72.313226,50.765924]]]}},{"type":"Feature","properties":{"kind":"building","h":4,"src":"genplan"},"geometry":{"type":"Polygon","coordinates":[[[72.314868,50.766083],[72.314976,50.766154],[72.314897,50.766203],[72.314789,50.766132],[72.314868,50.766083]]]}},{"type":"Feature","properties":{"kind":"building","h":4,"src":"genplan"},"geometry":{"type":"Polygon","coordinates":[[[72.313289,50.767267],[72.313346,50.767208],[72.313381,50.767221],[72.313324,50.767281],[72.313289,50.767267]]]}},{"type":"Feature","properties":{"kind":"building","h":4,"src":"genplan"},"geometry":{"type":"Polygon","coordinates":[[[72.313474,50.767251],[72.31353,50.767193],[72.313466,50.767168],[72.313411,50.767226],[72.313474,50.767251]]]}},{"type":"Feature","properties":{"kind":"building","h":4,"src":"genplan"},"geometry":{"type":"Polygon","coordinates":[[[72.312356,50.765092],[72.312502,50.764993],[72.312468,50.764972],[72.312321,50.765072],[72.312356,50.765092]]]}},{"type":"Feature","properties":{"kind":"building","h":4,"src":"genplan"},"geometry":{"type":"Polygon","coordinates":[[[72.327266,50.762291],[72.327254,50.762206],[72.327315,50.762202],[72.327327,50.762287],[72.327266,50.762291]]]}},{"type":"Feature","properties":{"kind":"building","h":6,"src":"genplan"},"geometry":{"type":"Polygon","coordinates":[[[72.327992,50.767304],[72.327993,50.767345],[72.327948,50.767345],[72.327948,50.767345],[72.327942,50.767161],[72.327942,50.767161],[72.32799,50.76716],[72.327989,50.767132],[72.328076,50.767131],[72.328077,50.767159],[72.328083,50.767159],[72.328082,50.767122],[72.328162,50.767121],[72.328163,50.767158],[72.328179,50.767158],[72.328182,50.767256],[72.328085,50.767257],[72.328086,50.767303],[72.327992,50.767304]]]}},{"type":"Feature","properties":{"kind":"building","h":4,"src":"genplan"},"geometry":{"type":"Polygon","coordinates":[[[72.328251,50.767179],[72.328256,50.767205],[72.328299,50.767202],[72.328294,50.767176],[72.328251,50.767179]]]}},{"type":"Feature","properties":{"kind":"building","h":4,"src":"genplan"},"geometry":{"type":"Polygon","coordinates":[[[72.327918,50.767354],[72.327925,50.767402],[72.328032,50.767396],[72.328024,50.767348],[72.327918,50.767354]]]}},{"type":"Feature","properties":{"kind":"building","h":4,"src":"genplan"},"geometry":{"type":"Polygon","coordinates":[[[72.327824,50.767022],[72.327825,50.76706],[72.327887,50.76706],[72.327886,50.767022],[72.327824,50.767022]]]}},{"type":"Feature","properties":{"kind":"building","h":6,"src":"genplan"},"geometry":{"type":"Polygon","coordinates":[[[72.327954,50.766967],[72.327955,50.767013],[72.327989,50.767013],[72.327988,50.766966],[72.328073,50.766966],[72.32807,50.766833],[72.327929,50.766834],[72.327932,50.766967],[72.327954,50.766967],[72.327954,50.766967]]]}},{"type":"Feature","properties":{"kind":"building","h":4,"src":"genplan"},"geometry":{"type":"Polygon","coordinates":[[[72.328033,50.766728],[72.328032,50.766696],[72.327926,50.766697],[72.327927,50.766729],[72.328033,50.766728]]]}},{"type":"Feature","properties":{"kind":"building","h":4,"src":"genplan"},"geometry":{"type":"Polygon","coordinates":[[[72.328102,50.766641],[72.327942,50.766642],[72.327941,50.766599],[72.32804,50.766598],[72.32804,50.766604],[72.328101,50.766604],[72.328102,50.766641],[72.328102,50.766641]]]}},{"type":"Feature","properties":{"kind":"building","h":4,"src":"genplan"},"geometry":{"type":"Polygon","coordinates":[[[72.327923,50.766477],[72.328012,50.766484],[72.328012,50.766509],[72.327925,50.766505],[72.327923,50.766477]]]}},{"type":"Feature","properties":{"kind":"building","h":4,"src":"genplan"},"geometry":{"type":"Polygon","coordinates":[[[72.328075,50.766487],[72.328078,50.766562],[72.327985,50.766563],[72.327984,50.766537],[72.328049,50.766536],[72.328035,50.766487],[72.328075,50.766487],[72.328075,50.766487]]]}},{"type":"Feature","properties":{"kind":"building","h":6,"src":"genplan"},"geometry":{"type":"Polygon","coordinates":[[[72.321936,50.756343],[72.321949,50.756362],[72.322006,50.756347],[72.321936,50.756246],[72.32188,50.756261],[72.321743,50.756062],[72.321619,50.756096],[72.321812,50.756377],[72.321936,50.756343]]]}},{"type":"Feature","properties":{"kind":"building","h":6,"src":"genplan"},"geometry":{"type":"Polygon","coordinates":[[[72.322049,50.756736],[72.322076,50.756773],[72.322158,50.75675],[72.322131,50.756712],[72.322212,50.756689],[72.322027,50.756428],[72.321863,50.756475],[72.322049,50.756736]]]}},{"type":"Feature","properties":{"kind":"building","h":6,"src":"genplan"},"geometry":{"type":"Polygon","coordinates":[[[72.3222,50.756275],[72.322302,50.756236],[72.322143,50.756069],[72.322041,50.756107],[72.322123,50.756193],[72.322072,50.756213],[72.322149,50.756294],[72.3222,50.756275]]]}},{"type":"Feature","properties":{"kind":"building","h":6,"src":"genplan"},"geometry":{"type":"Polygon","coordinates":[[[72.322417,50.75635],[72.322639,50.756603],[72.322538,50.756638],[72.322316,50.756386],[72.322417,50.75635]]]}},{"type":"Feature","properties":{"kind":"building","h":4,"src":"genplan"},"geometry":{"type":"Polygon","coordinates":[[[72.322504,50.756601],[72.322359,50.756435],[72.32229,50.756459],[72.322436,50.756625],[72.322504,50.756601]]]}},{"type":"Feature","properties":{"kind":"building","h":6,"src":"genplan"},"geometry":{"type":"Polygon","coordinates":[[[72.322625,50.75675],[72.322735,50.756709],[72.322917,50.756901],[72.322807,50.756943],[72.322781,50.756916],[72.322727,50.756936],[72.322571,50.756771],[72.322625,50.75675]]]}},{"type":"Feature","properties":{"kind":"building","h":6,"src":"genplan"},"geometry":{"type":"Polygon","coordinates":[[[72.323024,50.757167],[72.323024,50.757167],[72.322979,50.757184],[72.322889,50.757088],[72.322933,50.757071],[72.323055,50.757025],[72.323237,50.757218],[72.323115,50.757264],[72.323024,50.757167],[72.323024,50.757167]]]}},{"type":"Feature","properties":{"kind":"building","h":6,"src":"genplan"},"geometry":{"type":"Polygon","coordinates":[[[72.323581,50.757618],[72.323785,50.757828],[72.323675,50.757871],[72.32347,50.757661],[72.323581,50.757618]]]}},{"type":"Feature","properties":{"kind":"building","h":6,"src":"genplan"},"geometry":{"type":"Polygon","coordinates":[[[72.322256,50.757034],[72.322215,50.757045],[72.322253,50.757099],[72.322294,50.757087],[72.32241,50.757053],[72.322319,50.756929],[72.322204,50.756963],[72.322256,50.757034]]]}},{"type":"Feature","properties":{"kind":"building","h":6,"src":"genplan"},"geometry":{"type":"Polygon","coordinates":[[[72.322643,50.757407],[72.322525,50.757438],[72.322375,50.757208],[72.322493,50.757177],[72.322559,50.757278],[72.322616,50.757263],[72.322701,50.757392],[72.322643,50.757407]]]}},{"type":"Feature","properties":{"kind":"building","h":6,"src":"genplan"},"geometry":{"type":"Polygon","coordinates":[[[72.322783,50.757602],[72.32286,50.757582],[72.322784,50.757464],[72.322707,50.757485],[72.322594,50.757514],[72.322733,50.757727],[72.322846,50.757698],[72.322783,50.757602]]]}},{"type":"Feature","properties":{"kind":"building","h":6,"src":"genplan"},"geometry":{"type":"Polygon","coordinates":[[[72.322905,50.758015],[72.322803,50.757838],[72.322903,50.757815],[72.323004,50.757993],[72.322905,50.758015]]]}},{"type":"Feature","properties":{"kind":"building","h":6,"src":"genplan"},"geometry":{"type":"Polygon","coordinates":[[[72.323104,50.758097],[72.323008,50.758124],[72.323116,50.758279],[72.323211,50.758253],[72.323147,50.758159],[72.323209,50.758142],[72.323166,50.75808],[72.323104,50.758097]]]}},{"type":"Feature","properties":{"kind":"building","h":6,"src":"genplan"},"geometry":{"type":"Polygon","coordinates":[[[72.323425,50.75847],[72.323538,50.758439],[72.323502,50.758386],[72.323389,50.758417],[72.323363,50.75838],[72.323202,50.758425],[72.323318,50.758594],[72.32348,50.758549],[72.323425,50.75847]]]}},{"type":"Feature","properties":{"kind":"building","h":6,"src":"genplan"},"geometry":{"type":"Polygon","coordinates":[[[72.323507,50.758648],[72.323545,50.758637],[72.323701,50.758864],[72.323663,50.758875],[72.323537,50.75891],[72.323355,50.758644],[72.323481,50.75861],[72.323507,50.758648],[72.323507,50.758648]]]}},{"type":"Feature","properties":{"kind":"building","h":6,"src":"genplan"},"geometry":{"type":"Polygon","coordinates":[[[72.323823,50.759147],[72.323723,50.759174],[72.323562,50.75894],[72.323661,50.758913],[72.323679,50.758938],[72.323758,50.758916],[72.323806,50.758985],[72.323726,50.759007],[72.323726,50.759007],[72.323783,50.759089],[72.323829,50.759076],[72.323869,50.759134],[72.323823,50.759147]]]}},{"type":"Feature","properties":{"kind":"building","h":6,"src":"genplan"},"geometry":{"type":"Polygon","coordinates":[[[72.324188,50.759194],[72.324211,50.759245],[72.324352,50.75922],[72.324272,50.759042],[72.324131,50.759068],[72.32417,50.759154],[72.324188,50.759194]]]}},{"type":"Feature","properties":{"kind":"building","h":4,"src":"genplan"},"geometry":{"type":"Polygon","coordinates":[[[72.324188,50.759194],[72.324054,50.759218],[72.324036,50.759179],[72.32417,50.759154],[72.324188,50.759194]]]}},{"type":"Feature","properties":{"kind":"building","h":6,"src":"genplan"},"geometry":{"type":"Polygon","coordinates":[[[72.324728,50.759117],[72.325058,50.759057],[72.325005,50.758941],[72.324675,50.759],[72.324728,50.759117]]]}},{"type":"Feature","properties":{"kind":"building","h":4,"src":"genplan"},"geometry":{"type":"Polygon","coordinates":[[[72.325301,50.758963],[72.325413,50.758943],[72.325358,50.758822],[72.325247,50.758842],[72.325301,50.758963]]]}},{"type":"Feature","properties":{"kind":"building","h":6,"src":"genplan"},"geometry":{"type":"Polygon","coordinates":[[[72.321706,50.75566],[72.322053,50.755566],[72.322,50.755487],[72.321652,50.755581],[72.321706,50.75566]]]}},{"type":"Feature","properties":{"kind":"building","h":6,"src":"genplan"},"geometry":{"type":"Polygon","coordinates":[[[72.321284,50.755774],[72.321314,50.755817],[72.321433,50.755784],[72.321404,50.755741],[72.321456,50.755727],[72.321419,50.755673],[72.321366,50.755688],[72.321351,50.755666],[72.32111,50.755732],[72.321162,50.755808],[72.321284,50.755774],[72.321284,50.755774]]]}},{"type":"Feature","properties":{"kind":"building","h":6,"src":"genplan"},"geometry":{"type":"Polygon","coordinates":[[[72.320507,50.755898],[72.320801,50.75582],[72.320874,50.75593],[72.320579,50.756008],[72.320507,50.755898]]]}},{"type":"Feature","properties":{"kind":"building","h":4,"src":"genplan"},"geometry":{"type":"Polygon","coordinates":[[[72.320067,50.756018],[72.32019,50.755985],[72.320263,50.756096],[72.32014,50.756129],[72.320085,50.756046],[72.320067,50.756018]]]}},{"type":"Feature","properties":{"kind":"building","h":4,"src":"genplan"},"geometry":{"type":"Polygon","coordinates":[[[72.320067,50.756018],[72.319956,50.756047],[72.319975,50.756076],[72.320085,50.756046],[72.320067,50.756018]]]}},{"type":"Feature","properties":{"kind":"building","h":4,"src":"genplan"},"geometry":{"type":"Polygon","coordinates":[[[72.319429,50.756186],[72.319386,50.756197],[72.319402,50.756221],[72.319445,50.756209],[72.319479,50.756262],[72.319676,50.75621],[72.319626,50.756134],[72.319429,50.756186]]]}},{"type":"Feature","properties":{"kind":"building","h":4,"src":"genplan"},"geometry":{"type":"Polygon","coordinates":[[[72.318597,50.756539],[72.31876,50.756496],[72.318797,50.756553],[72.318635,50.756596],[72.318597,50.756539]]]}},{"type":"Feature","properties":{"kind":"building","h":4,"src":"genplan"},"geometry":{"type":"Polygon","coordinates":[[[72.318779,50.757139],[72.318863,50.757118],[72.318846,50.757093],[72.318763,50.757114],[72.318779,50.757139]]]}},{"type":"Feature","properties":{"kind":"building","h":4,"src":"genplan"},"geometry":{"type":"Polygon","coordinates":[[[72.31866,50.756867],[72.318678,50.756898],[72.318634,50.756908],[72.318616,50.756878],[72.318564,50.75679],[72.318642,50.756772],[72.318693,50.756859],[72.31866,50.756867]]]}},{"type":"Feature","properties":{"kind":"building","h":6,"src":"genplan"},"geometry":{"type":"Polygon","coordinates":[[[72.318114,50.757542],[72.318048,50.757556],[72.318025,50.757512],[72.318091,50.757498],[72.318079,50.757476],[72.318161,50.757459],[72.318152,50.757443],[72.318376,50.757395],[72.31842,50.757477],[72.318196,50.757524],[72.318114,50.757542]]]}},{"type":"Feature","properties":{"kind":"building","h":4,"src":"genplan"},"geometry":{"type":"Polygon","coordinates":[[[72.318855,50.757456],[72.318752,50.757482],[72.318736,50.757456],[72.318839,50.75743],[72.318855,50.757456]]]}},{"type":"Feature","properties":{"kind":"building","h":4,"src":"genplan"},"geometry":{"type":"Polygon","coordinates":[[[72.318592,50.757522],[72.318698,50.757495],[72.318682,50.757469],[72.318576,50.757496],[72.318592,50.757522]]]}},{"type":"Feature","properties":{"kind":"building","h":4,"src":"genplan"},"geometry":{"type":"Polygon","coordinates":[[[72.318728,50.757327],[72.318719,50.757311],[72.318683,50.757319],[72.318693,50.757335],[72.318605,50.757355],[72.318624,50.757389],[72.318602,50.757394],[72.318613,50.757413],[72.318581,50.757421],[72.318621,50.757485],[72.318717,50.75746],[72.318687,50.757411],[72.318715,50.757405],[72.318696,50.757372],[72.318747,50.757361],[72.318728,50.757327]]]}},{"type":"Feature","properties":{"kind":"building","h":4,"src":"genplan"},"geometry":{"type":"Polygon","coordinates":[[[72.31896,50.757273],[72.319081,50.757242],[72.319129,50.757319],[72.319008,50.75735],[72.31896,50.757273]]]}},{"type":"Feature","properties":{"kind":"building","h":4,"src":"genplan"},"geometry":{"type":"Polygon","coordinates":[[[72.316907,50.757888],[72.316969,50.757873],[72.316986,50.757902],[72.316925,50.757917],[72.316907,50.757888]]]}},{"type":"Feature","properties":{"kind":"building","h":4,"src":"genplan"},"geometry":{"type":"Polygon","coordinates":[[[72.316126,50.757954],[72.316266,50.757935],[72.316236,50.757846],[72.316096,50.757865],[72.316126,50.757954]]]}},{"type":"Feature","properties":{"kind":"building","h":6,"src":"genplan"},"geometry":{"type":"Polygon","coordinates":[[[72.316734,50.757859],[72.316749,50.757885],[72.316847,50.757861],[72.316861,50.757883],[72.317044,50.757839],[72.316997,50.757761],[72.316847,50.757797],[72.316834,50.757776],[72.316618,50.757828],[72.316649,50.75788],[72.316734,50.757859]]]}},{"type":"Feature","properties":{"kind":"building","h":6,"src":"genplan"},"geometry":{"type":"Polygon","coordinates":[[[72.316581,50.758731],[72.316544,50.75867],[72.316584,50.758661],[72.316561,50.758622],[72.316521,50.758631],[72.316526,50.75864],[72.316394,50.758672],[72.316449,50.758763],[72.316499,50.758751],[72.316524,50.758793],[72.316606,50.758773],[72.316581,50.758731]]]}},{"type":"Feature","properties":{"kind":"building","h":4,"src":"genplan"},"geometry":{"type":"Polygon","coordinates":[[[72.317468,50.758381],[72.317332,50.758425],[72.317358,50.758456],[72.317494,50.758412],[72.317468,50.758381]]]}},{"type":"Feature","properties":{"kind":"building","h":4,"src":"genplan"},"geometry":{"type":"Polygon","coordinates":[[[72.317666,50.758406],[72.31785,50.75836],[72.317803,50.758286],[72.317619,50.758333],[72.317666,50.758406]]]}},{"type":"Feature","properties":{"kind":"building","h":6,"src":"genplan"},"geometry":{"type":"Polygon","coordinates":[[[72.317909,50.758272],[72.317945,50.758336],[72.31836,50.758241],[72.318416,50.758228],[72.318389,50.758179],[72.318332,50.758192],[72.318324,50.758178],[72.317967,50.758259],[72.317954,50.758237],[72.317896,50.75825],[72.317909,50.758272]]]}},{"type":"Feature","properties":{"kind":"building","h":4,"src":"genplan"},"geometry":{"type":"Polygon","coordinates":[[[72.319209,50.757895],[72.319341,50.757858],[72.319423,50.757974],[72.319292,50.758012],[72.319209,50.757895]]]}},{"type":"Feature","properties":{"kind":"building","h":4,"src":"genplan"},"geometry":{"type":"Polygon","coordinates":[[[72.319555,50.757962],[72.31964,50.757942],[72.319585,50.757851],[72.3195,50.757872],[72.319555,50.757962]]]}},{"type":"Feature","properties":{"kind":"building","h":4,"src":"genplan"},"geometry":{"type":"Polygon","coordinates":[[[72.319858,50.758417],[72.319936,50.758399],[72.319914,50.758363],[72.319837,50.758381],[72.319858,50.758417]]]}},{"type":"Feature","properties":{"kind":"building","h":4,"src":"genplan"},"geometry":{"type":"Polygon","coordinates":[[[72.319332,50.75832],[72.3193,50.758271],[72.319449,50.758231],[72.319481,50.75828],[72.319463,50.758285],[72.319479,50.758308],[72.319419,50.758324],[72.319442,50.758358],[72.319371,50.758377],[72.319348,50.758383],[72.319331,50.758357],[72.319353,50.758351],[72.319348,50.758343],[72.319332,50.75832]]]}},{"type":"Feature","properties":{"kind":"building","h":6,"src":"genplan"},"geometry":{"type":"Polygon","coordinates":[[[72.316975,50.758643],[72.316993,50.758639],[72.316974,50.758607],[72.317027,50.758594],[72.317012,50.758571],[72.316992,50.758537],[72.316802,50.758583],[72.316822,50.758617],[72.31685,50.75861],[72.31685,50.75861],[72.316865,50.758634],[72.316884,50.758665],[72.316853,50.758673],[72.316886,50.758726],[72.316916,50.758718],[72.317008,50.758696],[72.316975,50.758643]]]}},{"type":"Feature","properties":{"kind":"building","h":4,"src":"genplan"},"geometry":{"type":"Polygon","coordinates":[[[72.317082,50.758583],[72.31712,50.758573],[72.317141,50.758602],[72.317102,50.758613],[72.317082,50.758583]]]}},{"type":"Feature","properties":{"kind":"building","h":4,"src":"genplan"},"geometry":{"type":"Polygon","coordinates":[[[72.316985,50.758471],[72.317053,50.758448],[72.317094,50.758499],[72.317026,50.758521],[72.316985,50.758471]]]}},{"type":"Feature","properties":{"kind":"building","h":4,"src":"genplan"},"geometry":{"type":"Polygon","coordinates":[[[72.316974,50.758978],[72.316935,50.758993],[72.316917,50.758973],[72.316956,50.758958],[72.316974,50.758978]]]}},{"type":"Feature","properties":{"kind":"building","h":4,"src":"genplan"},"geometry":{"type":"Polygon","coordinates":[[[72.316955,50.758985],[72.316919,50.758999],[72.316957,50.759038],[72.316992,50.759025],[72.316955,50.758985]]]}},{"type":"Feature","properties":{"kind":"building","h":4,"src":"genplan"},"geometry":{"type":"Polygon","coordinates":[[[72.317117,50.759086],[72.317134,50.759095],[72.31716,50.759074],[72.31705,50.759018],[72.317026,50.759038],[72.317,50.759024],[72.316964,50.759053],[72.31699,50.759066],[72.317084,50.759113],[72.317117,50.759086],[72.317117,50.759086]]]}},{"type":"Feature","properties":{"kind":"building","h":4,"src":"genplan"},"geometry":{"type":"Polygon","coordinates":[[[72.31732,50.758711],[72.317211,50.758749],[72.317257,50.758802],[72.317367,50.758764],[72.31732,50.758711]]]}},{"type":"Feature","properties":{"kind":"building","h":4,"src":"genplan"},"geometry":{"type":"Polygon","coordinates":[[[72.317401,50.758729],[72.317436,50.758717],[72.317422,50.758702],[72.317388,50.758714],[72.317339,50.758732],[72.317361,50.758757],[72.317411,50.75874],[72.317401,50.758729],[72.317401,50.758729]]]}},{"type":"Feature","properties":{"kind":"building","h":4,"src":"genplan"},"geometry":{"type":"Polygon","coordinates":[[[72.317464,50.758706],[72.317435,50.758716],[72.317426,50.758706],[72.317494,50.758682],[72.317503,50.758692],[72.317464,50.758706]]]}},{"type":"Feature","properties":{"kind":"building","h":4,"src":"genplan"},"geometry":{"type":"Polygon","coordinates":[[[72.317464,50.758706],[72.317475,50.758718],[72.317514,50.758704],[72.317503,50.758692],[72.317464,50.758706]]]}},{"type":"Feature","properties":{"kind":"building","h":6,"src":"genplan"},"geometry":{"type":"Polygon","coordinates":[[[72.317777,50.759551],[72.317905,50.759483],[72.31774,50.759359],[72.317612,50.759427],[72.317777,50.759551]]]}},{"type":"Feature","properties":{"kind":"building","h":4,"src":"genplan"},"geometry":{"type":"Polygon","coordinates":[[[72.318348,50.759311],[72.318409,50.75929],[72.318454,50.759342],[72.318393,50.759363],[72.318348,50.759311]]]}},{"type":"Feature","properties":{"kind":"building","h":6,"src":"genplan"},"geometry":{"type":"Polygon","coordinates":[[[72.318567,50.758931],[72.318539,50.758893],[72.318404,50.758934],[72.318432,50.758972],[72.318413,50.758977],[72.318384,50.758938],[72.318276,50.75897],[72.318306,50.75901],[72.3183,50.759011],[72.318361,50.759093],[72.318629,50.759013],[72.318567,50.758931]]]}},{"type":"Feature","properties":{"kind":"building","h":6,"src":"genplan"},"geometry":{"type":"Polygon","coordinates":[[[72.319139,50.758763],[72.319196,50.758839],[72.318832,50.758947],[72.318776,50.758872],[72.318821,50.758858],[72.318792,50.758819],[72.31911,50.758724],[72.319139,50.758763]]]}},{"type":"Feature","properties":{"kind":"building","h":6,"src":"genplan"},"geometry":{"type":"Polygon","coordinates":[[[72.321177,50.758681],[72.321171,50.758683],[72.321124,50.758611],[72.321116,50.758613],[72.321041,50.758497],[72.321163,50.758466],[72.321215,50.758452],[72.321275,50.758546],[72.321223,50.758559],[72.321238,50.758581],[72.321245,50.758579],[72.321292,50.758652],[72.321268,50.758658],[72.32131,50.758722],[72.321218,50.758746],[72.321177,50.758681]]]}},{"type":"Feature","properties":{"kind":"building","h":6,"src":"genplan"},"geometry":{"type":"Polygon","coordinates":[[[72.320659,50.757773],[72.320687,50.757815],[72.320742,50.757801],[72.320755,50.757822],[72.320756,50.757822],[72.320789,50.757872],[72.320694,50.757897],[72.320662,50.757846],[72.320648,50.757825],[72.320595,50.757742],[72.320555,50.757657],[72.320541,50.757636],[72.320614,50.757617],[72.320637,50.757611],[72.320661,50.757649],[72.320684,50.757643],[72.320726,50.757708],[72.320681,50.75772],[72.320707,50.757761],[72.320659,50.757773]]]}},{"type":"Feature","properties":{"kind":"building","h":4,"src":"genplan"},"geometry":{"type":"Polygon","coordinates":[[[72.320494,50.757412],[72.320453,50.757348],[72.320353,50.757374],[72.320394,50.757438],[72.320441,50.757425],[72.320494,50.757509],[72.320548,50.757495],[72.320494,50.757412]]]}},{"type":"Feature","properties":{"kind":"building","h":6,"src":"genplan"},"geometry":{"type":"Polygon","coordinates":[[[72.321661,50.759269],[72.321667,50.759267],[72.321706,50.759328],[72.321718,50.759325],[72.321736,50.759354],[72.321797,50.759338],[72.321814,50.759365],[72.321753,50.75938],[72.321806,50.759462],[72.321705,50.759488],[72.321617,50.759351],[72.321578,50.75929],[72.321585,50.759288],[72.321572,50.759268],[72.321647,50.759248],[72.321661,50.759269]]]}},{"type":"Feature","properties":{"kind":"building","h":6,"src":"genplan"},"geometry":{"type":"Polygon","coordinates":[[[72.32231,50.758744],[72.322243,50.758763],[72.322195,50.758694],[72.322262,50.758675],[72.322257,50.758668],[72.322364,50.758638],[72.322463,50.758781],[72.322356,50.75881],[72.32231,50.758744]]]}},{"type":"Feature","properties":{"kind":"building","h":6,"src":"genplan"},"geometry":{"type":"Polygon","coordinates":[[[72.322111,50.758452],[72.322111,50.758452],[72.322085,50.75846],[72.322115,50.758503],[72.322061,50.758518],[72.322116,50.758596],[72.322196,50.758574],[72.322302,50.758544],[72.322158,50.758337],[72.322052,50.758367],[72.322111,50.758452],[72.322111,50.758452]]]}},{"type":"Feature","properties":{"kind":"building","h":6,"src":"genplan"},"geometry":{"type":"Polygon","coordinates":[[[72.318789,50.759868],[72.318721,50.759889],[72.318705,50.759868],[72.318773,50.759848],[72.318709,50.759763],[72.318954,50.759689],[72.319034,50.759794],[72.318789,50.759868]]]}},{"type":"Feature","properties":{"kind":"building","h":6,"src":"genplan"},"geometry":{"type":"Polygon","coordinates":[[[72.319275,50.759481],[72.319087,50.759543],[72.319148,50.759617],[72.319461,50.759514],[72.3194,50.75944],[72.319354,50.759455],[72.319338,50.759435],[72.319259,50.759461],[72.319275,50.759481]]]}},{"type":"Feature","properties":{"kind":"building","h":6,"src":"genplan"},"geometry":{"type":"Polygon","coordinates":[[[72.320421,50.759933],[72.320437,50.759959],[72.32039,50.759971],[72.320374,50.759944],[72.320278,50.759968],[72.320254,50.759928],[72.320198,50.759942],[72.320153,50.759867],[72.320209,50.759854],[72.32016,50.759772],[72.320146,50.75975],[72.320222,50.759732],[72.320235,50.759754],[72.320303,50.759738],[72.320421,50.759933]]]}},{"type":"Feature","properties":{"kind":"building","h":6,"src":"genplan"},"geometry":{"type":"Polygon","coordinates":[[[72.320491,50.76008],[72.320615,50.760284],[72.320493,50.760313],[72.32037,50.760109],[72.320491,50.76008]]]}},{"type":"Feature","properties":{"kind":"building","h":6,"src":"genplan"},"geometry":{"type":"Polygon","coordinates":[[[72.319357,50.759822],[72.31941,50.759807],[72.31954,50.759995],[72.319487,50.76001],[72.319491,50.760016],[72.319392,50.760043],[72.319228,50.759807],[72.319328,50.759779],[72.319357,50.759822],[72.319357,50.759822]]]}},{"type":"Feature","properties":{"kind":"building","h":6,"src":"genplan"},"geometry":{"type":"Polygon","coordinates":[[[72.319939,50.760293],[72.319947,50.760307],[72.319866,50.760328],[72.319845,50.760295],[72.319811,50.760304],[72.319727,50.760174],[72.319861,50.760139],[72.319885,50.760176],[72.319919,50.760167],[72.319993,50.760279],[72.319939,50.760293],[72.319939,50.760293]]]}},{"type":"Feature","properties":{"kind":"building","h":4,"src":"genplan"},"geometry":{"type":"Polygon","coordinates":[[[72.319904,50.760388],[72.319888,50.760363],[72.319958,50.760344],[72.319975,50.76037],[72.319904,50.760388]]]}},{"type":"Feature","properties":{"kind":"building","h":4,"src":"genplan"},"geometry":{"type":"Polygon","coordinates":[[[72.322262,50.759566],[72.322347,50.759548],[72.32232,50.759496],[72.322239,50.759512],[72.322232,50.759498],[72.322144,50.759513],[72.322176,50.759586],[72.322264,50.75957],[72.322262,50.759566],[72.322262,50.759566]]]}},{"type":"Feature","properties":{"kind":"building","h":6,"src":"genplan"},"geometry":{"type":"Polygon","coordinates":[[[72.320811,50.760667],[72.320891,50.760647],[72.320795,50.76049],[72.320667,50.760522],[72.320745,50.760649],[72.320693,50.760662],[72.320666,50.760669],[72.320671,50.760677],[72.320626,50.760688],[72.320642,50.760714],[72.320695,50.760701],[72.320692,50.760697],[72.320712,50.760692],[72.320715,50.760697],[72.320814,50.760672],[72.320811,50.760667]]]}},{"type":"Feature","properties":{"kind":"building","h":6,"src":"genplan"},"geometry":{"type":"Polygon","coordinates":[[[72.32034,50.760823],[72.320387,50.760894],[72.320441,50.76088],[72.320497,50.760865],[72.320519,50.760897],[72.320462,50.760912],[72.320496,50.760963],[72.320442,50.760977],[72.320333,50.761006],[72.320197,50.760802],[72.320306,50.760773],[72.32034,50.760823]]]}},{"type":"Feature","properties":{"kind":"building","h":4,"src":"genplan"},"geometry":{"type":"Polygon","coordinates":[[[72.32034,50.760823],[72.320402,50.760807],[72.320322,50.760686],[72.32026,50.760703],[72.320306,50.760773],[72.32034,50.760823]]]}},{"type":"Feature","properties":{"kind":"building","h":6,"src":"genplan"},"geometry":{"type":"Polygon","coordinates":[[[72.320521,50.761074],[72.32057,50.76106],[72.320618,50.761125],[72.320569,50.761139],[72.320591,50.76117],[72.320644,50.761155],[72.320729,50.761271],[72.320676,50.761286],[72.320682,50.761294],[72.32058,50.761324],[72.320399,50.761077],[72.320501,50.761047],[72.320521,50.761074],[72.320521,50.761074]]]}},{"type":"Feature","properties":{"kind":"building","h":4,"src":"genplan"},"geometry":{"type":"Polygon","coordinates":[[[72.320773,50.761312],[72.32093,50.761266],[72.320899,50.761225],[72.320742,50.761271],[72.320773,50.761312]]]}},{"type":"Feature","properties":{"kind":"building","h":6,"src":"genplan"},"geometry":{"type":"Polygon","coordinates":[[[72.320835,50.761443],[72.320788,50.761378],[72.320629,50.761425],[72.320676,50.761489],[72.32076,50.761604],[72.320949,50.761549],[72.320865,50.761434],[72.320835,50.761443]]]}},{"type":"Feature","properties":{"kind":"building","h":6,"src":"genplan"},"geometry":{"type":"Polygon","coordinates":[[[72.324486,50.763573],[72.325104,50.763528],[72.325082,50.763407],[72.324656,50.763438],[72.324486,50.763573]]]}},{"type":"Feature","properties":{"kind":"building","h":6,"src":"genplan"},"geometry":{"type":"Polygon","coordinates":[[[72.320865,50.762109],[72.320854,50.762111],[72.320889,50.76217],[72.321235,50.762086],[72.321217,50.762056],[72.321242,50.76205],[72.321215,50.762006],[72.32119,50.762012],[72.321179,50.762014],[72.321172,50.762003],[72.321138,50.762011],[72.321145,50.762023],[72.32093,50.762075],[72.320921,50.762059],[72.320846,50.762077],[72.320855,50.762093],[72.320865,50.762109]]]}},{"type":"Feature","properties":{"kind":"building","h":6,"src":"genplan"},"geometry":{"type":"Polygon","coordinates":[[[72.320871,50.76181],[72.320848,50.761816],[72.320921,50.76193],[72.320951,50.761922],[72.320975,50.761959],[72.320946,50.761967],[72.320967,50.761999],[72.321239,50.761928],[72.321154,50.761799],[72.321211,50.761784],[72.321176,50.761731],[72.32112,50.761745],[72.320926,50.761796],[72.320898,50.761753],[72.320843,50.761767],[72.320871,50.76181]]]}},{"type":"Feature","properties":{"kind":"building","h":6,"src":"genplan"},"geometry":{"type":"Polygon","coordinates":[[[72.321563,50.762171],[72.321763,50.762124],[72.321705,50.762024],[72.321505,50.762071],[72.321563,50.762171]]]}},{"type":"Feature","properties":{"kind":"building","h":4,"src":"genplan"},"geometry":{"type":"Polygon","coordinates":[[[72.32192,50.76186],[72.322043,50.761841],[72.322059,50.761884],[72.321936,50.761903],[72.32192,50.76186]]]}},{"type":"Feature","properties":{"kind":"building","h":4,"src":"genplan"},"geometry":{"type":"Polygon","coordinates":[[[72.322043,50.762077],[72.32214,50.76206],[72.322127,50.762032],[72.322031,50.762049],[72.322043,50.762077]]]}},{"type":"Feature","properties":{"kind":"building","h":4,"src":"genplan"},"geometry":{"type":"Polygon","coordinates":[[[72.321918,50.762162],[72.322135,50.762117],[72.322156,50.762156],[72.321938,50.762201],[72.321918,50.762162]]]}},{"type":"Feature","properties":{"kind":"building","h":6,"src":"genplan"},"geometry":{"type":"Polygon","coordinates":[[[72.32095,50.760934],[72.321073,50.760901],[72.321236,50.761141],[72.321113,50.761174],[72.32095,50.760934]]]}},{"type":"Feature","properties":{"kind":"building","h":4,"src":"genplan"},"geometry":{"type":"Polygon","coordinates":[[[72.321879,50.762364],[72.321858,50.762326],[72.32179,50.762342],[72.321862,50.762468],[72.32193,50.762452],[72.321971,50.762443],[72.321921,50.762354],[72.321879,50.762364]]]}},{"type":"Feature","properties":{"kind":"building","h":6,"src":"genplan"},"geometry":{"type":"Polygon","coordinates":[[[72.321949,50.762697],[72.321972,50.762746],[72.321849,50.76277],[72.321779,50.762622],[72.321902,50.762599],[72.321962,50.762587],[72.322008,50.762685],[72.321949,50.762697]]]}},{"type":"Feature","properties":{"kind":"building","h":6,"src":"genplan"},"geometry":{"type":"Polygon","coordinates":[[[72.321693,50.762773],[72.321732,50.762762],[72.321745,50.762782],[72.321706,50.762792],[72.321564,50.762831],[72.321461,50.76268],[72.321519,50.762664],[72.321505,50.762642],[72.321588,50.76262],[72.321602,50.762641],[72.321693,50.762773]]]}},{"type":"Feature","properties":{"kind":"building","h":4,"src":"genplan"},"geometry":{"type":"Polygon","coordinates":[[[72.321704,50.762847],[72.321771,50.762831],[72.321804,50.762887],[72.321738,50.762903],[72.321704,50.762847]]]}},{"type":"Feature","properties":{"kind":"building","h":4,"src":"genplan"},"geometry":{"type":"Polygon","coordinates":[[[72.32161,50.762899],[72.321654,50.762889],[72.321671,50.762917],[72.321627,50.762927],[72.32161,50.762899]]]}},{"type":"Feature","properties":{"kind":"building","h":4,"src":"genplan"},"geometry":{"type":"Polygon","coordinates":[[[72.321755,50.762556],[72.321768,50.762585],[72.321745,50.762589],[72.321724,50.762544],[72.321747,50.76254],[72.321858,50.76252],[72.321865,50.762536],[72.321755,50.762556],[72.321755,50.762556]]]}},{"type":"Feature","properties":{"kind":"building","h":6,"src":"genplan"},"geometry":{"type":"Polygon","coordinates":[[[72.321518,50.761602],[72.321495,50.761555],[72.321406,50.761573],[72.321429,50.761619],[72.321399,50.761625],[72.321438,50.761707],[72.32142,50.76171],[72.32148,50.761835],[72.321569,50.761818],[72.321508,50.761693],[72.321557,50.761684],[72.321518,50.761602]]]}},{"type":"Feature","properties":{"kind":"building","h":4,"src":"genplan"},"geometry":{"type":"Polygon","coordinates":[[[72.321316,50.761487],[72.321453,50.761451],[72.32143,50.761416],[72.321293,50.761453],[72.321316,50.761487]]]}},{"type":"Feature","properties":{"kind":"building","h":6,"src":"genplan"},"geometry":{"type":"Polygon","coordinates":[[[72.32297,50.761084],[72.323053,50.761239],[72.323218,50.761204],[72.323134,50.761049],[72.32297,50.761084]]]}},{"type":"Feature","properties":{"kind":"building","h":4,"src":"genplan"},"geometry":{"type":"Polygon","coordinates":[[[72.323483,50.760956],[72.323559,50.761098],[72.323649,50.761079],[72.323573,50.760937],[72.323483,50.760956]]]}},{"type":"Feature","properties":{"kind":"building","h":6,"src":"genplan"},"geometry":{"type":"Polygon","coordinates":[[[72.323955,50.761485],[72.323969,50.761482],[72.32393,50.761413],[72.323916,50.761416],[72.323916,50.761416],[72.3239,50.761387],[72.323931,50.76138],[72.323906,50.761335],[72.323874,50.761342],[72.323726,50.761376],[72.323807,50.761519],[72.323955,50.761485]]]}},{"type":"Feature","properties":{"kind":"building","h":6,"src":"genplan"},"geometry":{"type":"Polygon","coordinates":[[[72.32325,50.76053],[72.323418,50.760494],[72.323501,50.760651],[72.323421,50.760668],[72.323442,50.760707],[72.323354,50.760726],[72.323333,50.760687],[72.323293,50.760611],[72.323197,50.760631],[72.323154,50.76055],[72.32325,50.76053]]]}},{"type":"Feature","properties":{"kind":"building","h":6,"src":"genplan"},"geometry":{"type":"Polygon","coordinates":[[[72.324466,50.760432],[72.32454,50.760415],[72.324498,50.76034],[72.324425,50.760356],[72.324382,50.760278],[72.324329,50.76029],[72.324309,50.760255],[72.324253,50.760267],[72.324273,50.760302],[72.324307,50.760294],[72.324391,50.760448],[72.324466,50.760432]]]}},{"type":"Feature","properties":{"kind":"building","h":6,"src":"genplan"},"geometry":{"type":"Polygon","coordinates":[[[72.32487,50.759931],[72.324887,50.759962],[72.324674,50.76001],[72.324657,50.759979],[72.324622,50.759917],[72.325007,50.759831],[72.325042,50.759893],[72.32487,50.759931]]]}},{"type":"Feature","properties":{"kind":"building","h":6,"src":"genplan"},"geometry":{"type":"Polygon","coordinates":[[[72.325264,50.759843],[72.325284,50.759879],[72.325371,50.759859],[72.325352,50.759824],[72.3256,50.759769],[72.325568,50.75971],[72.325232,50.759785],[72.325264,50.759843]]]}},{"type":"Feature","properties":{"kind":"building","h":6,"src":"genplan"},"geometry":{"type":"Polygon","coordinates":[[[72.325567,50.760151],[72.325498,50.759949],[72.325675,50.759925],[72.325744,50.760127],[72.325567,50.760151]]]}},{"type":"Feature","properties":{"kind":"building","h":4,"src":"genplan"},"geometry":{"type":"Polygon","coordinates":[[[72.325701,50.760472],[72.325652,50.760306],[72.325753,50.760294],[72.325802,50.76046],[72.325701,50.760472]]]}},{"type":"Feature","properties":{"kind":"building","h":4,"src":"genplan"},"geometry":{"type":"Polygon","coordinates":[[[72.324052,50.76179],[72.324097,50.76178],[72.324125,50.76183],[72.32408,50.76184],[72.324111,50.761894],[72.32402,50.761915],[72.323961,50.761811],[72.324052,50.76179]]]}},{"type":"Feature","properties":{"kind":"building","h":6,"src":"genplan"},"geometry":{"type":"Polygon","coordinates":[[[72.325071,50.761519],[72.325038,50.761461],[72.324956,50.76148],[72.325085,50.761708],[72.325167,50.761689],[72.325197,50.761682],[72.325101,50.761512],[72.325071,50.761519]]]}},{"type":"Feature","properties":{"kind":"building","h":6,"src":"genplan"},"geometry":{"type":"Polygon","coordinates":[[[72.326043,50.761139],[72.325995,50.76103],[72.325921,50.761043],[72.326016,50.761259],[72.32609,50.761246],[72.326129,50.761239],[72.326082,50.761133],[72.326043,50.761139],[72.326043,50.761139]]]}},{"type":"Feature","properties":{"kind":"building","h":4,"src":"genplan"},"geometry":{"type":"Polygon","coordinates":[[[72.325972,50.761497],[72.326048,50.761483],[72.326025,50.761434],[72.32595,50.761449],[72.325972,50.761497]]]}},{"type":"Feature","properties":{"kind":"building","h":6,"src":"genplan"},"geometry":{"type":"Polygon","coordinates":[[[72.325385,50.762265],[72.325358,50.762172],[72.325448,50.762161],[72.325475,50.762254],[72.325536,50.762247],[72.325561,50.762332],[72.325351,50.762357],[72.325325,50.762272],[72.325385,50.762265]]]}},{"type":"Feature","properties":{"kind":"building","h":4,"src":"genplan"},"geometry":{"type":"Polygon","coordinates":[[[72.325187,50.762508],[72.325173,50.762463],[72.325297,50.762448],[72.32531,50.762494],[72.325187,50.762508]]]}},{"type":"Feature","properties":{"kind":"building","h":4,"src":"genplan"},"geometry":{"type":"Polygon","coordinates":[[[72.325587,50.762469],[72.325656,50.762464],[72.325648,50.762422],[72.325579,50.762428],[72.325587,50.762469]]]}},{"type":"Feature","properties":{"kind":"building","h":4,"src":"genplan"},"geometry":{"type":"Polygon","coordinates":[[[72.326204,50.761838],[72.3263,50.761827],[72.326344,50.76198],[72.326247,50.761991],[72.326204,50.761838]]]}},{"type":"Feature","properties":{"kind":"building","h":4,"src":"genplan"},"geometry":{"type":"Polygon","coordinates":[[[72.32663,50.761999],[72.326756,50.761989],[72.326769,50.762055],[72.326643,50.762065],[72.32663,50.761999]]]}},{"type":"Feature","properties":{"kind":"building","h":6,"src":"genplan"},"geometry":{"type":"Polygon","coordinates":[[[72.326403,50.762145],[72.326438,50.76232],[72.326246,50.762335],[72.326212,50.76216],[72.32632,50.762151],[72.32631,50.762103],[72.326394,50.762096],[72.326403,50.762145]]]}},{"type":"Feature","properties":{"kind":"building","h":4,"src":"genplan"},"geometry":{"type":"Polygon","coordinates":[[[72.323397,50.762681],[72.323393,50.762665],[72.323494,50.762655],[72.323498,50.762672],[72.323512,50.762729],[72.323393,50.76274],[72.323379,50.762683],[72.323397,50.762681],[72.323397,50.762681]]]}},{"type":"Feature","properties":{"kind":"building","h":4,"src":"genplan"},"geometry":{"type":"Polygon","coordinates":[[[72.323381,50.762492],[72.323361,50.762409],[72.323315,50.762413],[72.323335,50.762497],[72.323352,50.762564],[72.32339,50.762561],[72.323398,50.762595],[72.323438,50.762591],[72.323447,50.762629],[72.323484,50.762625],[72.323475,50.762588],[72.323534,50.762582],[72.323525,50.762548],[72.323474,50.762552],[72.323457,50.762485],[72.323381,50.762492]]]}},{"type":"Feature","properties":{"kind":"building","h":4,"src":"genplan"},"geometry":{"type":"Polygon","coordinates":[[[72.328013,50.761641],[72.327992,50.761581],[72.328256,50.761545],[72.328276,50.761605],[72.328013,50.761641]]]}},{"type":"Feature","properties":{"kind":"building","h":6,"src":"genplan"},"geometry":{"type":"Polygon","coordinates":[[[72.326193,50.762961],[72.326332,50.762952],[72.326298,50.762735],[72.326159,50.762744],[72.326193,50.762961]]]}},{"type":"Feature","properties":{"kind":"building","h":6,"src":"genplan"},"geometry":{"type":"Polygon","coordinates":[[[72.32667,50.762923],[72.326811,50.762914],[72.326778,50.762699],[72.326637,50.762708],[72.32667,50.762923]]]}},{"type":"Feature","properties":{"kind":"building","h":6,"src":"genplan"},"geometry":{"type":"Polygon","coordinates":[[[72.325709,50.762764],[72.325705,50.762738],[72.325808,50.762731],[72.325813,50.762756],[72.325853,50.762982],[72.325712,50.762992],[72.325672,50.762766],[72.325709,50.762764],[72.325709,50.762764]]]}},{"type":"Feature","properties":{"kind":"building","h":6,"src":"genplan"},"geometry":{"type":"Polygon","coordinates":[[[72.325212,50.763023],[72.325355,50.763013],[72.325315,50.76279],[72.325172,50.7628],[72.325212,50.763023]]]}},{"type":"Feature","properties":{"kind":"building","h":4,"src":"genplan"},"geometry":{"type":"Polygon","coordinates":[[[72.325239,50.762718],[72.325346,50.76271],[72.325332,50.762631],[72.325225,50.762639],[72.325239,50.762718]]]}},{"type":"Feature","properties":{"kind":"building","h":6,"src":"genplan"},"geometry":{"type":"Polygon","coordinates":[[[72.327867,50.762785],[72.328055,50.762775],[72.328062,50.762838],[72.327778,50.762852],[72.32777,50.762789],[72.327778,50.762789],[72.327772,50.762744],[72.327862,50.76274],[72.327867,50.762785],[72.327867,50.762785]]]}},{"type":"Feature","properties":{"kind":"building","h":4,"src":"genplan"},"geometry":{"type":"Polygon","coordinates":[[[72.327886,50.76369],[72.32784,50.763695],[72.327824,50.763629],[72.327949,50.763616],[72.327966,50.763682],[72.327986,50.76376],[72.327906,50.763768],[72.327886,50.76369]]]}},{"type":"Feature","properties":{"kind":"building","h":4,"src":"genplan"},"geometry":{"type":"Polygon","coordinates":[[[72.327946,50.763764],[72.327952,50.76379],[72.32808,50.763777],[72.328073,50.763751],[72.327946,50.763764]]]}},{"type":"Feature","properties":{"kind":"building","h":4,"src":"genplan"},"geometry":{"type":"Polygon","coordinates":[[[72.328078,50.76359],[72.328103,50.763659],[72.32817,50.763649],[72.328145,50.76358],[72.328078,50.76359]]]}},{"type":"Feature","properties":{"kind":"building","h":6,"src":"genplan"},"geometry":{"type":"Polygon","coordinates":[[[72.32805,50.764002],[72.32805,50.764002],[72.32805,50.764002],[72.328042,50.763949],[72.328089,50.763946],[72.328084,50.763916],[72.328038,50.763919],[72.327863,50.76393],[72.327867,50.763954],[72.327757,50.763958],[72.327763,50.764017],[72.32805,50.764002],[72.32805,50.764002],[72.32805,50.764002]]]}},{"type":"Feature","properties":{"kind":"building","h":6,"src":"genplan"},"geometry":{"type":"Polygon","coordinates":[[[72.327586,50.764131],[72.327589,50.764148],[72.327754,50.764138],[72.327753,50.764132],[72.327833,50.764127],[72.327831,50.764116],[72.328055,50.764103],[72.32805,50.764066],[72.327581,50.764095],[72.327586,50.764131]]]}},{"type":"Feature","properties":{"kind":"building","h":6,"src":"genplan"},"geometry":{"type":"Polygon","coordinates":[[[72.328079,50.76424],[72.328044,50.764242],[72.32804,50.764213],[72.328076,50.764211],[72.328071,50.76417],[72.328259,50.764161],[72.328278,50.76431],[72.32809,50.764319],[72.328079,50.76424],[72.328079,50.76424]]]}},{"type":"Feature","properties":{"kind":"building","h":6,"src":"genplan"},"geometry":{"type":"Polygon","coordinates":[[[72.328025,50.764349],[72.328031,50.764397],[72.327728,50.764412],[72.327722,50.764365],[72.327791,50.764361],[72.327787,50.764333],[72.328021,50.764321],[72.328025,50.764349]]]}},{"type":"Feature","properties":{"kind":"building","h":4,"src":"genplan"},"geometry":{"type":"Polygon","coordinates":[[[72.327878,50.764781],[72.327878,50.764809],[72.327953,50.764809],[72.327953,50.764781],[72.327878,50.764781]]]}},{"type":"Feature","properties":{"kind":"building","h":4,"src":"genplan"},"geometry":{"type":"Polygon","coordinates":[[[72.327951,50.764888],[72.32795,50.764844],[72.328096,50.764842],[72.328097,50.764886],[72.327951,50.764888]]]}},{"type":"Feature","properties":{"kind":"building","h":4,"src":"genplan"},"geometry":{"type":"Polygon","coordinates":[[[72.327953,50.764941],[72.327953,50.765004],[72.32824,50.765003],[72.328239,50.764941],[72.327953,50.764941]]]}},{"type":"Feature","properties":{"kind":"building","h":6,"src":"genplan"},"geometry":{"type":"Polygon","coordinates":[[[72.327934,50.765528],[72.327937,50.765605],[72.328298,50.7656],[72.328295,50.765523],[72.327934,50.765528]]]}},{"type":"Feature","properties":{"kind":"building","h":6,"src":"genplan"},"geometry":{"type":"Polygon","coordinates":[[[72.328123,50.765857],[72.328118,50.765818],[72.327859,50.76583],[72.327864,50.76587],[72.327794,50.765873],[72.327799,50.765914],[72.328128,50.765898],[72.328123,50.765857]]]}},{"type":"Feature","properties":{"kind":"building","h":4,"src":"genplan"},"geometry":{"type":"Polygon","coordinates":[[[72.327891,50.766196],[72.327888,50.766131],[72.328037,50.766129],[72.32804,50.766194],[72.327891,50.766196]]]}},{"type":"Feature","properties":{"kind":"building","h":6,"src":"genplan"},"geometry":{"type":"Polygon","coordinates":[[[72.326727,50.767349],[72.326932,50.767331],[72.3269,50.767186],[72.326767,50.767198],[72.326791,50.767307],[72.326719,50.767313],[72.326727,50.767349],[72.326727,50.767349]]]}},{"type":"Feature","properties":{"kind":"building","h":4,"src":"genplan"},"geometry":{"type":"Polygon","coordinates":[[[72.326705,50.766867],[72.326765,50.766866],[72.326768,50.766969],[72.326768,50.766969],[72.326631,50.76697],[72.326628,50.766836],[72.326704,50.766835],[72.326705,50.766867]]]}},{"type":"Feature","properties":{"kind":"building","h":6,"src":"genplan"},"geometry":{"type":"Polygon","coordinates":[[[72.326843,50.76663],[72.326558,50.76663],[72.326558,50.766545],[72.326558,50.766545],[72.326541,50.766545],[72.326541,50.766451],[72.326541,50.766451],[72.326771,50.766451],[72.326771,50.766539],[72.326843,50.766539],[72.326843,50.76663],[72.326843,50.76663]]]}},{"type":"Feature","properties":{"kind":"building","h":6,"src":"genplan"},"geometry":{"type":"Polygon","coordinates":[[[72.326632,50.766142],[72.32656,50.766142],[72.326562,50.766236],[72.326781,50.766234],[72.326781,50.766234],[72.326777,50.766021],[72.32663,50.766022],[72.326632,50.766142],[72.326632,50.766142]]]}},{"type":"Feature","properties":{"kind":"building","h":6,"src":"genplan"},"geometry":{"type":"Polygon","coordinates":[[[72.326556,50.765906],[72.326552,50.765808],[72.326813,50.765804],[72.326816,50.765902],[72.326556,50.765906]]]}},{"type":"Feature","properties":{"kind":"building","h":6,"src":"genplan"},"geometry":{"type":"Polygon","coordinates":[[[72.326112,50.765458],[72.326059,50.765462],[72.326069,50.765516],[72.326122,50.765512],[72.326132,50.76557],[72.326235,50.765563],[72.326226,50.765517],[72.326324,50.76551],[72.326305,50.765406],[72.326207,50.765413],[72.326105,50.76542],[72.326112,50.765458]]]}},{"type":"Feature","properties":{"kind":"building","h":4,"src":"genplan"},"geometry":{"type":"Polygon","coordinates":[[[72.326676,50.765593],[72.326684,50.765633],[72.326782,50.765626],[72.326775,50.765585],[72.326676,50.765593]]]}},{"type":"Feature","properties":{"kind":"building","h":4,"src":"genplan"},"geometry":{"type":"Polygon","coordinates":[[[72.326879,50.765622],[72.32692,50.765618],[72.326909,50.765572],[72.326868,50.765576],[72.326879,50.765622]]]}},{"type":"Feature","properties":{"kind":"building","h":4,"src":"genplan"},"geometry":{"type":"Polygon","coordinates":[[[72.326968,50.76562],[72.327013,50.765616],[72.327004,50.765569],[72.326959,50.765573],[72.326968,50.76562]]]}},{"type":"Feature","properties":{"kind":"building","h":6,"src":"genplan"},"geometry":{"type":"Polygon","coordinates":[[[72.326656,50.755096],[72.325819,50.755436],[72.325757,50.755375],[72.326594,50.755035],[72.326656,50.755096]]]}},{"type":"Feature","properties":{"kind":"building","h":4,"src":"genplan"},"geometry":{"type":"Polygon","coordinates":[[[72.325955,50.75555],[72.326008,50.755528],[72.32608,50.7556],[72.326028,50.755621],[72.325955,50.75555]]]}},{"type":"Feature","properties":{"kind":"building","h":4,"src":"genplan"},"geometry":{"type":"Polygon","coordinates":[[[72.326807,50.756265],[72.32684,50.756252],[72.32691,50.756321],[72.326878,50.756334],[72.326801,50.756365],[72.326713,50.756279],[72.32679,50.756248],[72.326807,50.756265]]]}},{"type":"Feature","properties":{"kind":"building","h":4,"src":"genplan"},"geometry":{"type":"Polygon","coordinates":[[[72.327023,50.75637],[72.327084,50.756345],[72.327127,50.756388],[72.327066,50.756413],[72.327023,50.75637]]]}},{"type":"Feature","properties":{"kind":"building","h":4,"src":"genplan"},"geometry":{"type":"Polygon","coordinates":[[[72.32452,50.75901],[72.324507,50.758987],[72.32437,50.759018],[72.324383,50.759041],[72.32443,50.75903],[72.324454,50.759073],[72.324544,50.759052],[72.32452,50.75901]]]}},{"type":"Feature","properties":{"kind":"building","h":4,"src":"genplan"},"geometry":{"type":"Polygon","coordinates":[[[72.324626,50.758904],[72.324669,50.758894],[72.324706,50.75896],[72.324663,50.758969],[72.324626,50.758904]]]}},{"type":"Feature","properties":{"kind":"building","h":6,"src":"genplan"},"geometry":{"type":"Polygon","coordinates":[[[72.324709,50.75858],[72.32458,50.75863],[72.32472,50.758776],[72.324849,50.758726],[72.324709,50.75858]]]}},{"type":"Feature","properties":{"kind":"building","h":4,"src":"genplan"},"geometry":{"type":"Polygon","coordinates":[[[72.32458,50.75863],[72.324511,50.758657],[72.324611,50.75876],[72.32468,50.758734],[72.32458,50.75863]]]}},{"type":"Feature","properties":{"kind":"building","h":4,"src":"genplan"},"geometry":{"type":"Polygon","coordinates":[[[72.324471,50.758524],[72.324516,50.758504],[72.324558,50.758544],[72.324513,50.758563],[72.324471,50.758524]]]}},{"type":"Feature","properties":{"kind":"building","h":4,"src":"genplan"},"geometry":{"type":"Polygon","coordinates":[[[72.324799,50.758465],[72.324871,50.758437],[72.324893,50.758459],[72.324822,50.758488],[72.324799,50.758465]]]}},{"type":"Feature","properties":{"kind":"building","h":4,"src":"genplan"},"geometry":{"type":"Polygon","coordinates":[[[72.325744,50.763612],[72.325687,50.763616],[72.325679,50.763571],[72.325736,50.763567],[72.325732,50.76354],[72.32595,50.763525],[72.325963,50.763597],[72.325744,50.763612]]]}},{"type":"Feature","properties":{"kind":"building","h":6,"src":"genplan"},"geometry":{"type":"Polygon","coordinates":[[[72.325166,50.763713],[72.325364,50.763706],[72.325374,50.763817],[72.325176,50.763825],[72.325166,50.763713]]]}},{"type":"Feature","properties":{"kind":"building","h":4,"src":"genplan"},"geometry":{"type":"Polygon","coordinates":[[[72.325581,50.763513],[72.325664,50.763511],[72.32566,50.763464],[72.325577,50.763467],[72.325581,50.763513]]]}},{"type":"Feature","properties":{"kind":"building","h":4,"src":"genplan"},"geometry":{"type":"Polygon","coordinates":[[[72.325574,50.763457],[72.32564,50.763455],[72.325639,50.763433],[72.325572,50.763435],[72.325574,50.763457]]]}},{"type":"Feature","properties":{"kind":"building","h":4,"src":"genplan"},"geometry":{"type":"Polygon","coordinates":[[[72.325909,50.763488],[72.325962,50.763483],[72.325956,50.763453],[72.325903,50.763457],[72.325909,50.763488]]]}},{"type":"Feature","properties":{"kind":"building","h":4,"src":"genplan"},"geometry":{"type":"Polygon","coordinates":[[[72.32603,50.76357],[72.326098,50.763565],[72.326102,50.763582],[72.326034,50.763587],[72.32603,50.76357]]]}},{"type":"Feature","properties":{"kind":"building","h":4,"src":"genplan"},"geometry":{"type":"Polygon","coordinates":[[[72.326305,50.763486],[72.326504,50.76347],[72.326518,50.763539],[72.326319,50.763555],[72.326305,50.763486]]]}},{"type":"Feature","properties":{"kind":"building","h":4,"src":"genplan"},"geometry":{"type":"Polygon","coordinates":[[[72.326304,50.763329],[72.326321,50.763442],[72.326461,50.763434],[72.326444,50.76332],[72.326304,50.763329]]]}},{"type":"Feature","properties":{"kind":"building","h":4,"src":"genplan"},"geometry":{"type":"Polygon","coordinates":[[[72.326679,50.763419],[72.326706,50.763517],[72.326652,50.763523],[72.326625,50.763425],[72.326679,50.763419]]]}},{"type":"Feature","properties":{"kind":"building","h":4,"src":"genplan"},"geometry":{"type":"Polygon","coordinates":[[[72.326743,50.763453],[72.326938,50.763437],[72.326951,50.7635],[72.326756,50.763516],[72.326743,50.763453]]]}},{"type":"Feature","properties":{"kind":"building","h":4,"src":"genplan"},"geometry":{"type":"Polygon","coordinates":[[[72.326938,50.763437],[72.327029,50.76343],[72.327038,50.763477],[72.326948,50.763484],[72.326938,50.763437]]]}},{"type":"Feature","properties":{"kind":"building","h":8,"src":"genplan"},"geometry":{"type":"Polygon","coordinates":[[[72.326566,50.764667],[72.32615,50.764682],[72.326135,50.764524],[72.326661,50.764504],[72.326676,50.764663],[72.326679,50.764694],[72.326569,50.764698],[72.326566,50.764667]]]}},{"type":"Feature","properties":{"kind":"building","h":4,"src":"genplan"},"geometry":{"type":"Polygon","coordinates":[[[72.326573,50.764877],[72.326576,50.764707],[72.326677,50.764708],[72.326674,50.764878],[72.326573,50.764877]]]}},{"type":"Feature","properties":{"kind":"building","h":4,"src":"genplan"},"geometry":{"type":"Polygon","coordinates":[[[72.32659,50.763773],[72.326593,50.763801],[72.326467,50.763806],[72.326464,50.763779],[72.326402,50.763781],[72.326395,50.763722],[72.326584,50.763713],[72.32659,50.763773]]]}},{"type":"Feature","properties":{"kind":"building","h":4,"src":"genplan"},"geometry":{"type":"Polygon","coordinates":[[[72.326599,50.763738],[72.326596,50.763712],[72.326713,50.763707],[72.326715,50.763733],[72.326599,50.763738]]]}},{"type":"Feature","properties":{"kind":"building","h":4,"src":"genplan"},"geometry":{"type":"Polygon","coordinates":[[[72.326302,50.763782],[72.326301,50.763729],[72.326331,50.763729],[72.326331,50.763782],[72.326302,50.763782]]]}},{"type":"Feature","properties":{"kind":"building","h":4,"src":"genplan"},"geometry":{"type":"Polygon","coordinates":[[[72.326738,50.763894],[72.326648,50.763897],[72.326649,50.763921],[72.326739,50.763919],[72.326738,50.763894]]]}},{"type":"Feature","properties":{"kind":"building","h":6,"src":"genplan"},"geometry":{"type":"Polygon","coordinates":[[[72.326475,50.76397],[72.326636,50.763965],[72.326646,50.764087],[72.326485,50.764092],[72.326481,50.764037],[72.326401,50.76404],[72.32639,50.763902],[72.326469,50.763899],[72.326469,50.763899],[72.326475,50.76397]]]}},{"type":"Feature","properties":{"kind":"building","h":4,"src":"genplan"},"geometry":{"type":"Polygon","coordinates":[[[72.326469,50.763899],[72.326468,50.763889],[72.326537,50.763887],[72.32654,50.763927],[72.326472,50.76393],[72.326469,50.763899]]]}},{"type":"Feature","properties":{"kind":"building","h":6,"src":"genplan"},"geometry":{"type":"Polygon","coordinates":[[[72.326514,50.764224],[72.326507,50.764148],[72.326507,50.764148],[72.326436,50.764151],[72.32645,50.764317],[72.326494,50.764315],[72.326497,50.76435],[72.32666,50.764344],[72.32665,50.764219],[72.326514,50.764224],[72.326514,50.764224]]]}},{"type":"Feature","properties":{"kind":"building","h":6,"src":"genplan"},"geometry":{"type":"Polygon","coordinates":[[[72.323795,50.763786],[72.323788,50.764016],[72.323696,50.764015],[72.323703,50.763785],[72.323795,50.763786]]]}},{"type":"Feature","properties":{"kind":"building","h":6,"src":"genplan"},"geometry":{"type":"Polygon","coordinates":[[[72.322069,50.764409],[72.322069,50.764409],[72.322011,50.764417],[72.322026,50.764464],[72.321981,50.76447],[72.321998,50.764519],[72.321998,50.764519],[72.321998,50.764519],[72.322258,50.764485],[72.322219,50.764367],[72.322062,50.764388],[72.322069,50.764409],[72.322069,50.764409]]]}},{"type":"Feature","properties":{"kind":"building","h":4,"src":"genplan"},"geometry":{"type":"Polygon","coordinates":[[[72.322132,50.764331],[72.322117,50.764285],[72.322195,50.764275],[72.322211,50.764321],[72.322132,50.764331]]]}},{"type":"Feature","properties":{"kind":"building","h":4,"src":"genplan"},"geometry":{"type":"Polygon","coordinates":[[[72.322329,50.764283],[72.322337,50.764308],[72.322452,50.764293],[72.322444,50.764268],[72.322329,50.764283]]]}},{"type":"Feature","properties":{"kind":"building","h":4,"src":"genplan"},"geometry":{"type":"Polygon","coordinates":[[[72.322388,50.764752],[72.3224,50.764798],[72.32257,50.76478],[72.322558,50.764734],[72.322388,50.764752]]]}},{"type":"Feature","properties":{"kind":"building","h":4,"src":"genplan"},"geometry":{"type":"Polygon","coordinates":[[[72.322531,50.765382],[72.322557,50.765381],[72.32256,50.765404],[72.32256,50.765404],[72.322405,50.765411],[72.322392,50.765303],[72.322521,50.765297],[72.322531,50.765382]]]}},{"type":"Feature","properties":{"kind":"building","h":6,"src":"genplan"},"geometry":{"type":"Polygon","coordinates":[[[72.321943,50.765841],[72.321893,50.765843],[72.321872,50.76567],[72.322133,50.765657],[72.322158,50.76586],[72.322158,50.76586],[72.321946,50.76587],[72.321943,50.765841]]]}},{"type":"Feature","properties":{"kind":"building","h":4,"src":"genplan"},"geometry":{"type":"Polygon","coordinates":[[[72.322194,50.765929],[72.322355,50.765921],[72.322363,50.765978],[72.322201,50.765986],[72.322194,50.765929]]]}},{"type":"Feature","properties":{"kind":"building","h":4,"src":"genplan"},"geometry":{"type":"Polygon","coordinates":[[[72.322269,50.766051],[72.322264,50.766002],[72.322367,50.765998],[72.322372,50.766047],[72.322269,50.766051]]]}},{"type":"Feature","properties":{"kind":"building","h":6,"src":"genplan"},"geometry":{"type":"Polygon","coordinates":[[[72.322162,50.766115],[72.322072,50.766117],[72.322081,50.766273],[72.322247,50.766269],[72.322235,50.766054],[72.322162,50.766115]]]}},{"type":"Feature","properties":{"kind":"building","h":4,"src":"genplan"},"geometry":{"type":"Polygon","coordinates":[[[72.322162,50.766115],[72.322162,50.766115],[72.322159,50.766056],[72.322235,50.766054],[72.322235,50.766054],[72.322162,50.766115]]]}},{"type":"Feature","properties":{"kind":"building","h":4,"src":"genplan"},"geometry":{"type":"Polygon","coordinates":[[[72.322215,50.766411],[72.322327,50.7664],[72.322365,50.766563],[72.322253,50.766574],[72.322215,50.766411]]]}},{"type":"Feature","properties":{"kind":"building","h":4,"src":"genplan"},"geometry":{"type":"Polygon","coordinates":[[[72.322388,50.767017],[72.322496,50.767001],[72.322469,50.766928],[72.322361,50.766944],[72.322388,50.767017]]]}},{"type":"Feature","properties":{"kind":"building","h":4,"src":"genplan"},"geometry":{"type":"Polygon","coordinates":[[[72.322325,50.767319],[72.322307,50.767207],[72.322393,50.767202],[72.322411,50.767314],[72.322325,50.767319]]]}},{"type":"Feature","properties":{"kind":"building","h":6,"src":"genplan"},"geometry":{"type":"Polygon","coordinates":[[[72.323593,50.767237],[72.323617,50.76735],[72.323802,50.767334],[72.323777,50.767221],[72.323593,50.767237]]]}},{"type":"Feature","properties":{"kind":"building","h":6,"src":"genplan"},"geometry":{"type":"Polygon","coordinates":[[[72.323371,50.767117],[72.323799,50.7671],[72.323795,50.767051],[72.323367,50.767068],[72.323371,50.767117]]]}},{"type":"Feature","properties":{"kind":"building","h":4,"src":"genplan"},"geometry":{"type":"Polygon","coordinates":[[[72.32535,50.767486],[72.325342,50.767462],[72.325235,50.767476],[72.325235,50.767476],[72.325258,50.767548],[72.325473,50.767521],[72.325458,50.767472],[72.32535,50.767486]]]}},{"type":"Feature","properties":{"kind":"building","h":4,"src":"genplan"},"geometry":{"type":"Polygon","coordinates":[[[72.32503,50.76744],[72.32496,50.767455],[72.32494,50.767417],[72.325049,50.767394],[72.325049,50.767394],[72.325132,50.767549],[72.325093,50.767558],[72.32503,50.76744],[72.32503,50.76744]]]}},{"type":"Feature","properties":{"kind":"building","h":4,"src":"genplan"},"geometry":{"type":"Polygon","coordinates":[[[72.325843,50.76732],[72.325834,50.767273],[72.326121,50.767251],[72.32613,50.767299],[72.325843,50.76732]]]}},{"type":"Feature","properties":{"kind":"building","h":6,"src":"genplan"},"geometry":{"type":"Polygon","coordinates":[[[72.325879,50.766945],[72.325879,50.766911],[72.326025,50.76691],[72.326025,50.766944],[72.326096,50.766944],[72.326097,50.767002],[72.326097,50.767002],[72.32588,50.767004],[72.325881,50.767023],[72.325881,50.767023],[72.325801,50.767024],[72.3258,50.766995],[72.325852,50.766995],[72.325852,50.766945],[72.325879,50.766945]]]}},{"type":"Feature","properties":{"kind":"building","h":4,"src":"genplan"},"geometry":{"type":"Polygon","coordinates":[[[72.325966,50.766589],[72.325956,50.766545],[72.325726,50.766566],[72.325736,50.76661],[72.325795,50.766604],[72.325804,50.766643],[72.325846,50.766639],[72.325853,50.766666],[72.325928,50.766659],[72.325922,50.766632],[72.325975,50.766627],[72.325966,50.766589]]]}},{"type":"Feature","properties":{"kind":"building","h":4,"src":"genplan"},"geometry":{"type":"Polygon","coordinates":[[[72.326017,50.766668],[72.326026,50.766736],[72.326175,50.766729],[72.326166,50.76666],[72.326017,50.766668]]]}},{"type":"Feature","properties":{"kind":"building","h":4,"src":"genplan"},"geometry":{"type":"Polygon","coordinates":[[[72.324929,50.767089],[72.324935,50.767128],[72.324842,50.767135],[72.32482,50.766999],[72.32482,50.766999],[72.324929,50.767089]]]}},{"type":"Feature","properties":{"kind":"building","h":6,"src":"genplan"},"geometry":{"type":"Polygon","coordinates":[[[72.32482,50.766999],[72.325085,50.766982],[72.325101,50.767077],[72.324929,50.767089],[72.32482,50.766999]]]}},{"type":"Feature","properties":{"kind":"building","h":4,"src":"genplan"},"geometry":{"type":"Polygon","coordinates":[[[72.324987,50.766884],[72.324995,50.766932],[72.325141,50.766922],[72.325131,50.766862],[72.325043,50.766868],[72.325045,50.76688],[72.324987,50.766884]]]}},{"type":"Feature","properties":{"kind":"building","h":4,"src":"genplan"},"geometry":{"type":"Polygon","coordinates":[[[72.324919,50.766892],[72.324971,50.766888],[72.324977,50.766928],[72.324926,50.766932],[72.324919,50.766892]]]}},{"type":"Feature","properties":{"kind":"building","h":4,"src":"genplan"},"geometry":{"type":"Polygon","coordinates":[[[72.324995,50.766717],[72.324997,50.766727],[72.324944,50.766732],[72.324942,50.766722],[72.324922,50.766644],[72.325042,50.766632],[72.325062,50.76671],[72.324995,50.766717]]]}},{"type":"Feature","properties":{"kind":"building","h":4,"src":"genplan"},"geometry":{"type":"Polygon","coordinates":[[[72.324799,50.766314],[72.324886,50.766305],[72.32491,50.7664],[72.324823,50.766409],[72.324799,50.766314]]]}},{"type":"Feature","properties":{"kind":"building","h":4,"src":"genplan"},"geometry":{"type":"Polygon","coordinates":[[[72.324853,50.766183],[72.324852,50.766172],[72.324973,50.766166],[72.324984,50.766266],[72.324863,50.766271],[72.324862,50.766264],[72.324804,50.766266],[72.324795,50.766185],[72.324853,50.766183]]]}},{"type":"Feature","properties":{"kind":"building","h":4,"src":"genplan"},"geometry":{"type":"Polygon","coordinates":[[[72.324793,50.765787],[72.324911,50.765779],[72.324925,50.765861],[72.324808,50.765869],[72.324793,50.765787]]]}},{"type":"Feature","properties":{"kind":"building","h":4,"src":"genplan"},"geometry":{"type":"Polygon","coordinates":[[[72.325734,50.765812],[72.325669,50.765816],[72.325656,50.765739],[72.325831,50.765727],[72.325844,50.765804],[72.325819,50.765806],[72.325823,50.765834],[72.325739,50.76584],[72.325734,50.765812]]]}},{"type":"Feature","properties":{"kind":"building","h":4,"src":"genplan"},"geometry":{"type":"Polygon","coordinates":[[[72.324765,50.765481],[72.324764,50.765474],[72.324753,50.765474],[72.324753,50.765474],[72.324739,50.765375],[72.324906,50.765366],[72.324915,50.765426],[72.324873,50.765429],[72.324879,50.765475],[72.324765,50.765481]]]}},{"type":"Feature","properties":{"kind":"building","h":4,"src":"genplan"},"geometry":{"type":"Polygon","coordinates":[[[72.324774,50.765542],[72.324764,50.765474],[72.324674,50.765479],[72.324686,50.765561],[72.324861,50.765551],[72.324861,50.765551],[72.324859,50.765537],[72.324774,50.765542]]]}},{"type":"Feature","properties":{"kind":"building","h":6,"src":"genplan"},"geometry":{"type":"Polygon","coordinates":[[[72.327818,50.760942],[72.327736,50.760671],[72.327529,50.760696],[72.327611,50.760967],[72.327818,50.760942]]]}},{"type":"Feature","properties":{"kind":"building","h":6,"src":"genplan"},"geometry":{"type":"Polygon","coordinates":[[[72.324454,50.765756],[72.324149,50.76577],[72.324139,50.765684],[72.324082,50.765687],[72.324076,50.765635],[72.324133,50.765632],[72.324349,50.765622],[72.32436,50.76572],[72.324449,50.765716],[72.324454,50.765756],[72.324454,50.765756]]]}},{"type":"Feature","properties":{"kind":"building","h":4,"src":"genplan"},"geometry":{"type":"Polygon","coordinates":[[[72.323943,50.765556],[72.324009,50.765551],[72.324006,50.765535],[72.324101,50.765527],[72.324104,50.765544],[72.324122,50.765543],[72.324131,50.765589],[72.323952,50.765603],[72.32395,50.765595],[72.323933,50.765597],[72.32392,50.765598],[72.323916,50.765574],[72.323929,50.765573],[72.323926,50.765557],[72.323943,50.765556]]]}},{"type":"Feature","properties":{"kind":"building","h":4,"src":"genplan"},"geometry":{"type":"Polygon","coordinates":[[[72.323614,50.765586],[72.323721,50.76558],[72.323716,50.765549],[72.32361,50.765554],[72.323614,50.765586]]]}},{"type":"Feature","properties":{"kind":"building","h":4,"src":"genplan"},"geometry":{"type":"Polygon","coordinates":[[[72.323591,50.765773],[72.323589,50.765752],[72.323541,50.765754],[72.323546,50.7658],[72.323594,50.765798],[72.323631,50.765796],[72.323629,50.765771],[72.323591,50.765773]]]}},{"type":"Feature","properties":{"kind":"building","h":4,"src":"genplan"},"geometry":{"type":"Polygon","coordinates":[[[72.323552,50.765799],[72.323518,50.765801],[72.323523,50.765849],[72.323557,50.765847],[72.323552,50.765799]]]}},{"type":"Feature","properties":{"kind":"building","h":4,"src":"genplan"},"geometry":{"type":"Polygon","coordinates":[[[72.323427,50.765955],[72.323527,50.765948],[72.323532,50.765979],[72.323433,50.765986],[72.323427,50.765955]]]}},{"type":"Feature","properties":{"kind":"building","h":6,"src":"genplan"},"geometry":{"type":"Polygon","coordinates":[[[72.323383,50.766206],[72.323379,50.766103],[72.323471,50.766101],[72.323472,50.766125],[72.323605,50.766123],[72.323606,50.76614],[72.323647,50.766139],[72.323648,50.766151],[72.323748,50.76615],[72.32375,50.7662],[72.32375,50.7662],[72.323383,50.766206],[72.323383,50.766206]]]}},{"type":"Feature","properties":{"kind":"building","h":6,"src":"genplan"},"geometry":{"type":"Polygon","coordinates":[[[72.323692,50.76634],[72.323414,50.766339],[72.323415,50.766257],[72.323627,50.766257],[72.323627,50.766289],[72.323692,50.766289],[72.323692,50.76634],[72.323692,50.76634]]]}},{"type":"Feature","properties":{"kind":"building","h":4,"src":"genplan"},"geometry":{"type":"Polygon","coordinates":[[[72.323389,50.766607],[72.323387,50.766555],[72.323421,50.766554],[72.323418,50.766496],[72.323249,50.766498],[72.32325,50.766525],[72.323209,50.766525],[72.323212,50.766596],[72.323316,50.766595],[72.323317,50.766609],[72.323389,50.766607],[72.323389,50.766607]]]}},{"type":"Feature","properties":{"kind":"building","h":4,"src":"genplan"},"geometry":{"type":"Polygon","coordinates":[[[72.323618,50.766436],[72.323624,50.766588],[72.323522,50.76659],[72.323519,50.766508],[72.323574,50.766507],[72.323572,50.766437],[72.323618,50.766436],[72.323618,50.766436]]]}},{"type":"Feature","properties":{"kind":"building","h":6,"src":"genplan"},"geometry":{"type":"Polygon","coordinates":[[[72.326783,50.765255],[72.326823,50.765255],[72.326827,50.765321],[72.326787,50.765322],[72.326553,50.765327],[72.326547,50.765222],[72.326781,50.765217],[72.326783,50.765255]]]}},{"type":"Feature","properties":{"kind":"building","h":4,"src":"genplan"},"geometry":{"type":"Polygon","coordinates":[[[72.325892,50.766178],[72.325885,50.766128],[72.325666,50.766141],[72.325672,50.76619],[72.325734,50.766187],[72.325739,50.766224],[72.325897,50.766215],[72.325892,50.766178]]]}},{"type":"Feature","properties":{"kind":"building","h":4,"src":"genplan"},"geometry":{"type":"Polygon","coordinates":[[[72.325888,50.766117],[72.326049,50.766108],[72.326064,50.766216],[72.325903,50.766225],[72.325888,50.766117]]]}},{"type":"Feature","properties":{"kind":"building","h":4,"src":"genplan"},"geometry":{"type":"Polygon","coordinates":[[[72.326037,50.766326],[72.3263,50.766312],[72.326305,50.766347],[72.326042,50.766362],[72.326037,50.766326]]]}},{"type":"Feature","properties":{"kind":"building","h":6,"src":"genplan"},"geometry":{"type":"Polygon","coordinates":[[[72.3208,50.756321],[72.320637,50.756365],[72.320799,50.7566],[72.320962,50.756556],[72.3208,50.756321]]]}},{"type":"Feature","properties":{"kind":"building","h":6,"src":"genplan"},"geometry":{"type":"Polygon","coordinates":[[[72.320972,50.756744],[72.321006,50.756794],[72.320962,50.756806],[72.321074,50.756968],[72.3212,50.756933],[72.321055,50.756722],[72.320972,50.756744]]]}},{"type":"Feature","properties":{"kind":"building","h":6,"src":"genplan"},"geometry":{"type":"Polygon","coordinates":[[[72.321192,50.757131],[72.321119,50.757151],[72.321166,50.757219],[72.321239,50.757198],[72.321253,50.757219],[72.321177,50.75724],[72.321243,50.757337],[72.32132,50.757315],[72.321328,50.757327],[72.321377,50.757313],[72.321192,50.757131]]]}},{"type":"Feature","properties":{"kind":"building","h":6,"src":"genplan"},"geometry":{"type":"Polygon","coordinates":[[[72.321377,50.757313],[72.321397,50.757343],[72.321483,50.757319],[72.321462,50.75729],[72.321307,50.757064],[72.321216,50.757089],[72.321194,50.757057],[72.32112,50.757077],[72.321142,50.757109],[72.321172,50.757101],[72.321192,50.757131],[72.321377,50.757313]]]}},{"type":"Feature","properties":{"kind":"building","h":6,"src":"genplan"},"geometry":{"type":"Polygon","coordinates":[[[72.321421,50.757456],[72.321478,50.75744],[72.321463,50.757419],[72.321514,50.757404],[72.321529,50.757426],[72.321644,50.757592],[72.32166,50.757616],[72.321603,50.757631],[72.321587,50.757607],[72.321535,50.757621],[72.321476,50.757638],[72.321432,50.757574],[72.321491,50.757558],[72.321465,50.75752],[72.321414,50.757534],[72.321369,50.75747],[72.321421,50.757456]]]}},{"type":"Feature","properties":{"kind":"building","h":6,"src":"genplan"},"geometry":{"type":"Polygon","coordinates":[[[72.320287,50.757063],[72.320355,50.757046],[72.320294,50.756949],[72.320226,50.756966],[72.320198,50.756921],[72.320103,50.756945],[72.320135,50.756996],[72.320123,50.756999],[72.320197,50.757117],[72.320239,50.757106],[72.320258,50.757136],[72.320323,50.75712],[72.320304,50.75709],[72.320287,50.757063]]]}},{"type":"Feature","properties":{"kind":"building","h":4,"src":"genplan"},"geometry":{"type":"Polygon","coordinates":[[[72.320047,50.756641],[72.320034,50.756621],[72.319993,50.756631],[72.320047,50.756641]]]}},{"type":"Feature","properties":{"kind":"building","h":6,"src":"genplan"},"geometry":{"type":"Polygon","coordinates":[[[72.319993,50.756631],[72.319941,50.756549],[72.319855,50.756571],[72.319992,50.756789],[72.320078,50.756767],[72.320044,50.756713],[72.320086,50.756703],[72.320073,50.756683],[72.320111,50.756674],[72.320085,50.756632],[72.320047,50.756641],[72.319993,50.756631]]]}},{"type":"Feature","properties":{"kind":"building","h":6,"src":"genplan"},"geometry":{"type":"Polygon","coordinates":[[[72.321792,50.757973],[72.321845,50.757958],[72.321863,50.757983],[72.321926,50.757965],[72.321881,50.757903],[72.321899,50.757898],[72.321819,50.757786],[72.321801,50.757792],[72.321779,50.757761],[72.321663,50.757794],[72.321737,50.757896],[72.321656,50.75792],[72.321708,50.757992],[72.321789,50.757969],[72.321792,50.757973]]]}},{"type":"Feature","properties":{"kind":"building","h":6,"src":"genplan"},"geometry":{"type":"Polygon","coordinates":[[[72.321541,50.759109],[72.321529,50.759082],[72.321621,50.759066],[72.321564,50.758934],[72.321444,50.758955],[72.321426,50.758913],[72.321392,50.758919],[72.32141,50.758961],[72.321467,50.759092],[72.321479,50.759119],[72.321515,50.759113],[72.321524,50.759136],[72.321551,50.759131],[72.321541,50.759109]]]}},{"type":"Feature","properties":{"kind":"building","h":6,"src":"genplan"},"geometry":{"type":"Polygon","coordinates":[[[72.3226,50.759001],[72.322664,50.759101],[72.322506,50.75914],[72.322443,50.75904],[72.32251,50.759023],[72.322489,50.758991],[72.322392,50.759015],[72.322337,50.758928],[72.322434,50.758904],[72.322525,50.758881],[72.3226,50.759001]]]}},{"type":"Feature","properties":{"kind":"building","h":6,"src":"genplan"},"geometry":{"type":"Polygon","coordinates":[[[72.322901,50.759369],[72.322892,50.759346],[72.322851,50.759353],[72.322823,50.759316],[72.32274,50.759202],[72.322577,50.75925],[72.32266,50.759364],[72.322711,50.759349],[72.322758,50.759413],[72.322601,50.759435],[72.322611,50.759462],[72.322921,50.759418],[72.322972,50.759409],[72.322952,50.759361],[72.322901,50.759369]]]}},{"type":"Feature","properties":{"kind":"building","h":6,"src":"genplan"},"geometry":{"type":"Polygon","coordinates":[[[72.321943,50.759538],[72.321969,50.759571],[72.321807,50.759621],[72.321724,50.759511],[72.321885,50.759462],[72.321905,50.759456],[72.321963,50.759532],[72.321943,50.759538],[72.321943,50.759538]]]}},{"type":"Feature","properties":{"kind":"building","h":4,"src":"genplan"},"geometry":{"type":"Polygon","coordinates":[[[72.321886,50.759789],[72.321967,50.759775],[72.322021,50.759896],[72.32194,50.759911],[72.321886,50.759789]]]}},{"type":"Feature","properties":{"kind":"building","h":4,"src":"genplan"},"geometry":{"type":"Polygon","coordinates":[[[72.321815,50.757229],[72.32173,50.757252],[72.321699,50.757206],[72.321784,50.757183],[72.321815,50.757229]]]}},{"type":"Feature","properties":{"kind":"building","h":6,"src":"genplan"},"geometry":{"type":"Polygon","coordinates":[[[72.323785,50.757893],[72.323775,50.757882],[72.323698,50.757912],[72.323708,50.757923],[72.323686,50.757932],[72.323871,50.758122],[72.323902,50.758111],[72.323914,50.758124],[72.324022,50.758082],[72.323842,50.757898],[72.323819,50.757907],[72.323785,50.757893]]]}},{"type":"Feature","properties":{"kind":"building","h":6,"src":"genplan"},"geometry":{"type":"Polygon","coordinates":[[[72.32359,50.765092],[72.32359,50.765077],[72.323759,50.765079],[72.323757,50.765153],[72.32368,50.765152],[72.323678,50.765214],[72.323549,50.765213],[72.323551,50.765091],[72.32359,50.765092]]]}},{"type":"Feature","properties":{"kind":"building","h":4,"src":"genplan"},"geometry":{"type":"Polygon","coordinates":[[[72.323213,50.764583],[72.323213,50.764628],[72.323264,50.764627],[72.323264,50.764583],[72.323213,50.764583]]]}},{"type":"Feature","properties":{"kind":"building","h":6,"src":"genplan"},"geometry":{"type":"Polygon","coordinates":[[[72.323475,50.764586],[72.323706,50.764586],[72.323701,50.764629],[72.323764,50.764632],[72.32378,50.764504],[72.323717,50.764501],[72.323717,50.764478],[72.32369,50.764478],[72.32369,50.764433],[72.323608,50.764433],[72.323609,50.764478],[72.323374,50.764479],[72.323374,50.764538],[72.323475,50.764538],[72.323475,50.764586]]]}},{"type":"Feature","properties":{"kind":"building","h":4,"src":"genplan"},"geometry":{"type":"Polygon","coordinates":[[[72.316726,50.757802],[72.316809,50.757782],[72.316786,50.757742],[72.316702,50.757762],[72.316726,50.757802]]]}},{"type":"Feature","properties":{"kind":"building","h":6,"src":"genplan"},"geometry":{"type":"Polygon","coordinates":[[[72.323382,50.757563],[72.323326,50.757585],[72.323183,50.757439],[72.323239,50.757417],[72.323215,50.757392],[72.323324,50.75735],[72.323491,50.75752],[72.323382,50.757563]]]}},{"type":"Feature","properties":{"kind":"building","h":6,"src":"genplan"},"geometry":{"type":"Polygon","coordinates":[[[72.32371,50.759221],[72.323747,50.759288],[72.323843,50.759266],[72.323855,50.759287],[72.323975,50.75926],[72.323963,50.75924],[72.324005,50.75923],[72.323968,50.759163],[72.32385,50.75919],[72.323833,50.75916],[72.323693,50.759191],[72.32371,50.759221]]]}},{"type":"Feature","properties":{"kind":"building","h":4,"src":"genplan"},"geometry":{"type":"Polygon","coordinates":[[[72.321916,50.757146],[72.32199,50.757125],[72.322018,50.757166],[72.321944,50.757186],[72.321916,50.757146]]]}},{"type":"Feature","properties":{"kind":"building","h":4,"src":"genplan"},"geometry":{"type":"Polygon","coordinates":[[[72.322084,50.757134],[72.322141,50.757118],[72.322165,50.757153],[72.322108,50.757168],[72.322084,50.757134]]]}},{"type":"Feature","properties":{"kind":"building","h":4,"src":"genplan"},"geometry":{"type":"Polygon","coordinates":[[[72.321952,50.758164],[72.321869,50.758188],[72.321923,50.758262],[72.322098,50.758211],[72.322044,50.758137],[72.321998,50.75815],[72.321981,50.758127],[72.321935,50.75814],[72.321952,50.758164],[72.321952,50.758164]]]}},{"type":"Feature","properties":{"kind":"building","h":4,"src":"genplan"},"geometry":{"type":"Polygon","coordinates":[[[72.326008,50.755528],[72.326083,50.755602],[72.326153,50.755574],[72.326078,50.7555],[72.326008,50.755528]]]}},{"type":"Feature","properties":{"kind":"building","h":4,"src":"genplan"},"geometry":{"type":"Polygon","coordinates":[[[72.326518,50.756034],[72.326584,50.756099],[72.326656,50.75607],[72.32659,50.756005],[72.326518,50.756034]]]}},{"type":"Feature","properties":{"kind":"building","h":4,"src":"genplan"},"geometry":{"type":"Polygon","coordinates":[[[72.324656,50.758601],[72.324518,50.758654],[72.324498,50.758634],[72.324636,50.758581],[72.324656,50.758601]]]}},{"type":"Feature","properties":{"kind":"building","h":4,"src":"genplan"},"geometry":{"type":"Polygon","coordinates":[[[72.324396,50.758563],[72.324469,50.758543],[72.32445,50.758516],[72.324378,50.758537],[72.324396,50.758563]]]}},{"type":"Feature","properties":{"kind":"building","h":4,"src":"genplan"},"geometry":{"type":"Polygon","coordinates":[[[72.322239,50.760296],[72.322305,50.760283],[72.322257,50.760189],[72.322191,50.760203],[72.322239,50.760296]]]}},{"type":"Feature","properties":{"kind":"building","h":4,"src":"genplan"},"geometry":{"type":"Polygon","coordinates":[[[72.32173,50.761405],[72.321769,50.761396],[72.321805,50.761465],[72.321766,50.761473],[72.32173,50.761405]]]}},{"type":"Feature","properties":{"kind":"building","h":4,"src":"genplan"},"geometry":{"type":"Polygon","coordinates":[[[72.32106,50.757275],[72.321137,50.757381],[72.321175,50.75737],[72.321098,50.757264],[72.32106,50.757275]]]}},{"type":"Feature","properties":{"kind":"building","h":6,"src":"genplan"},"geometry":{"type":"Polygon","coordinates":[[[72.323183,50.767542],[72.323186,50.767659],[72.323435,50.767657],[72.323433,50.76754],[72.323183,50.767542]]]}},{"type":"Feature","properties":{"kind":"building","h":4,"src":"genplan"},"geometry":{"type":"Polygon","coordinates":[[[72.326689,50.766345],[72.326789,50.766337],[72.326784,50.766312],[72.326636,50.766324],[72.326641,50.766349],[72.326607,50.766352],[72.326611,50.766374],[72.326694,50.766367],[72.326689,50.766345]]]}},{"type":"Feature","properties":{"kind":"building","h":4,"src":"genplan"},"geometry":{"type":"Polygon","coordinates":[[[72.323657,50.760683],[72.323795,50.760656],[72.323818,50.760703],[72.32368,50.76073],[72.323657,50.760683]]]}},{"type":"Feature","properties":{"kind":"building","h":4,"src":"genplan"},"geometry":{"type":"Polygon","coordinates":[[[72.323542,50.760742],[72.32353,50.760718],[72.323452,50.760733],[72.323464,50.760757],[72.323502,50.76075],[72.323509,50.760765],[72.323549,50.760758],[72.323542,50.760742]]]}},{"type":"Feature","properties":{"kind":"building","h":4,"src":"genplan"},"geometry":{"type":"Polygon","coordinates":[[[72.323838,50.76157],[72.323981,50.761539],[72.323999,50.761572],[72.323855,50.761603],[72.323838,50.76157]]]}},{"type":"Feature","properties":{"kind":"building","h":4,"src":"genplan"},"geometry":{"type":"Polygon","coordinates":[[[72.323672,50.762872],[72.323682,50.762905],[72.323766,50.762896],[72.323757,50.762862],[72.323745,50.76282],[72.323626,50.762834],[72.323638,50.762875],[72.323672,50.762872]]]}},{"type":"Feature","properties":{"kind":"building","h":4,"src":"genplan"},"geometry":{"type":"Polygon","coordinates":[[[72.326066,50.763031],[72.326067,50.763039],[72.326095,50.763038],[72.326138,50.763035],[72.326135,50.76301],[72.326091,50.763012],[72.326087,50.762978],[72.326059,50.762979],[72.325973,50.762984],[72.32598,50.763036],[72.326066,50.763031],[72.326066,50.763031]]]}},{"type":"Feature","properties":{"kind":"building","h":4,"src":"genplan"},"geometry":{"type":"Polygon","coordinates":[[[72.325632,50.763061],[72.325633,50.763066],[72.325551,50.763071],[72.325546,50.763038],[72.325627,50.763032],[72.325628,50.763039],[72.325657,50.763037],[72.325661,50.763059],[72.325632,50.763061],[72.325632,50.763061]]]}},{"type":"Feature","properties":{"kind":"building","h":4,"src":"genplan"},"geometry":{"type":"Polygon","coordinates":[[[72.326397,50.762839],[72.326484,50.762833],[72.326489,50.762861],[72.326402,50.762867],[72.326397,50.762839]]]}},{"type":"Feature","properties":{"kind":"building","h":4,"src":"genplan"},"geometry":{"type":"Polygon","coordinates":[[[72.326564,50.762848],[72.326637,50.762844],[72.326633,50.762817],[72.32656,50.762822],[72.326564,50.762848]]]}},{"type":"Feature","properties":{"kind":"building","h":4,"src":"genplan"},"geometry":{"type":"Polygon","coordinates":[[[72.326411,50.761998],[72.326355,50.762003],[72.32635,50.761979],[72.326518,50.761965],[72.326523,50.761989],[72.326489,50.761992],[72.326491,50.762],[72.326413,50.762006],[72.326411,50.761998]]]}},{"type":"Feature","properties":{"kind":"building","h":4,"src":"genplan"},"geometry":{"type":"Polygon","coordinates":[[[72.325176,50.761757],[72.325168,50.761744],[72.325128,50.761754],[72.325136,50.761766],[72.325154,50.761797],[72.325235,50.761778],[72.325217,50.761747],[72.325176,50.761757]]]}},{"type":"Feature","properties":{"kind":"building","h":4,"src":"genplan"},"geometry":{"type":"Polygon","coordinates":[[[72.326619,50.761981],[72.326624,50.761996],[72.326722,50.761983],[72.32671,50.761947],[72.326612,50.76196],[72.326572,50.761965],[72.326578,50.761986],[72.326619,50.761981]]]}},{"type":"Feature","properties":{"kind":"building","h":4,"src":"genplan"},"geometry":{"type":"Polygon","coordinates":[[[72.326479,50.761564],[72.326591,50.761547],[72.326613,50.761607],[72.326502,50.761624],[72.326479,50.761564]]]}},{"type":"Feature","properties":{"kind":"building","h":4,"src":"genplan"},"geometry":{"type":"Polygon","coordinates":[[[72.325628,50.760206],[72.325571,50.76021],[72.325578,50.760244],[72.325635,50.76024],[72.325636,50.760244],[72.325817,50.76023],[72.325809,50.760188],[72.325887,50.760182],[72.325882,50.760159],[72.325804,50.760165],[72.325623,50.760179],[72.325628,50.760206]]]}},{"type":"Feature","properties":{"kind":"building","h":6,"src":"genplan"},"geometry":{"type":"Polygon","coordinates":[[[72.325807,50.760739],[72.325734,50.760747],[72.325728,50.760726],[72.325801,50.760718],[72.325776,50.760623],[72.325869,50.760613],[72.325882,50.760664],[72.325936,50.760659],[72.325968,50.760783],[72.325915,50.760788],[72.325822,50.760798],[72.325807,50.760739]]]}},{"type":"Feature","properties":{"kind":"building","h":8,"src":"genplan"},"geometry":{"type":"Polygon","coordinates":[[[72.326364,50.754672],[72.325108,50.75519],[72.325248,50.755325],[72.326503,50.754807],[72.326364,50.754672]]]}},{"type":"Feature","properties":{"kind":"building","h":4,"src":"genplan"},"geometry":{"type":"Polygon","coordinates":[[[72.328288,50.761436],[72.328436,50.761409],[72.328411,50.761354],[72.328263,50.761382],[72.328288,50.761436]]]}},{"type":"Feature","properties":{"kind":"building","h":4,"src":"genplan"},"geometry":{"type":"Polygon","coordinates":[[[72.328423,50.764875],[72.328423,50.764875],[72.32837,50.764875],[72.32837,50.76483],[72.328265,50.76483],[72.328265,50.764864],[72.328222,50.764864],[72.328222,50.764765],[72.328222,50.764765],[72.328424,50.764765],[72.328423,50.764875]]]}},{"type":"Feature","properties":{"kind":"building","h":6,"src":"genplan"},"geometry":{"type":"Polygon","coordinates":[[[72.327567,50.76299],[72.327576,50.763132],[72.32779,50.763127],[72.327781,50.762985],[72.327567,50.76299]]]}},{"type":"Feature","properties":{"kind":"building","h":6,"src":"genplan"},"geometry":{"type":"Polygon","coordinates":[[[72.327736,50.760671],[72.32756,50.760692],[72.327506,50.760512],[72.327682,50.760491],[72.327736,50.760671]]]}},{"type":"Feature","properties":{"kind":"building","h":4,"src":"genplan"},"geometry":{"type":"Polygon","coordinates":[[[72.3277,50.761067],[72.327675,50.760961],[72.32764,50.760965],[72.327665,50.76107],[72.3277,50.761067]]]}},{"type":"Feature","properties":{"kind":"building","h":4,"src":"genplan"},"geometry":{"type":"Polygon","coordinates":[[[72.324656,50.763438],[72.324648,50.763389],[72.324555,50.763396],[72.324564,50.763445],[72.324656,50.763438]]]}},{"type":"Feature","properties":{"kind":"building","h":8,"src":"genplan","label":"Школа 2К","num":3},"geometry":{"type":"Polygon","coordinates":[[[72.324564,50.763445],[72.324117,50.763477],[72.324139,50.763598],[72.324387,50.76358],[72.324439,50.763865],[72.324538,50.763857],[72.324586,50.763854],[72.324554,50.763683],[72.324507,50.763687],[72.324564,50.763445]]]}},{"type":"Feature","properties":{"kind":"building","h":4,"src":"genplan"},"geometry":{"type":"Polygon","coordinates":[[[72.32288,50.762017],[72.322835,50.761934],[72.323005,50.761898],[72.323049,50.761981],[72.32288,50.762017]]]}},{"type":"Feature","properties":{"kind":"building","h":6,"src":"genplan"},"geometry":{"type":"Polygon","coordinates":[[[72.324586,50.764796],[72.324559,50.764628],[72.324693,50.76462],[72.32472,50.764788],[72.324586,50.764796]]]}},{"type":"Feature","properties":{"kind":"building","h":4,"src":"genplan"},"geometry":{"type":"Polygon","coordinates":[[[72.325455,50.763606],[72.3255,50.763604],[72.325504,50.763648],[72.325459,50.763649],[72.325455,50.763606]]]}},{"type":"Feature","properties":{"kind":"quarter"},"geometry":{"type":"Polygon","coordinates":[[[72.321376,50.760192],[72.321078,50.760189],[72.319577,50.760548],[72.318848,50.760202],[72.31888,50.760206],[72.318912,50.760209],[72.318944,50.760211],[72.318977,50.760212],[72.31901,50.760211],[72.318673,50.760148],[72.318131,50.760059],[72.318152,50.760087],[72.318166,50.760116],[72.318174,50.760146],[72.318175,50.760176],[72.31817,50.760206],[72.31791,50.759951],[72.317717,50.75973],[72.320508,50.758814],[72.321376,50.760192]]]}},{"type":"Feature","properties":{"kind":"quarter"},"geometry":{"type":"Polygon","coordinates":[[[72.322547,50.762717],[72.321256,50.763006],[72.319659,50.760624],[72.321103,50.760279],[72.321433,50.760283],[72.322146,50.761757],[72.322547,50.762717]]]}},{"type":"Feature","properties":{"kind":"quarter"},"geometry":{"type":"Polygon","coordinates":[[[72.315409,50.758476],[72.314717,50.757358],[72.315571,50.757146],[72.31838,50.755567],[72.318797,50.756099],[72.319636,50.757429],[72.315409,50.758476]]]}},{"type":"Feature","properties":{"kind":"quarter"},"geometry":{"type":"Polygon","coordinates":[[[72.323669,50.75969],[72.322117,50.757441],[72.321189,50.756029],[72.321237,50.756011],[72.321276,50.755986],[72.321304,50.755955],[72.321318,50.755921],[72.321317,50.755886],[72.32091,50.755956],[72.319286,50.756388],[72.319057,50.756025],[72.3186,50.755443],[72.318629,50.755427],[72.320441,50.754267],[72.320434,50.754302],[72.320433,50.754339],[72.320438,50.754375],[72.320448,50.754411],[72.320464,50.754445],[72.320597,50.754076],[72.320695,50.753722],[72.320673,50.753734],[72.320649,50.753745],[72.320624,50.753754],[72.320596,50.753761],[72.320568,50.753767],[72.320776,50.753624],[72.325445,50.758586],[72.325919,50.759211],[72.323834,50.759653],[72.323669,50.75969]]]}},{"type":"Feature","properties":{"kind":"quarter"},"geometry":{"type":"Polygon","coordinates":[[[72.317648,50.759652],[72.317385,50.759351],[72.317424,50.759364],[72.317465,50.759374],[72.317507,50.759383],[72.317551,50.759389],[72.317595,50.759392],[72.3172,50.759231],[72.316234,50.758874],[72.31555,50.758586],[72.319715,50.757554],[72.320455,50.75873],[72.317648,50.759652]]]}},{"type":"Feature","properties":{"kind":"quarter"},"geometry":{"type":"Polygon","coordinates":[[[72.323535,50.759721],[72.321653,50.760146],[72.319338,50.756472],[72.320965,50.756039],[72.32096,50.756028],[72.32096,50.756016],[72.320965,50.756005],[72.320974,50.755995],[72.320987,50.755986],[72.321058,50.756063],[72.321986,50.757477],[72.323535,50.759721]]]}},{"type":"Feature","properties":{"kind":"quarter"},"geometry":{"type":"Polygon","coordinates":[[[72.326999,50.763007],[72.325251,50.763098],[72.325252,50.76312],[72.325244,50.763142],[72.325228,50.763162],[72.325204,50.763179],[72.325175,50.763192],[72.325099,50.763022],[72.32495,50.762409],[72.324793,50.761957],[72.323597,50.75985],[72.323904,50.75978],[72.326012,50.759333],[72.326111,50.759464],[72.326461,50.760478],[72.32675,50.761562],[72.326958,50.762577],[72.326999,50.763007]]]}},{"type":"Feature","properties":{"kind":"quarter"},"geometry":{"type":"Polygon","coordinates":[[[72.327108,50.764941],[72.323069,50.765296],[72.323069,50.763265],[72.32242,50.761707],[72.321725,50.760273],[72.323397,50.759895],[72.324588,50.761994],[72.324741,50.762433],[72.324888,50.763043],[72.324802,50.763054],[72.324722,50.763079],[72.324655,50.763115],[72.324604,50.763161],[72.324572,50.763213],[72.325268,50.763232],[72.327012,50.763142],[72.327055,50.763582],[72.327108,50.764941]]]}},{"type":"Feature","properties":{"kind":"quarter"},"geometry":{"type":"Polygon","coordinates":[[[72.327165,50.766393],[72.327154,50.766141],[72.327113,50.765077],[72.325278,50.765238],[72.325605,50.767443],[72.325551,50.76745],[72.325502,50.767465],[72.32546,50.767488],[72.32543,50.767517],[72.325412,50.76755],[72.325833,50.767565],[72.327213,50.7675],[72.327165,50.766393]]]}},{"type":"Feature","properties":{"kind":"road","road":"mid"},"geometry":{"type":"LineString","coordinates":[[72.305733,50.737433],[72.325431,50.758271],[72.326233,50.759254],[72.326567,50.760032],[72.327059,50.761868],[72.327246,50.762938],[72.327421,50.766309]]}},{"type":"Feature","properties":{"kind":"road","road":"mid"},"geometry":{"type":"LineString","coordinates":[[72.334401,50.767444],[72.336093,50.768002]]}},{"type":"Feature","properties":{"kind":"road","road":"mid"},"geometry":{"type":"LineString","coordinates":[[72.336093,50.768002],[72.337062,50.76831],[72.338189,50.76882],[72.338942,50.769254],[72.339568,50.769766],[72.346158,50.77617],[72.353764,50.783299],[72.365142,50.794395],[72.368609,50.797686],[72.370078,50.798433],[72.370981,50.79871],[72.372216,50.798957],[72.37462,50.799097],[72.377921,50.799087],[72.388508,50.798905],[72.393306,50.798877],[72.399135,50.798751],[72.408391,50.798505],[72.412826,50.798354],[72.414592,50.798246],[72.417632,50.797858],[72.420709,50.797533],[72.42908,50.796795],[72.474326,50.793031],[72.477627,50.792767],[72.478974,50.792689],[72.480119,50.792643],[72.481728,50.792652],[72.482528,50.79269],[72.483373,50.792755],[72.487155,50.793148],[72.495129,50.79393],[72.497452,50.794145],[72.502398,50.794669],[72.503444,50.794745],[72.503983,50.79475],[72.504549,50.794737],[72.505053,50.794674],[72.505681,50.794571],[72.506193,50.794476],[72.506568,50.794379],[72.510261,50.792614],[72.511914,50.791775],[72.513373,50.791058],[72.51451,50.79044],[72.515082,50.79012],[72.519234,50.787617],[72.519604,50.787446],[72.551109,50.778082],[72.551539,50.778],[72.552088,50.777986],[72.56007,50.778253],[72.562072,50.778215],[72.565774,50.777941],[72.567102,50.777954],[72.56848,50.778226],[72.569737,50.778594],[72.571634,50.779213],[72.57238,50.779641],[72.579228,50.784538],[72.583204,50.787161],[72.591526,50.792852],[72.602232,50.800032],[72.605421,50.802269],[72.627071,50.816908],[72.627725,50.817285],[72.628188,50.817497],[72.629528,50.817919],[72.660952,50.826434],[72.661372,50.826608],[72.661881,50.826927],[72.662308,50.827256],[72.66364,50.828548],[72.664265,50.828935],[72.664667,50.829086],[72.683748,50.834931],[72.689854,50.837022],[72.695419,50.838958],[72.700389,50.841051]]}},{"type":"Feature","properties":{"kind":"road","road":"mid"},"geometry":{"type":"LineString","coordinates":[[72.327421,50.766309],[72.328918,50.766384],[72.329664,50.76648],[72.33267,50.766982],[72.334401,50.767444]]}},{"type":"Feature","properties":{"kind":"road","road":"street"},"geometry":{"type":"LineString","coordinates":[[72.322713,50.767617],[72.322753,50.767527],[72.32291,50.767347],[72.322928,50.767257],[72.322932,50.763476],[72.322912,50.763249],[72.322254,50.761682],[72.321549,50.760218],[72.320532,50.758633],[72.318967,50.756119],[72.318416,50.755435]]}},{"type":"Feature","properties":{"kind":"road","road":"street"},"geometry":{"type":"LineString","coordinates":[[72.315841,50.758443],[72.316515,50.758292],[72.316837,50.758194],[72.319763,50.757466]]}},{"type":"Feature","properties":{"kind":"road","road":"street"},"geometry":{"type":"LineString","coordinates":[[72.317993,50.759584],[72.320595,50.758736]]}},{"type":"Feature","properties":{"kind":"road","road":"street"},"geometry":{"type":"LineString","coordinates":[[72.319784,50.760545],[72.321049,50.760246],[72.321553,50.760226],[72.321764,50.76019],[72.323647,50.759767],[72.326011,50.759258],[72.326227,50.759242]]}},{"type":"Feature","properties":{"kind":"road","road":"street"},"geometry":{"type":"LineString","coordinates":[[72.320266,50.75479],[72.321149,50.756069],[72.321925,50.757279],[72.323577,50.759671],[72.32358,50.759768],[72.323488,50.759889],[72.323496,50.759937],[72.323572,50.760017],[72.323799,50.760396],[72.324682,50.761965],[72.324893,50.762578],[72.324973,50.76298],[72.325058,50.763154]]}},{"type":"Feature","properties":{"kind":"road","road":"street"},"geometry":{"type":"LineString","coordinates":[[72.322902,50.765392],[72.32311,50.765358],[72.327151,50.765009],[72.327355,50.764955]]}},{"type":"Feature","properties":{"kind":"road","road":"street"},"geometry":{"type":"LineString","coordinates":[[72.325196,50.76514],[72.325203,50.765185],[72.325097,50.765373],[72.32513,50.765598],[72.325102,50.765645],[72.325116,50.765735],[72.325298,50.766042],[72.325305,50.766087],[72.325345,50.76613],[72.325372,50.76631],[72.325344,50.766357],[72.325371,50.766538],[72.325412,50.766581],[72.325458,50.766896],[72.32541,50.767035],[72.325423,50.767125],[72.325508,50.767256],[72.325539,50.767482]]}},{"type":"Feature","properties":{"kind":"road","road":"minor"},"geometry":{"type":"LineString","coordinates":[[72.337211,50.768363],[72.337033,50.768561],[72.336861,50.768719],[72.336372,50.769061],[72.336229,50.769101],[72.335936,50.769114],[72.335785,50.769148],[72.333271,50.770925],[72.332927,50.771129],[72.332314,50.771333],[72.329076,50.772478],[72.327253,50.77319],[72.32715,50.773256],[72.326974,50.773502],[72.326829,50.77361],[72.325081,50.774303],[72.324809,50.774369],[72.324485,50.77455]]}},{"type":"Feature","properties":{"kind":"road","road":"minor"},"geometry":{"type":"LineString","coordinates":[[72.326207,50.773715],[72.325646,50.773297],[72.322153,50.770997],[72.321627,50.770596],[72.321434,50.770341],[72.321202,50.770169],[72.320999,50.769973],[72.320638,50.769694],[72.320519,50.76964],[72.320257,50.769481],[72.32005,50.769418],[72.319967,50.769344],[72.319836,50.769176],[72.319469,50.769021],[72.319423,50.768986],[72.319286,50.768764],[72.319066,50.768603],[72.318522,50.768067],[72.317273,50.767187],[72.313195,50.764721],[72.312575,50.764406],[72.311658,50.763987],[72.311199,50.763715],[72.310854,50.76362],[72.310338,50.763247],[72.31014,50.763118],[72.309973,50.763032]]}},{"type":"Feature","properties":{"kind":"road","road":"minor"},"geometry":{"type":"LineString","coordinates":[[72.32397,50.760691],[72.32194,50.76111]]}},{"type":"Feature","properties":{"kind":"road","road":"street"},"geometry":{"type":"LineString","coordinates":[[72.325075,50.763164],[72.325372,50.763166],[72.325517,50.763148],[72.326252,50.76312],[72.327055,50.763066],[72.327258,50.762986]]}},{"type":"Feature","properties":{"kind":"road","road":"minor"},"geometry":{"type":"LineString","coordinates":[[72.325075,50.763152],[72.325154,50.763529],[72.325109,50.763717],[72.325011,50.763845]]}},{"type":"Feature","properties":{"kind":"parcel"},"geometry":{"type":"LineString","coordinates":[[72.33447,50.767407],[72.336065,50.767932],[72.335982,50.768033],[72.334387,50.767508]]}},{"type":"Feature","properties":{"kind":"parcel"},"geometry":{"type":"LineString","coordinates":[[72.318585,50.768471],[72.316968,50.769744],[72.31509,50.768716],[72.313745,50.768259],[72.313511,50.768208],[72.310018,50.767031],[72.313161,50.76499],[72.314868,50.766083]]}},{"type":"Feature","properties":{"kind":"parcel"},"geometry":{"type":"LineString","coordinates":[[72.314725,50.767025],[72.314952,50.766825],[72.315537,50.767124],[72.315299,50.767334]]}},{"type":"Feature","properties":{"kind":"parcel"},"geometry":{"type":"LineString","coordinates":[[72.312068,50.766395],[72.312341,50.766184],[72.312688,50.766364],[72.312453,50.766571]]}},{"type":"Feature","properties":{"kind":"parcel"},"geometry":{"type":"LineString","coordinates":[[72.31325,50.766934],[72.313474,50.766733],[72.313107,50.766552],[72.312869,50.76676]]}},{"type":"Feature","properties":{"kind":"parcel"},"geometry":{"type":"LineString","coordinates":[[72.312488,50.766876],[72.313022,50.767119],[72.312794,50.76732],[72.312435,50.767183]]}},{"type":"Feature","properties":{"kind":"parcel"},"geometry":{"type":"LineString","coordinates":[[72.312794,50.76732],[72.312941,50.767376],[72.312811,50.767513],[72.312294,50.767327]]}},{"type":"Feature","properties":{"kind":"parcel"},"geometry":{"type":"LineString","coordinates":[[72.312091,50.767246],[72.311129,50.7669],[72.311263,50.766754],[72.31205,50.767052]]}},{"type":"Feature","properties":{"kind":"parcel"},"geometry":{"type":"LineString","coordinates":[[72.314432,50.767482],[72.314476,50.767444],[72.3153,50.767814],[72.315106,50.767988]]}},{"type":"Feature","properties":{"kind":"parcel"},"geometry":{"type":"LineString","coordinates":[[72.316563,50.767844],[72.316671,50.767735],[72.317075,50.76793],[72.316922,50.768071]]}},{"type":"Feature","properties":{"kind":"parcel"},"geometry":{"type":"LineString","coordinates":[[72.317224,50.768216],[72.317367,50.768092],[72.317781,50.768293],[72.317701,50.768364]]}},{"type":"Feature","properties":{"kind":"parcel"},"geometry":{"type":"LineString","coordinates":[[72.327591,50.767461],[72.327957,50.767441],[72.328106,50.76742],[72.328336,50.767357],[72.328281,50.767089],[72.328162,50.767071],[72.327547,50.767069],[72.327591,50.767461]]}},{"type":"Feature","properties":{"kind":"parcel"},"geometry":{"type":"LineString","coordinates":[[72.328333,50.767341],[72.328595,50.767298],[72.328593,50.76708],[72.328284,50.767105]]}},{"type":"Feature","properties":{"kind":"parcel"},"geometry":{"type":"LineString","coordinates":[[72.327547,50.767069],[72.327523,50.766747],[72.327927,50.766735],[72.328171,50.766719],[72.328199,50.767015],[72.328269,50.767032],[72.328749,50.767],[72.328801,50.766979],[72.32883,50.766771],[72.328177,50.766779]]}},{"type":"Feature","properties":{"kind":"parcel"},"geometry":{"type":"LineString","coordinates":[[72.32883,50.766771],[72.328875,50.766575],[72.328692,50.766464],[72.328099,50.766433],[72.327689,50.766401],[72.327551,50.766411],[72.327538,50.766747]]}},{"type":"Feature","properties":{"kind":"parcel"},"geometry":{"type":"LineString","coordinates":[[72.326108,50.75877],[72.32529,50.75754],[72.326424,50.757238],[72.327242,50.758468]]}},{"type":"Feature","properties":{"kind":"parcel"},"geometry":{"type":"LineString","coordinates":[[72.328553,50.758534],[72.329006,50.758484],[72.328954,50.758136],[72.328504,50.758185]]}},{"type":"Feature","properties":{"kind":"parcel"},"geometry":{"type":"LineString","coordinates":[[72.320292,50.755871],[72.320146,50.755669],[72.320365,50.755596],[72.320342,50.755571],[72.320417,50.755548],[72.320432,50.755573],[72.320648,50.75551],[72.320815,50.755731],[72.320292,50.755871]]}},{"type":"Feature","properties":{"kind":"parcel"},"geometry":{"type":"LineString","coordinates":[[72.321033,50.755671],[72.320942,50.755697],[72.320805,50.755484],[72.321786,50.755209],[72.321886,50.755337],[72.321942,50.755321],[72.322114,50.755544],[72.322081,50.755554],[72.322156,50.755655],[72.322294,50.755614],[72.322451,50.755804],[72.321814,50.756014],[72.321661,50.755804],[72.322156,50.755655]]}},{"type":"Feature","properties":{"kind":"parcel"},"geometry":{"type":"LineString","coordinates":[[72.32111,50.755732],[72.321044,50.75575],[72.321085,50.755809],[72.321147,50.755786]]}},{"type":"Feature","properties":{"kind":"parcel"},"geometry":{"type":"LineString","coordinates":[[72.321661,50.755804],[72.321169,50.755945],[72.321306,50.756151],[72.321814,50.756014]]}},{"type":"Feature","properties":{"kind":"parcel"},"geometry":{"type":"LineString","coordinates":[[72.320801,50.75582],[72.320879,50.755802],[72.32093,50.755879],[72.320852,50.755897]]}},{"type":"Feature","properties":{"kind":"parcel"},"geometry":{"type":"LineString","coordinates":[[72.321549,50.756203],[72.321512,50.756149],[72.321299,50.756207],[72.3215,50.756512],[72.321715,50.756446],[72.321672,50.756385]]}},{"type":"Feature","properties":{"kind":"parcel"},"geometry":{"type":"LineString","coordinates":[[72.321789,50.756554],[72.321751,50.756506],[72.321556,50.756562],[72.321542,50.756573],[72.321544,50.756589],[72.321716,50.756842],[72.32175,50.756862],[72.321954,50.756805],[72.32192,50.756755]]}},{"type":"Feature","properties":{"kind":"parcel"},"geometry":{"type":"LineString","coordinates":[[72.322076,50.756773],[72.322093,50.756798],[72.32226,50.756748],[72.322212,50.756689]]}},{"type":"Feature","properties":{"kind":"parcel"},"geometry":{"type":"LineString","coordinates":[[72.322353,50.756373],[72.32233,50.756351],[72.322663,50.756231],[72.322755,50.756207],[72.322789,50.756203],[72.323056,50.756486],[72.322786,50.756581],[72.322492,50.756679],[72.322448,50.756627],[72.322438,50.756628],[72.322253,50.756435],[72.322235,50.756398],[72.322298,50.756375],[72.322316,50.756386]]}},{"type":"Feature","properties":{"kind":"parcel"},"geometry":{"type":"LineString","coordinates":[[72.3225,50.75629],[72.322564,50.756357],[72.322586,50.756361]]}},{"type":"Feature","properties":{"kind":"parcel"},"geometry":{"type":"LineString","coordinates":[[72.322606,50.756876],[72.322694,50.756965],[72.322736,50.756948],[72.322758,50.756974],[72.323082,50.756873],[72.323086,50.756877],[72.323351,50.756784],[72.323094,50.756522],[72.322519,50.756714],[72.322544,50.75674],[72.322486,50.756762],[72.322598,50.75688],[72.322606,50.756876]]}},{"type":"Feature","properties":{"kind":"parcel"},"geometry":{"type":"LineString","coordinates":[[72.322814,50.756614],[72.322869,50.756669],[72.322879,50.756665],[72.323082,50.756873]]}},{"type":"Feature","properties":{"kind":"parcel"},"geometry":{"type":"LineString","coordinates":[[72.322889,50.757088],[72.322843,50.757034],[72.323394,50.756833],[72.323668,50.757127],[72.323389,50.757214],[72.323345,50.757168],[72.323355,50.75716]]}},{"type":"Feature","properties":{"kind":"parcel"},"geometry":{"type":"LineString","coordinates":[[72.323194,50.75699],[72.323179,50.756995],[72.323124,50.75693]]}},{"type":"Feature","properties":{"kind":"parcel"},"geometry":{"type":"LineString","coordinates":[[72.322412,50.756183],[72.322454,50.756237],[72.32274,50.75614],[72.322499,50.755859],[72.322485,50.755864],[72.322467,50.755845],[72.322181,50.755941],[72.322236,50.756011],[72.322247,50.75601]]}},{"type":"Feature","properties":{"kind":"parcel"},"geometry":{"type":"LineString","coordinates":[[72.317831,50.756618],[72.317902,50.756722],[72.317736,50.756767],[72.31767,50.75666],[72.317831,50.756618]]}},{"type":"Feature","properties":{"kind":"parcel"},"geometry":{"type":"LineString","coordinates":[[72.318763,50.757114],[72.318663,50.756952],[72.318522,50.756988],[72.318426,50.756821],[72.318847,50.756723],[72.318936,50.756881],[72.318898,50.756896]]}},{"type":"Feature","properties":{"kind":"parcel"},"geometry":{"type":"LineString","coordinates":[[72.318847,50.756723],[72.319026,50.756679],[72.319268,50.757021],[72.318779,50.757139]]}},{"type":"Feature","properties":{"kind":"parcel"},"geometry":{"type":"LineString","coordinates":[[72.318152,50.757443],[72.318075,50.757301],[72.318288,50.757255],[72.318374,50.757395]]}},{"type":"Feature","properties":{"kind":"parcel"},"geometry":{"type":"LineString","coordinates":[[72.318027,50.757516],[72.317876,50.757557],[72.317936,50.757653],[72.317881,50.757668],[72.317912,50.757703],[72.31808,50.757656],[72.318161,50.757786],[72.318533,50.757702],[72.318433,50.757534],[72.318383,50.757546]]}},{"type":"Feature","properties":{"kind":"parcel"},"geometry":{"type":"LineString","coordinates":[[72.318129,50.757606],[72.318061,50.757623],[72.31808,50.757656]]}},{"type":"Feature","properties":{"kind":"parcel"},"geometry":{"type":"LineString","coordinates":[[72.320946,50.756364],[72.320921,50.756322],[72.321188,50.756245],[72.321361,50.756513],[72.321113,50.756583],[72.321075,50.756516]]}},{"type":"Feature","properties":{"kind":"parcel"},"geometry":{"type":"LineString","coordinates":[[72.321222,50.756738],[72.321158,50.756656],[72.321353,50.756603],[72.321392,50.756609],[72.321488,50.756759],[72.321504,50.756755],[72.321596,50.756885],[72.321355,50.756952],[72.321315,50.756942],[72.321296,50.756903]]}},{"type":"Feature","properties":{"kind":"parcel"},"geometry":{"type":"LineString","coordinates":[[72.320955,50.756251],[72.320934,50.756218],[72.320814,50.756251],[72.320838,50.756284],[72.321155,50.756194],[72.321039,50.756018],[72.320327,50.756205],[72.319815,50.756351],[72.319424,50.756494],[72.3195,50.756619],[72.319676,50.756575],[72.319705,50.756622],[72.319536,50.756665],[72.319725,50.75697],[72.319917,50.756915],[72.319863,50.756832]]}},{"type":"Feature","properties":{"kind":"parcel"},"geometry":{"type":"LineString","coordinates":[[72.319676,50.756575],[72.31967,50.756566],[72.319747,50.756546],[72.319628,50.756422]]}},{"type":"Feature","properties":{"kind":"parcel"},"geometry":{"type":"LineString","coordinates":[[72.319747,50.756546],[72.319864,50.756512],[72.320005,50.756482],[72.320119,50.756634],[72.320094,50.756642]]}},{"type":"Feature","properties":{"kind":"parcel"},"geometry":{"type":"LineString","coordinates":[[72.320294,50.756949],[72.32025,50.756885],[72.319978,50.756975],[72.31977,50.757034],[72.319955,50.757339],[72.3204,50.757249],[72.32031,50.757123]]}},{"type":"Feature","properties":{"kind":"parcel"},"geometry":{"type":"LineString","coordinates":[[72.320325,50.757409],[72.320277,50.757339],[72.320013,50.757399],[72.32018,50.757665],[72.320401,50.75761],[72.320355,50.757533]]}},{"type":"Feature","properties":{"kind":"parcel"},"geometry":{"type":"LineString","coordinates":[[72.321445,50.75707],[72.321402,50.756997],[72.321629,50.756944],[72.321666,50.756982],[72.321723,50.757085],[72.32182,50.75723],[72.321583,50.757293],[72.321543,50.757234]]}},{"type":"Feature","properties":{"kind":"parcel"},"geometry":{"type":"LineString","coordinates":[[72.321682,50.75742],[72.321641,50.757355],[72.321864,50.757299],[72.322044,50.757569],[72.321829,50.757626],[72.321764,50.757543]]}},{"type":"Feature","properties":{"kind":"parcel"},"geometry":{"type":"LineString","coordinates":[[72.322247,50.757248],[72.322259,50.757245],[72.32222,50.75719],[72.32199,50.757258],[72.322178,50.757528],[72.322395,50.757477],[72.322366,50.75743]]}},{"type":"Feature","properties":{"kind":"parcel"},"geometry":{"type":"LineString","coordinates":[[72.322395,50.757477],[72.322706,50.757393],[72.322915,50.757325],[72.32288,50.757265],[72.322759,50.757303],[72.322701,50.757309],[72.322673,50.757256],[72.322616,50.757263]]}},{"type":"Feature","properties":{"kind":"parcel"},"geometry":{"type":"LineString","coordinates":[[72.322673,50.757256],[72.322646,50.75719],[72.322613,50.75714],[72.32261,50.75711],[72.322582,50.757087],[72.32222,50.75719]]}},{"type":"Feature","properties":{"kind":"parcel"},"geometry":{"type":"LineString","coordinates":[[72.322488,50.757575],[72.322448,50.757523],[72.32226,50.757581],[72.322232,50.757609],[72.3224,50.757863],[72.322635,50.757801],[72.32261,50.757762]]}},{"type":"Feature","properties":{"kind":"parcel"},"geometry":{"type":"LineString","coordinates":[[72.322635,50.757801],[72.322956,50.757722],[72.32286,50.757582]]}},{"type":"Feature","properties":{"kind":"parcel"},"geometry":{"type":"LineString","coordinates":[[72.322808,50.757837],[72.322794,50.757811],[72.322434,50.757911],[72.322573,50.758107],[72.322598,50.758106],[72.322912,50.758027],[72.322905,50.758015]]}},{"type":"Feature","properties":{"kind":"parcel"},"geometry":{"type":"LineString","coordinates":[[72.322964,50.757922],[72.323043,50.757902],[72.322993,50.757823],[72.322915,50.757838]]}},{"type":"Feature","properties":{"kind":"parcel"},"geometry":{"type":"LineString","coordinates":[[72.322912,50.758027],[72.32332,50.757923],[72.323218,50.757783],[72.323168,50.757737],[72.322951,50.75779],[72.322903,50.757815]]}},{"type":"Feature","properties":{"kind":"parcel"},"geometry":{"type":"LineString","coordinates":[[72.323216,50.757781],[72.323214,50.757758],[72.323364,50.757679],[72.324048,50.757424],[72.32429,50.757635],[72.323915,50.757775],[72.323898,50.757752]]}},{"type":"Feature","properties":{"kind":"parcel"},"geometry":{"type":"LineString","coordinates":[[72.32332,50.757923],[72.323396,50.758011],[72.323421,50.758008],[72.32352,50.757964],[72.323594,50.757947],[72.323603,50.757955],[72.323702,50.757917]]}},{"type":"Feature","properties":{"kind":"parcel"},"geometry":{"type":"LineString","coordinates":[[72.323421,50.758008],[72.323604,50.75821],[72.323497,50.758241],[72.32352,50.758273],[72.323331,50.758332],[72.323172,50.758375],[72.323202,50.758425]]}},{"type":"Feature","properties":{"kind":"parcel"},"geometry":{"type":"LineString","coordinates":[[72.323604,50.75821],[72.323669,50.758204],[72.323862,50.758422],[72.323478,50.758551],[72.323207,50.758628],[72.32322,50.758645],[72.323,50.758701],[72.322828,50.758456],[72.323034,50.758402],[72.323075,50.758472]]}},{"type":"Feature","properties":{"kind":"parcel"},"geometry":{"type":"LineString","coordinates":[[72.320498,50.757738],[72.320449,50.757658],[72.320199,50.757724],[72.320378,50.758],[72.320786,50.757892],[72.321513,50.757711]]}},{"type":"Feature","properties":{"kind":"parcel"},"geometry":{"type":"LineString","coordinates":[[72.319402,50.756221],[72.319428,50.756253],[72.319457,50.756319],[72.319497,50.756316],[72.31959,50.756286],[72.319562,50.75624]]}},{"type":"Feature","properties":{"kind":"parcel"},"geometry":{"type":"LineString","coordinates":[[72.319167,50.757298],[72.31917,50.757314],[72.319237,50.757299],[72.319191,50.757232],[72.319175,50.757222],[72.319097,50.757238],[72.319049,50.757192],[72.318893,50.757239],[72.318885,50.757228],[72.31866,50.757287],[72.318625,50.757243],[72.318502,50.757265],[72.318441,50.757283],[72.318481,50.757382],[72.318515,50.757509],[72.318617,50.757668],[72.31864,50.757679],[72.319115,50.757552],[72.319106,50.757539],[72.319378,50.75747],[72.319296,50.757352],[72.319266,50.757343],[72.319191,50.757359]]}},{"type":"Feature","properties":{"kind":"parcel"},"geometry":{"type":"LineString","coordinates":[[72.319084,50.757819],[72.319033,50.75773],[72.318708,50.757816],[72.31882,50.757986],[72.318885,50.757972]]}},{"type":"Feature","properties":{"kind":"parcel"},"geometry":{"type":"LineString","coordinates":[[72.318214,50.758143],[72.318308,50.758118],[72.318211,50.757948],[72.317796,50.758058],[72.317901,50.758249]]}},{"type":"Feature","properties":{"kind":"parcel"},"geometry":{"type":"LineString","coordinates":[[72.31775,50.758237],[72.317796,50.758225],[72.317707,50.758075],[72.317455,50.75814],[72.317552,50.758289],[72.317624,50.758269]]}},{"type":"Feature","properties":{"kind":"parcel"},"geometry":{"type":"LineString","coordinates":[[72.317389,50.758298],[72.317324,50.758199],[72.316948,50.758302],[72.317053,50.758448]]}},{"type":"Feature","properties":{"kind":"parcel"},"geometry":{"type":"LineString","coordinates":[[72.317094,50.758499],[72.317127,50.758541],[72.317106,50.75856],[72.317141,50.758602],[72.317187,50.758629],[72.317273,50.758727]]}},{"type":"Feature","properties":{"kind":"parcel"},"geometry":{"type":"LineString","coordinates":[[72.316948,50.758302],[72.316921,50.758269],[72.316569,50.758363],[72.316677,50.758537],[72.31677,50.758755],[72.316886,50.758726]]}},{"type":"Feature","properties":{"kind":"parcel"},"geometry":{"type":"LineString","coordinates":[[72.317263,50.758715],[72.316998,50.758793],[72.316823,50.758851],[72.316872,50.758956],[72.316966,50.75906],[72.317086,50.759117],[72.317117,50.759091],[72.317304,50.759214],[72.317778,50.759552],[72.317933,50.759499],[72.318134,50.759446],[72.318307,50.75939],[72.317939,50.758977],[72.317596,50.759146],[72.317514,50.759057],[72.317393,50.759109],[72.317379,50.759105],[72.317237,50.75917]]}},{"type":"Feature","properties":{"kind":"parcel"},"geometry":{"type":"LineString","coordinates":[[72.317471,50.759075],[72.317295,50.758865],[72.31723,50.758894]]}},{"type":"Feature","properties":{"kind":"parcel"},"geometry":{"type":"LineString","coordinates":[[72.317514,50.758704],[72.317776,50.758622],[72.31791,50.758764],[72.318045,50.75893],[72.317939,50.758977]]}},{"type":"Feature","properties":{"kind":"parcel"},"geometry":{"type":"LineString","coordinates":[[72.318276,50.75897],[72.318216,50.758992],[72.318353,50.759177],[72.318274,50.759205],[72.318393,50.759363],[72.318307,50.75939]]}},{"type":"Feature","properties":{"kind":"parcel"},"geometry":{"type":"LineString","coordinates":[[72.318353,50.759177],[72.318453,50.759319],[72.318438,50.759324]]}},{"type":"Feature","properties":{"kind":"parcel"},"geometry":{"type":"LineString","coordinates":[[72.318439,50.759299],[72.318539,50.759273],[72.318584,50.759311],[72.318689,50.759308],[72.31885,50.759259],[72.318768,50.759151],[72.318707,50.759174]]}},{"type":"Feature","properties":{"kind":"parcel"},"geometry":{"type":"LineString","coordinates":[[72.318831,50.759234],[72.318929,50.759204],[72.31866,50.758855],[72.318539,50.758893]]}},{"type":"Feature","properties":{"kind":"parcel"},"geometry":{"type":"LineString","coordinates":[[72.318932,50.759051],[72.318884,50.759067],[72.31898,50.759189],[72.319186,50.759128],[72.319193,50.759138],[72.319373,50.759082],[72.319374,50.759073],[72.319385,50.759068],[72.319354,50.759044],[72.319279,50.75895],[72.31924,50.758961]]}},{"type":"Feature","properties":{"kind":"parcel"},"geometry":{"type":"LineString","coordinates":[[72.31917,50.758804],[72.319238,50.758783],[72.319288,50.75879],[72.319446,50.759023],[72.319449,50.759048],[72.319854,50.758922],[72.3202,50.758804],[72.31998,50.758478],[72.319846,50.758511],[72.319938,50.758625],[72.320056,50.758595]]}},{"type":"Feature","properties":{"kind":"parcel"},"geometry":{"type":"LineString","coordinates":[[72.31998,50.758478],[72.319939,50.758399],[72.319695,50.758454],[72.31963,50.758356]]}},{"type":"Feature","properties":{"kind":"parcel"},"geometry":{"type":"LineString","coordinates":[[72.319939,50.758399],[72.319793,50.758164],[72.319679,50.758195],[72.319706,50.758241]]}},{"type":"Feature","properties":{"kind":"parcel"},"geometry":{"type":"LineString","coordinates":[[72.319793,50.758164],[72.319648,50.757945],[72.319306,50.758052],[72.319206,50.757894],[72.319243,50.757879],[72.319153,50.757717],[72.319444,50.75764],[72.319585,50.757851]]}},{"type":"Feature","properties":{"kind":"parcel"},"geometry":{"type":"LineString","coordinates":[[72.31643,50.758463],[72.316512,50.758441],[72.316461,50.758353],[72.316112,50.758434],[72.316258,50.758641],[72.316371,50.758614],[72.316365,50.758608]]}},{"type":"Feature","properties":{"kind":"parcel"},"geometry":{"type":"LineString","coordinates":[[72.316094,50.75819],[72.315964,50.75823],[72.316046,50.758349],[72.316297,50.758291],[72.316518,50.758231],[72.316417,50.758056],[72.316338,50.758073]]}},{"type":"Feature","properties":{"kind":"parcel"},"geometry":{"type":"LineString","coordinates":[[72.316266,50.757935],[72.316375,50.757913],[72.316335,50.757833],[72.316236,50.757846]]}},{"type":"Feature","properties":{"kind":"parcel"},"geometry":{"type":"LineString","coordinates":[[72.316618,50.757828],[72.316481,50.757855],[72.316666,50.758157],[72.317428,50.757968],[72.317368,50.757873],[72.317289,50.75769],[72.317187,50.757567],[72.317169,50.757526],[72.316866,50.757601],[72.316908,50.757653],[72.316684,50.7577],[72.316687,50.757735],[72.316702,50.757762],[72.316888,50.757716],[72.316997,50.757761],[72.316908,50.757653]]}},{"type":"Feature","properties":{"kind":"parcel"},"geometry":{"type":"LineString","coordinates":[[72.319304,50.756136],[72.319206,50.756158],[72.318675,50.755402]]}},{"type":"Feature","properties":{"kind":"parcel"},"geometry":{"type":"LineString","coordinates":[[72.319083,50.755983],[72.319499,50.755878],[72.319638,50.75585],[72.319748,50.755814],[72.319869,50.755984],[72.319603,50.756057]]}},{"type":"Feature","properties":{"kind":"parcel"},"geometry":{"type":"LineString","coordinates":[[72.323483,50.75731],[72.323439,50.757274],[72.32324,50.757346],[72.32323,50.757356],[72.323227,50.757388]]}},{"type":"Feature","properties":{"kind":"parcel"},"geometry":{"type":"LineString","coordinates":[[72.323183,50.757439],[72.323101,50.757351],[72.322966,50.75739],[72.322979,50.75743],[72.323153,50.757645],[72.323322,50.757589],[72.323343,50.757614],[72.323515,50.757552],[72.323532,50.757565],[72.32393,50.757408],[72.323822,50.757296],[72.323698,50.757343]]}},{"type":"Feature","properties":{"kind":"parcel"},"geometry":{"type":"LineString","coordinates":[[72.323822,50.757296],[72.32371,50.757178],[72.323442,50.757277]]}},{"type":"Feature","properties":{"kind":"parcel"},"geometry":{"type":"LineString","coordinates":[[72.323972,50.757839],[72.323952,50.757817],[72.324323,50.757672],[72.324431,50.757783],[72.324528,50.757887],[72.324166,50.758036],[72.324133,50.75801]]}},{"type":"Feature","properties":{"kind":"parcel"},"geometry":{"type":"LineString","coordinates":[[72.323736,50.758276],[72.324311,50.758053],[72.324467,50.758235],[72.324472,50.758255],[72.324507,50.758293],[72.324369,50.758346],[72.324222,50.758387],[72.324317,50.758535],[72.324371,50.758538],[72.324638,50.758448],[72.324507,50.758293]]}},{"type":"Feature","properties":{"kind":"parcel"},"geometry":{"type":"LineString","coordinates":[[72.324638,50.758448],[72.324683,50.758493],[72.324943,50.75839],[72.324943,50.758382],[72.324986,50.758366],[72.324593,50.757954],[72.324444,50.758017],[72.32462,50.758189],[72.324847,50.758428]]}},{"type":"Feature","properties":{"kind":"parcel"},"geometry":{"type":"LineString","coordinates":[[72.323888,50.758465],[72.323981,50.758577],[72.323728,50.75864],[72.323699,50.758633],[72.323637,50.758561],[72.323888,50.758465]]}},{"type":"Feature","properties":{"kind":"parcel"},"geometry":{"type":"LineString","coordinates":[[72.323611,50.758733],[72.323774,50.7587],[72.32395,50.75865],[72.32411,50.758613],[72.324167,50.758611],[72.324214,50.758652],[72.324258,50.758709],[72.324019,50.758779],[72.323927,50.758798],[72.323883,50.758815],[72.323791,50.758835],[72.323695,50.758714]]}},{"type":"Feature","properties":{"kind":"parcel"},"geometry":{"type":"LineString","coordinates":[[72.323266,50.758742],[72.323284,50.758732],[72.323248,50.758687],[72.323032,50.758741],[72.323188,50.758976],[72.323387,50.758926],[72.323395,50.758936],[72.323438,50.758924],[72.323537,50.75891]]}},{"type":"Feature","properties":{"kind":"parcel"},"geometry":{"type":"LineString","coordinates":[[72.32356,50.759163],[72.323578,50.759158],[72.323605,50.759205],[72.32358,50.759253],[72.323412,50.759299],[72.323224,50.759024],[72.323562,50.75894]]}},{"type":"Feature","properties":{"kind":"parcel"},"geometry":{"type":"LineString","coordinates":[[72.322867,50.758141],[72.322832,50.758094],[72.322641,50.758148],[72.322794,50.758418],[72.323014,50.758354],[72.322991,50.758321]]}},{"type":"Feature","properties":{"kind":"parcel"},"geometry":{"type":"LineString","coordinates":[[72.322302,50.758544],[72.322643,50.758449],[72.322629,50.758429],[72.322637,50.758419],[72.322496,50.758205],[72.32211,50.758311],[72.322135,50.758344]]}},{"type":"Feature","properties":{"kind":"parcel"},"geometry":{"type":"LineString","coordinates":[[72.322489,50.758594],[72.322463,50.758558],[72.322687,50.758495],[72.322772,50.758616],[72.322757,50.758621],[72.322835,50.758737],[72.322624,50.758792],[72.322613,50.758788],[72.322479,50.758816],[72.322455,50.758783]]}},{"type":"Feature","properties":{"kind":"parcel"},"geometry":{"type":"LineString","coordinates":[[72.322467,50.758565],[72.322333,50.758606],[72.322357,50.75864]]}},{"type":"Feature","properties":{"kind":"parcel"},"geometry":{"type":"LineString","coordinates":[[72.321961,50.757039],[72.321849,50.757066],[72.321948,50.75722],[72.322201,50.757147]]}},{"type":"Feature","properties":{"kind":"parcel"},"geometry":{"type":"LineString","coordinates":[[72.322049,50.758226],[72.322073,50.758265],[72.322457,50.758157],[72.32238,50.758018],[72.322314,50.757932],[72.322211,50.757961],[72.322232,50.757993]]}},{"type":"Feature","properties":{"kind":"parcel"},"geometry":{"type":"LineString","coordinates":[[72.322113,50.758592],[72.322124,50.758624],[72.32211,50.75869],[72.321836,50.758757],[72.321776,50.758697],[72.321686,50.758712],[72.321612,50.758717],[72.321456,50.758715],[72.321363,50.758536],[72.321408,50.758521],[72.321607,50.758462],[72.321776,50.758697]]}},{"type":"Feature","properties":{"kind":"parcel"},"geometry":{"type":"LineString","coordinates":[[72.321607,50.758462],[72.321549,50.758377],[72.321525,50.758325],[72.321434,50.758211],[72.321375,50.758118],[72.321333,50.758117],[72.321134,50.75782],[72.321534,50.757728],[72.321564,50.757767],[72.322083,50.757623],[72.32227,50.757882],[72.322072,50.757935],[72.322049,50.757902]]}},{"type":"Feature","properties":{"kind":"parcel"},"geometry":{"type":"LineString","coordinates":[[72.321656,50.75792],[72.321588,50.757939],[72.321577,50.757914],[72.3215,50.757927],[72.321561,50.758026],[72.321708,50.757992]]}},{"type":"Feature","properties":{"kind":"parcel"},"geometry":{"type":"LineString","coordinates":[[72.321111,50.758709],[72.321138,50.758765],[72.320911,50.758824],[72.320716,50.758523],[72.320913,50.758472],[72.321003,50.75855]]}},{"type":"Feature","properties":{"kind":"parcel"},"geometry":{"type":"LineString","coordinates":[[72.321192,50.758911],[72.321227,50.758903],[72.321181,50.758841],[72.320999,50.758883],[72.320963,50.758899],[72.321,50.758969],[72.3211,50.759118],[72.321182,50.75926],[72.32136,50.759215],[72.321331,50.759164]]}},{"type":"Feature","properties":{"kind":"parcel"},"geometry":{"type":"LineString","coordinates":[[72.32153,50.759374],[72.321416,50.759264],[72.321223,50.759309],[72.32143,50.759628],[72.321593,50.759586]]}},{"type":"Feature","properties":{"kind":"parcel"},"geometry":{"type":"LineString","coordinates":[[72.321701,50.759649],[72.321676,50.759635],[72.321624,50.759637],[72.321447,50.759671],[72.321645,50.759984],[72.321671,50.760036],[72.32189,50.759988],[72.321847,50.75986]]}},{"type":"Feature","properties":{"kind":"parcel"},"geometry":{"type":"LineString","coordinates":[[72.322,50.75985],[72.322073,50.759846],[72.322552,50.759763],[72.322439,50.759458],[72.322366,50.759471],[72.322333,50.759395],[72.322232,50.759416],[72.322222,50.759398],[72.322099,50.759419],[72.322082,50.759378],[72.321989,50.759391]]}},{"type":"Feature","properties":{"kind":"parcel"},"geometry":{"type":"LineString","coordinates":[[72.322099,50.759419],[72.322137,50.759486],[72.322257,50.759463],[72.322232,50.759416]]}},{"type":"Feature","properties":{"kind":"parcel"},"geometry":{"type":"LineString","coordinates":[[72.322366,50.759471],[72.322345,50.759474],[72.322404,50.759599],[72.322485,50.759586]]}},{"type":"Feature","properties":{"kind":"parcel"},"geometry":{"type":"LineString","coordinates":[[72.32067,50.758078],[72.320707,50.758064],[72.320657,50.757985],[72.320424,50.758052],[72.320518,50.758209],[72.320613,50.758181]]}},{"type":"Feature","properties":{"kind":"parcel"},"geometry":{"type":"LineString","coordinates":[[72.321426,50.758913],[72.321419,50.758882],[72.321538,50.758862],[72.321548,50.758886],[72.321648,50.758864],[72.321675,50.758912],[72.32163,50.758922],[72.321688,50.759016],[72.321705,50.759015],[72.321728,50.759055],[72.321629,50.759078],[72.321621,50.759066]]}},{"type":"Feature","properties":{"kind":"parcel"},"geometry":{"type":"LineString","coordinates":[[72.321548,50.758886],[72.321571,50.758934],[72.32163,50.758922]]}},{"type":"Feature","properties":{"kind":"parcel"},"geometry":{"type":"LineString","coordinates":[[72.325819,50.755436],[72.325448,50.755586],[72.325277,50.755416],[72.325647,50.755267],[72.325757,50.755375]]}},{"type":"Feature","properties":{"kind":"parcel"},"geometry":{"type":"LineString","coordinates":[[72.325862,50.755591],[72.325792,50.755512],[72.325505,50.755634],[72.325764,50.75589],[72.326226,50.755693],[72.326246,50.755712],[72.326279,50.755699],[72.326254,50.755672],[72.327049,50.755317],[72.326796,50.755077],[72.326196,50.755345],[72.325837,50.755489],[72.325792,50.755512]]}},{"type":"Feature","properties":{"kind":"parcel"},"geometry":{"type":"LineString","coordinates":[[72.326254,50.755672],[72.326151,50.755574],[72.326216,50.755548],[72.32611,50.75545],[72.326008,50.755489],[72.326035,50.755517]]}},{"type":"Feature","properties":{"kind":"parcel"},"geometry":{"type":"LineString","coordinates":[[72.327127,50.756388],[72.32723,50.756467],[72.327114,50.756537],[72.32673,50.756745],[72.32666,50.756698],[72.326325,50.756371],[72.326817,50.756158],[72.32696,50.756299],[72.32691,50.756321]]}},{"type":"Feature","properties":{"kind":"parcel"},"geometry":{"type":"LineString","coordinates":[[72.324986,50.758366],[72.325223,50.758615],[72.325014,50.758693],[72.324929,50.758681],[72.324905,50.758654],[72.324815,50.75869]]}},{"type":"Feature","properties":{"kind":"parcel"},"geometry":{"type":"LineString","coordinates":[[72.324371,50.758538],[72.324459,50.758644],[72.324498,50.758634]]}},{"type":"Feature","properties":{"kind":"parcel"},"geometry":{"type":"LineString","coordinates":[[72.322664,50.759101],[72.322686,50.759095],[72.322694,50.759108],[72.323031,50.759019],[72.322878,50.75877],[72.322638,50.758831],[72.322516,50.758853],[72.32231,50.758899],[72.322307,50.758893],[72.322248,50.758902],[72.322196,50.758916],[72.322289,50.759093],[72.322419,50.759063],[72.322449,50.75905]]}},{"type":"Feature","properties":{"kind":"parcel"},"geometry":{"type":"LineString","coordinates":[[72.321613,50.759225],[72.321627,50.759248],[72.321558,50.75926],[72.321546,50.759241],[72.321787,50.759189]]}},{"type":"Feature","properties":{"kind":"parcel"},"geometry":{"type":"LineString","coordinates":[[72.321851,50.760283],[72.322116,50.760773],[72.32246,50.760697],[72.322388,50.760578],[72.322546,50.760538],[72.322682,50.760515],[72.322763,50.760507],[72.322812,50.760614],[72.322832,50.760637],[72.322475,50.760711],[72.32246,50.760697]]}},{"type":"Feature","properties":{"kind":"parcel"},"geometry":{"type":"LineString","coordinates":[[72.321851,50.760283],[72.321993,50.760248],[72.322015,50.760256],[72.322084,50.760239],[72.322078,50.760229],[72.322627,50.760093],[72.322868,50.760489],[72.322767,50.760515]]}},{"type":"Feature","properties":{"kind":"parcel"},"geometry":{"type":"LineString","coordinates":[[72.322611,50.75924],[72.322576,50.759187],[72.32269,50.759153],[72.322728,50.759206]]}},{"type":"Feature","properties":{"kind":"parcel"},"geometry":{"type":"LineString","coordinates":[[72.322895,50.759148],[72.322865,50.759156],[72.32284,50.75912],[72.323055,50.759058],[72.323132,50.759182],[72.323251,50.759347],[72.32308,50.759377],[72.322988,50.759345]]}},{"type":"Feature","properties":{"kind":"parcel"},"geometry":{"type":"LineString","coordinates":[[72.32295,50.759231],[72.322795,50.759278]]}},{"type":"Feature","properties":{"kind":"parcel"},"geometry":{"type":"LineString","coordinates":[[72.322552,50.759763],[72.32344,50.759632],[72.323251,50.759347]]}},{"type":"Feature","properties":{"kind":"parcel"},"geometry":{"type":"LineString","coordinates":[[72.320263,50.758918],[72.318993,50.759324],[72.318997,50.759329],[72.318816,50.759388],[72.318166,50.759588],[72.318483,50.759957],[72.318436,50.759997],[72.318256,50.76008],[72.318182,50.760079],[72.317898,50.759777],[72.317921,50.759752],[72.31799,50.759715],[72.318198,50.759624]]}},{"type":"Feature","properties":{"kind":"parcel"},"geometry":{"type":"LineString","coordinates":[[72.318483,50.759957],[72.318656,50.759907],[72.318553,50.759758]]}},{"type":"Feature","properties":{"kind":"parcel"},"geometry":{"type":"LineString","coordinates":[[72.319034,50.759794],[72.319186,50.75975],[72.31911,50.759643],[72.319148,50.759617]]}},{"type":"Feature","properties":{"kind":"parcel"},"geometry":{"type":"LineString","coordinates":[[72.318731,50.759414],[72.318881,50.759614],[72.31896,50.759586],[72.318816,50.759388]]}},{"type":"Feature","properties":{"kind":"parcel"},"geometry":{"type":"LineString","coordinates":[[72.31896,50.759586],[72.31903,50.759561],[72.319029,50.759534],[72.319006,50.759456],[72.318923,50.759353]]}},{"type":"Feature","properties":{"kind":"parcel"},"geometry":{"type":"LineString","coordinates":[[72.319334,50.759556],[72.319401,50.759637],[72.31939,50.75964],[72.319394,50.759656],[72.31967,50.760043],[72.31959,50.760075],[72.319008,50.760251],[72.31872,50.760104],[72.318595,50.760014],[72.318603,50.759986],[72.319003,50.759851],[72.31906,50.759837],[72.319106,50.759836],[72.31912,50.759862]]}},{"type":"Feature","properties":{"kind":"parcel"},"geometry":{"type":"LineString","coordinates":[[72.31872,50.760104],[72.31901,50.760006]]}},{"type":"Feature","properties":{"kind":"parcel"},"geometry":{"type":"LineString","coordinates":[[72.319302,50.760159],[72.31927,50.760046],[72.319218,50.759948],[72.319145,50.759837],[72.319106,50.759836]]}},{"type":"Feature","properties":{"kind":"parcel"},"geometry":{"type":"LineString","coordinates":[[72.319386,50.760136],[72.319643,50.760509],[72.319816,50.76047],[72.319733,50.76033],[72.319725,50.76033]]}},{"type":"Feature","properties":{"kind":"parcel"},"geometry":{"type":"LineString","coordinates":[[72.319816,50.76047],[72.319901,50.760456],[72.320054,50.760415],[72.320083,50.760412],[72.320284,50.760351],[72.320304,50.760366],[72.320645,50.760279],[72.321049,50.760161],[72.320898,50.759908],[72.320128,50.760128],[72.320284,50.760351]]}},{"type":"Feature","properties":{"kind":"parcel"},"geometry":{"type":"LineString","coordinates":[[72.31967,50.760043],[72.319842,50.759955],[72.319977,50.759922],[72.320128,50.760128]]}},{"type":"Feature","properties":{"kind":"parcel"},"geometry":{"type":"LineString","coordinates":[[72.319977,50.759922],[72.320153,50.759867]]}},{"type":"Feature","properties":{"kind":"parcel"},"geometry":{"type":"LineString","coordinates":[[72.320352,50.759819],[72.320464,50.75979],[72.320487,50.759825]]}},{"type":"Feature","properties":{"kind":"parcel"},"geometry":{"type":"LineString","coordinates":[[72.320437,50.759959],[72.320481,50.760027]]}},{"type":"Feature","properties":{"kind":"parcel"},"geometry":{"type":"LineString","coordinates":[[72.319842,50.759955],[72.319588,50.759584],[72.319401,50.759637]]}},{"type":"Feature","properties":{"kind":"parcel"},"geometry":{"type":"LineString","coordinates":[[72.319733,50.759799],[72.320052,50.75972],[72.320658,50.759541],[72.320617,50.759485],[72.3205,50.759512],[72.320328,50.759564],[72.32037,50.759627]]}},{"type":"Feature","properties":{"kind":"parcel"},"geometry":{"type":"LineString","coordinates":[[72.319588,50.759584],[72.319599,50.759478],[72.320462,50.759226],[72.320596,50.75944]]}},{"type":"Feature","properties":{"kind":"parcel"},"geometry":{"type":"LineString","coordinates":[[72.318179,50.758282],[72.318221,50.75836],[72.318334,50.758526],[72.318717,50.758428],[72.318656,50.758336],[72.318518,50.758185],[72.318416,50.758228]]}},{"type":"Feature","properties":{"kind":"parcel"},"geometry":{"type":"LineString","coordinates":[[72.318518,50.758185],[72.318468,50.758148],[72.318431,50.758094],[72.3184,50.758065],[72.318361,50.758001],[72.318256,50.758027]]}},{"type":"Feature","properties":{"kind":"parcel"},"geometry":{"type":"LineString","coordinates":[[72.317772,50.759295],[72.317805,50.759334],[72.318009,50.75948]]}},{"type":"Feature","properties":{"kind":"parcel"},"geometry":{"type":"LineString","coordinates":[[72.320687,50.759582],[72.320771,50.759706],[72.320761,50.75971],[72.320896,50.759909]]}},{"type":"Feature","properties":{"kind":"parcel"},"geometry":{"type":"LineString","coordinates":[[72.320864,50.759862],[72.320579,50.759931],[72.320545,50.759874]]}},{"type":"Feature","properties":{"kind":"parcel"},"geometry":{"type":"LineString","coordinates":[[72.321131,50.760284],[72.320911,50.760322],[72.32079,50.760358],[72.320076,50.760534],[72.319724,50.760629],[72.319829,50.760807],[72.320002,50.760767],[72.320213,50.760708],[72.320076,50.760534]]}},{"type":"Feature","properties":{"kind":"parcel"},"geometry":{"type":"LineString","coordinates":[[72.320642,50.760714],[72.320512,50.760746],[72.32039,50.760789]]}},{"type":"Feature","properties":{"kind":"parcel"},"geometry":{"type":"LineString","coordinates":[[72.320891,50.760647],[72.321288,50.760536],[72.321131,50.760284]]}},{"type":"Feature","properties":{"kind":"parcel"},"geometry":{"type":"LineString","coordinates":[[72.321288,50.760536],[72.321362,50.760653],[72.320773,50.760804],[72.320842,50.760907],[72.320051,50.76114],[72.320027,50.761098],[72.319992,50.761106],[72.319835,50.760857],[72.319976,50.760816],[72.319994,50.760834]]}},{"type":"Feature","properties":{"kind":"parcel"},"geometry":{"type":"LineString","coordinates":[[72.320842,50.760907],[72.321007,50.760862],[72.320941,50.76076]]}},{"type":"Feature","properties":{"kind":"parcel"},"geometry":{"type":"LineString","coordinates":[[72.321075,50.760725],[72.321163,50.76087],[72.321451,50.760792],[72.321362,50.760653]]}},{"type":"Feature","properties":{"kind":"parcel"},"geometry":{"type":"LineString","coordinates":[[72.321451,50.760792],[72.321646,50.761079],[72.321815,50.761373],[72.321976,50.761726],[72.321895,50.76174],[72.321897,50.761744]]}},{"type":"Feature","properties":{"kind":"parcel"},"geometry":{"type":"LineString","coordinates":[[72.321646,50.761079],[72.32142,50.761139],[72.321357,50.761164],[72.321257,50.761221],[72.321167,50.761251],[72.321114,50.761174]]}},{"type":"Feature","properties":{"kind":"parcel"},"geometry":{"type":"LineString","coordinates":[[72.321167,50.761251],[72.320967,50.761318],[72.320828,50.761126],[72.321041,50.761068]]}},{"type":"Feature","properties":{"kind":"parcel"},"geometry":{"type":"LineString","coordinates":[[72.320203,50.761155],[72.320195,50.76114],[72.320073,50.761176],[72.320058,50.761196],[72.320208,50.761415],[72.320242,50.761423],[72.320372,50.761386],[72.320363,50.761372]]}},{"type":"Feature","properties":{"kind":"parcel"},"geometry":{"type":"LineString","coordinates":[[72.320528,50.761442],[72.320516,50.761426],[72.320268,50.761496],[72.320427,50.761733],[72.320541,50.7617],[72.32053,50.761685]]}},{"type":"Feature","properties":{"kind":"parcel"},"geometry":{"type":"LineString","coordinates":[[72.320659,50.76162],[72.320667,50.761618],[72.320613,50.761545],[72.3207,50.761522]]}},{"type":"Feature","properties":{"kind":"parcel"},"geometry":{"type":"LineString","coordinates":[[72.320967,50.761318],[72.321157,50.761578],[72.32092,50.76165],[72.320461,50.761775],[72.320488,50.761814],[72.320583,50.761785]]}},{"type":"Feature","properties":{"kind":"parcel"},"geometry":{"type":"LineString","coordinates":[[72.321134,50.761546],[72.321557,50.761424],[72.321566,50.761436],[72.321815,50.761373]]}},{"type":"Feature","properties":{"kind":"parcel"},"geometry":{"type":"LineString","coordinates":[[72.321566,50.761436],[72.321624,50.761516],[72.321859,50.761467]]}},{"type":"Feature","properties":{"kind":"parcel"},"geometry":{"type":"LineString","coordinates":[[72.321157,50.761578],[72.321165,50.761576],[72.321304,50.761783]]}},{"type":"Feature","properties":{"kind":"parcel"},"geometry":{"type":"LineString","coordinates":[[72.320488,50.761814],[72.32057,50.761935],[72.320666,50.761908]]}},{"type":"Feature","properties":{"kind":"parcel"},"geometry":{"type":"LineString","coordinates":[[72.32057,50.761935],[72.320652,50.762057],[72.320758,50.76204],[72.320746,50.762022]]}},{"type":"Feature","properties":{"kind":"parcel"},"geometry":{"type":"LineString","coordinates":[[72.320652,50.762057],[72.32072,50.762156],[72.320768,50.76219],[72.320825,50.762301],[72.320918,50.762439],[72.321205,50.76237],[72.321079,50.762124]]}},{"type":"Feature","properties":{"kind":"parcel"},"geometry":{"type":"LineString","coordinates":[[72.321215,50.762006],[72.321309,50.761955],[72.321389,50.761936],[72.321588,50.762209],[72.321587,50.762218],[72.321613,50.762238],[72.321631,50.762273],[72.321205,50.76237]]}},{"type":"Feature","properties":{"kind":"parcel"},"geometry":{"type":"LineString","coordinates":[[72.321631,50.762273],[72.32193,50.762202],[72.32216,50.762157],[72.322122,50.762067],[72.322143,50.762064],[72.322045,50.76184],[72.321389,50.761936]]}},{"type":"Feature","properties":{"kind":"parcel"},"geometry":{"type":"LineString","coordinates":[[72.32216,50.762157],[72.322283,50.762423],[72.322203,50.762442],[72.321714,50.762544],[72.321625,50.762541],[72.32108,50.762632],[72.321017,50.762607],[72.320936,50.762492],[72.320918,50.762439]]}},{"type":"Feature","properties":{"kind":"parcel"},"geometry":{"type":"LineString","coordinates":[[72.32108,50.762632],[72.321105,50.762684],[72.32106,50.762695],[72.32128,50.76301],[72.32205,50.762837],[72.322428,50.762747],[72.322283,50.762423]]}},{"type":"Feature","properties":{"kind":"parcel"},"geometry":{"type":"LineString","coordinates":[[72.322366,50.762613],[72.322295,50.762623],[72.322286,50.762591],[72.322268,50.762595]]}},{"type":"Feature","properties":{"kind":"parcel"},"geometry":{"type":"LineString","coordinates":[[72.322388,50.762658],[72.321972,50.762746]]}},{"type":"Feature","properties":{"kind":"parcel"},"geometry":{"type":"LineString","coordinates":[[72.321899,50.76287],[72.32178,50.76265],[72.321714,50.762544]]}},{"type":"Feature","properties":{"kind":"parcel"},"geometry":{"type":"LineString","coordinates":[[72.322466,50.762831],[72.322148,50.762886],[72.322224,50.76305],[72.322516,50.762999],[72.322505,50.762973],[72.322528,50.762969],[72.322466,50.762831]]}},{"type":"Feature","properties":{"kind":"parcel"},"geometry":{"type":"LineString","coordinates":[[72.322528,50.762969],[72.322612,50.763146],[72.322468,50.763167]]}},{"type":"Feature","properties":{"kind":"parcel"},"geometry":{"type":"LineString","coordinates":[[72.322541,50.763612],[72.322782,50.763585],[72.322782,50.763808],[72.322213,50.76388],[72.3222,50.763888]]}},{"type":"Feature","properties":{"kind":"parcel"},"geometry":{"type":"LineString","coordinates":[[72.322782,50.763808],[72.32279,50.766251],[72.322756,50.766245],[72.322587,50.766249],[72.322586,50.76617],[72.322615,50.76617],[72.322613,50.766093]]}},{"type":"Feature","properties":{"kind":"parcel"},"geometry":{"type":"LineString","coordinates":[[72.322787,50.765867],[72.322374,50.765878],[72.322348,50.765921]]}},{"type":"Feature","properties":{"kind":"parcel"},"geometry":{"type":"LineString","coordinates":[[72.322104,50.765658],[72.32209,50.765547],[72.321862,50.765552],[72.321876,50.76567]]}},{"type":"Feature","properties":{"kind":"parcel"},"geometry":{"type":"LineString","coordinates":[[72.321862,50.765552],[72.321478,50.765561],[72.321508,50.765763],[72.321598,50.765758],[72.321634,50.766015],[72.32182,50.766011],[72.321821,50.766033],[72.321859,50.766046],[72.322065,50.766032],[72.322061,50.766],[72.322204,50.765996],[72.322207,50.766055]]}},{"type":"Feature","properties":{"kind":"parcel"},"geometry":{"type":"LineString","coordinates":[[72.321909,50.766007],[72.321893,50.765843]]}},{"type":"Feature","properties":{"kind":"parcel"},"geometry":{"type":"LineString","coordinates":[[72.321508,50.765763],[72.321173,50.76579],[72.321199,50.765957],[72.32122,50.766029],[72.321634,50.766015]]}},{"type":"Feature","properties":{"kind":"parcel"},"geometry":{"type":"LineString","coordinates":[[72.32122,50.766029],[72.321119,50.766037],[72.321156,50.76625],[72.321158,50.766326],[72.321186,50.76641],[72.322013,50.766336],[72.322304,50.766321],[72.322303,50.766311],[72.322792,50.766291],[72.32279,50.766251]]}},{"type":"Feature","properties":{"kind":"parcel"},"geometry":{"type":"LineString","coordinates":[[72.322792,50.766291],[72.3228,50.767334],[72.322536,50.76735],[72.322501,50.767186],[72.322512,50.767186]]}},{"type":"Feature","properties":{"kind":"parcel"},"geometry":{"type":"LineString","coordinates":[[72.322793,50.766557],[72.322462,50.766564],[72.322202,50.766581],[72.32223,50.766687],[72.322392,50.766672],[72.322395,50.766682],[72.322793,50.766652]]}},{"type":"Feature","properties":{"kind":"parcel"},"geometry":{"type":"LineString","coordinates":[[72.322395,50.766682],[72.322405,50.766724],[72.32252,50.766815]]}},{"type":"Feature","properties":{"kind":"parcel"},"geometry":{"type":"LineString","coordinates":[[72.32209,50.765547],[72.322391,50.765534],[72.32279,50.765498]]}},{"type":"Feature","properties":{"kind":"parcel"},"geometry":{"type":"LineString","coordinates":[[72.321257,50.757333],[72.321286,50.757378],[72.321156,50.757406],[72.321162,50.757419],[72.321077,50.757435],[72.321046,50.757436],[72.320969,50.757302],[72.32106,50.757275],[72.321156,50.757406]]}},{"type":"Feature","properties":{"kind":"parcel"},"geometry":{"type":"LineString","coordinates":[[72.320969,50.757302],[72.320858,50.757157],[72.320651,50.756852],[72.320588,50.756747],[72.320217,50.756841],[72.32025,50.756885]]}},{"type":"Feature","properties":{"kind":"parcel"},"geometry":{"type":"LineString","coordinates":[[72.320427,50.756897],[72.320467,50.756961],[72.320422,50.75697],[72.320385,50.756911],[72.320427,50.756897]]}},{"type":"Feature","properties":{"kind":"parcel"},"geometry":{"type":"LineString","coordinates":[[72.322784,50.764542],[72.321873,50.764614],[72.321792,50.764321],[72.322244,50.764263],[72.322213,50.76417]]}},{"type":"Feature","properties":{"kind":"parcel"},"geometry":{"type":"LineString","coordinates":[[72.321818,50.764416],[72.321996,50.764391],[72.322003,50.764418],[72.322011,50.764417]]}},{"type":"Feature","properties":{"kind":"parcel"},"geometry":{"type":"LineString","coordinates":[[72.322211,50.764321],[72.322223,50.764364],[72.322782,50.764299]]}},{"type":"Feature","properties":{"kind":"parcel"},"geometry":{"type":"LineString","coordinates":[[72.323149,50.767499],[72.32313,50.767126],[72.323314,50.767116],[72.323355,50.766927],[72.323393,50.766814],[72.323501,50.7668],[72.323699,50.766792],[72.323729,50.766903],[72.323743,50.767053]]}},{"type":"Feature","properties":{"kind":"parcel"},"geometry":{"type":"LineString","coordinates":[[72.323639,50.767106],[72.323642,50.767158],[72.323742,50.767156],[72.323769,50.767222]]}},{"type":"Feature","properties":{"kind":"parcel"},"geometry":{"type":"LineString","coordinates":[[72.323134,50.767204],[72.323429,50.767195],[72.323469,50.76721],[72.323476,50.767246],[72.32344,50.767247]]}},{"type":"Feature","properties":{"kind":"parcel"},"geometry":{"type":"LineString","coordinates":[[72.323149,50.767499],[72.324329,50.767364],[72.324371,50.767617],[72.324219,50.767647],[72.324246,50.767841],[72.324507,50.767884],[72.324659,50.767895],[72.324631,50.767721],[72.324635,50.767628],[72.324686,50.767579],[72.324776,50.767543],[72.325071,50.767561],[72.32526,50.767551],[72.325474,50.767522],[72.325414,50.767216],[72.325321,50.766532],[72.324989,50.766561],[72.324981,50.766584],[72.324994,50.766636]]}},{"type":"Feature","properties":{"kind":"parcel"},"geometry":{"type":"LineString","coordinates":[[72.324976,50.766729],[72.324994,50.766799],[72.325349,50.766771]]}},{"type":"Feature","properties":{"kind":"parcel"},"geometry":{"type":"LineString","coordinates":[[72.324329,50.767364],[72.324325,50.767266],[72.324893,50.767235],[72.32541,50.767181]]}},{"type":"Feature","properties":{"kind":"parcel"},"geometry":{"type":"LineString","coordinates":[[72.32498,50.767409],[72.324777,50.767391],[72.324776,50.767543]]}},{"type":"Feature","properties":{"kind":"parcel"},"geometry":{"type":"LineString","coordinates":[[72.323799,50.7671],[72.324288,50.767059],[72.324301,50.767264],[72.324325,50.767266]]}},{"type":"Feature","properties":{"kind":"parcel"},"geometry":{"type":"LineString","coordinates":[[72.323624,50.766588],[72.323659,50.766587],[72.323675,50.766693],[72.323719,50.76669],[72.324036,50.766636],[72.324849,50.766516],[72.324828,50.766409],[72.325295,50.766389],[72.325253,50.766085],[72.323984,50.766186],[72.323661,50.766221],[72.323463,50.766225],[72.323154,50.766243],[72.323158,50.766558],[72.323211,50.766559]]}},{"type":"Feature","properties":{"kind":"parcel"},"geometry":{"type":"LineString","coordinates":[[72.323154,50.766243],[72.323153,50.766],[72.323533,50.765982],[72.323529,50.765949],[72.323791,50.765931],[72.323753,50.765703],[72.323243,50.76574],[72.323147,50.76574],[72.323153,50.766]]}},{"type":"Feature","properties":{"kind":"parcel"},"geometry":{"type":"LineString","coordinates":[[72.324701,50.766127],[72.324721,50.766201],[72.324796,50.766198]]}},{"type":"Feature","properties":{"kind":"parcel"},"geometry":{"type":"LineString","coordinates":[[72.323608,50.759586],[72.323796,50.759547],[72.323806,50.759565],[72.324057,50.75952],[72.324047,50.759498],[72.325602,50.759216],[72.325652,50.75921],[72.325672,50.759213],[72.325757,50.759189],[72.325421,50.758823],[72.325316,50.758712],[72.325302,50.758708],[72.325122,50.758769],[72.325273,50.759036],[72.325369,50.759017],[72.325386,50.759053]]}},{"type":"Feature","properties":{"kind":"parcel"},"geometry":{"type":"LineString","coordinates":[[72.325273,50.759036],[72.325377,50.759259]]}},{"type":"Feature","properties":{"kind":"parcel"},"geometry":{"type":"LineString","coordinates":[[72.325261,50.75928],[72.325152,50.759038],[72.32512,50.759047],[72.325096,50.758996],[72.325035,50.759007]]}},{"type":"Feature","properties":{"kind":"parcel"},"geometry":{"type":"LineString","coordinates":[[72.324847,50.759353],[72.324717,50.759121],[72.324728,50.759117]]}},{"type":"Feature","properties":{"kind":"parcel"},"geometry":{"type":"LineString","coordinates":[[72.325605,50.76738],[72.325956,50.767357],[72.325981,50.767511],[72.325808,50.76753]]}},{"type":"Feature","properties":{"kind":"parcel"},"geometry":{"type":"LineString","coordinates":[[72.325981,50.767511],[72.326171,50.767489],[72.326175,50.767548],[72.327168,50.76748],[72.327155,50.767336],[72.327143,50.766998],[72.326655,50.767011],[72.32666,50.767056],[72.326633,50.767057],[72.326682,50.767274],[72.326695,50.767442],[72.32671,50.767514]]}},{"type":"Feature","properties":{"kind":"parcel"},"geometry":{"type":"LineString","coordinates":[[72.327143,50.766998],[72.327146,50.766943],[72.327187,50.766941],[72.327178,50.766744],[72.327186,50.766745],[72.327181,50.766423],[72.327043,50.766429],[72.327047,50.766472]]}},{"type":"Feature","properties":{"kind":"parcel"},"geometry":{"type":"LineString","coordinates":[[72.327185,50.766693],[72.32659,50.766699],[72.326628,50.766836]]}},{"type":"Feature","properties":{"kind":"parcel"},"geometry":{"type":"LineString","coordinates":[[72.325605,50.76738],[72.325478,50.766521],[72.325888,50.766483],[72.326117,50.766475],[72.326082,50.766364],[72.325462,50.766406],[72.325414,50.766109],[72.325306,50.765297],[72.325293,50.765256],[72.325316,50.76523],[72.325791,50.765199],[72.326526,50.765136],[72.327095,50.765093],[72.327154,50.765865],[72.327171,50.766255],[72.327144,50.766261],[72.327041,50.766261],[72.327039,50.766208]]}},{"type":"Feature","properties":{"kind":"parcel"},"geometry":{"type":"LineString","coordinates":[[72.325893,50.76519],[72.325932,50.765516],[72.325944,50.76554],[72.325936,50.765583],[72.325943,50.765622],[72.325786,50.765637],[72.32578,50.765621],[72.325357,50.765667]]}},{"type":"Feature","properties":{"kind":"parcel"},"geometry":{"type":"LineString","coordinates":[[72.325943,50.765622],[72.32596,50.765694],[72.325964,50.765821],[72.325937,50.765823],[72.325963,50.765989],[72.325914,50.76599],[72.325921,50.766021],[72.325406,50.766045]]}},{"type":"Feature","properties":{"kind":"parcel"},"geometry":{"type":"LineString","coordinates":[[72.326363,50.765149],[72.326401,50.765381],[72.327111,50.765331]]}},{"type":"Feature","properties":{"kind":"parcel"},"geometry":{"type":"LineString","coordinates":[[72.327135,50.765617],[72.326679,50.765634],[72.326661,50.765534],[72.326592,50.765539],[72.326571,50.765467],[72.326414,50.765482],[72.326393,50.765382],[72.326401,50.765381]]}},{"type":"Feature","properties":{"kind":"parcel"},"geometry":{"type":"LineString","coordinates":[[72.325963,50.765989],[72.32625,50.765967],[72.326249,50.765962],[72.326394,50.765944],[72.326506,50.765921],[72.326507,50.765931],[72.326569,50.765928],[72.326565,50.765906]]}},{"type":"Feature","properties":{"kind":"parcel"},"geometry":{"type":"LineString","coordinates":[[72.326082,50.766364],[72.326308,50.76635],[72.32625,50.765967]]}},{"type":"Feature","properties":{"kind":"parcel"},"geometry":{"type":"LineString","coordinates":[[72.326171,50.767489],[72.326083,50.767006],[72.326102,50.767004],[72.326098,50.76694],[72.326089,50.766897],[72.326056,50.7669],[72.326049,50.766846],[72.325937,50.766853],[72.325527,50.766863]]}},{"type":"Feature","properties":{"kind":"parcel"},"geometry":{"type":"LineString","coordinates":[[72.326049,50.766846],[72.326252,50.766835],[72.32637,50.767535]]}},{"type":"Feature","properties":{"kind":"parcel"},"geometry":{"type":"LineString","coordinates":[[72.322829,50.760686],[72.322916,50.760857],[72.322924,50.76085],[72.322908,50.76088],[72.322927,50.760879],[72.322893,50.76089],[72.322277,50.761013],[72.322284,50.761016],[72.322268,50.761013],[72.322285,50.761016],[72.322248,50.761009],[72.322259,50.761027],[72.32222,50.760996],[72.322134,50.760826],[72.322124,50.760837],[72.322141,50.760811],[72.322113,50.760822],[72.322163,50.760792],[72.32276,50.760668],[72.322756,50.760643],[72.322768,50.760628]]}},{"type":"Feature","properties":{"kind":"parcel"},"geometry":{"type":"LineString","coordinates":[[72.324057,50.760323],[72.324024,50.760258],[72.323859,50.760294],[72.324047,50.760625],[72.324245,50.760579],[72.32421,50.760516]]}},{"type":"Feature","properties":{"kind":"parcel"},"geometry":{"type":"LineString","coordinates":[[72.324167,50.760409],[72.324304,50.760378],[72.324257,50.760289],[72.324264,50.760287]]}},{"type":"Feature","properties":{"kind":"parcel"},"geometry":{"type":"LineString","coordinates":[[72.323833,50.760247],[72.324386,50.760125],[72.324508,50.760339],[72.324499,50.760341]]}},{"type":"Feature","properties":{"kind":"parcel"},"geometry":{"type":"LineString","coordinates":[[72.323518,50.760443],[72.323486,50.760386],[72.323665,50.760343],[72.323838,50.760648],[72.323795,50.760657]]}},{"type":"Feature","properties":{"kind":"parcel"},"geometry":{"type":"LineString","coordinates":[[72.323638,50.760299],[72.32327,50.760389],[72.323337,50.760512],[72.323089,50.760564],[72.323126,50.760655],[72.322945,50.7607],[72.323034,50.760868],[72.32368,50.76073]]}},{"type":"Feature","properties":{"kind":"parcel"},"geometry":{"type":"LineString","coordinates":[[72.323759,50.760865],[72.323722,50.760801],[72.323903,50.760759],[72.324085,50.761093],[72.323913,50.761134],[72.323871,50.761062]]}},{"type":"Feature","properties":{"kind":"parcel"},"geometry":{"type":"LineString","coordinates":[[72.323379,50.76132],[72.323516,50.761679],[72.32432,50.761506],[72.324121,50.761151],[72.323379,50.76132]]}},{"type":"Feature","properties":{"kind":"parcel"},"geometry":{"type":"LineString","coordinates":[[72.323413,50.761409],[72.323602,50.761361],[72.323665,50.761472],[72.323452,50.761514]]}},{"type":"Feature","properties":{"kind":"parcel"},"geometry":{"type":"LineString","coordinates":[[72.32275,50.761096],[72.322704,50.761008],[72.322273,50.761103],[72.322431,50.761413],[72.322551,50.761457],[72.322578,50.761497],[72.322644,50.761509],[72.32282,50.761483],[72.323122,50.761398],[72.323167,50.76127],[72.323254,50.761254],[72.323072,50.760931],[72.3228,50.760987]]}},{"type":"Feature","properties":{"kind":"parcel"},"geometry":{"type":"LineString","coordinates":[[72.322539,50.761626],[72.322574,50.761698],[72.322659,50.761676],[72.322624,50.761609],[72.322539,50.761626]]}},{"type":"Feature","properties":{"kind":"parcel"},"geometry":{"type":"LineString","coordinates":[[72.322601,50.761751],[72.322627,50.761805],[72.322704,50.761787],[72.322679,50.761735],[72.322601,50.761751]]}},{"type":"Feature","properties":{"kind":"parcel"},"geometry":{"type":"LineString","coordinates":[[72.322731,50.761825],[72.322645,50.761842],[72.32271,50.761969],[72.322792,50.761951],[72.322731,50.761825]]}},{"type":"Feature","properties":{"kind":"parcel"},"geometry":{"type":"LineString","coordinates":[[72.324598,50.761978],[72.323561,50.762143],[72.323549,50.76218],[72.323653,50.762475],[72.323722,50.762739],[72.323766,50.762857],[72.324012,50.762837],[72.324048,50.762963],[72.323956,50.762975],[72.323918,50.762845]]}},{"type":"Feature","properties":{"kind":"parcel"},"geometry":{"type":"LineString","coordinates":[[72.324125,50.763477],[72.324076,50.763238],[72.324975,50.763187],[72.325047,50.76319],[72.325082,50.763407]]}},{"type":"Feature","properties":{"kind":"parcel"},"geometry":{"type":"LineString","coordinates":[[72.325176,50.7628],[72.325171,50.762766],[72.325034,50.762778],[72.325075,50.762957],[72.32512,50.763092],[72.325457,50.763062],[72.325436,50.762952],[72.325314,50.762496],[72.325046,50.762525],[72.325014,50.762432],[72.325097,50.762419]]}},{"type":"Feature","properties":{"kind":"parcel"},"geometry":{"type":"LineString","coordinates":[[72.325014,50.762432],[72.324966,50.762439],[72.324886,50.762195],[72.325023,50.762178],[72.325016,50.762156],[72.325427,50.762114],[72.325448,50.762161]]}},{"type":"Feature","properties":{"kind":"parcel"},"geometry":{"type":"LineString","coordinates":[[72.325316,50.762502],[72.325445,50.762481],[72.325653,50.762466],[72.325656,50.762613]]}},{"type":"Feature","properties":{"kind":"parcel"},"geometry":{"type":"LineString","coordinates":[[72.325653,50.762466],[72.325738,50.76246],[72.325747,50.76247],[72.325784,50.762484],[72.325824,50.762566],[72.325872,50.762563],[72.325895,50.762568],[72.325928,50.762692],[72.32581,50.762701],[72.325799,50.762675]]}},{"type":"Feature","properties":{"kind":"parcel"},"geometry":{"type":"LineString","coordinates":[[72.325738,50.76246],[72.325693,50.762414],[72.325629,50.762237],[72.325536,50.762248]]}},{"type":"Feature","properties":{"kind":"parcel"},"geometry":{"type":"LineString","coordinates":[[72.326007,50.762597],[72.325991,50.762535],[72.326407,50.762504],[72.326419,50.76257],[72.326399,50.762573]]}},{"type":"Feature","properties":{"kind":"parcel"},"geometry":{"type":"LineString","coordinates":[[72.326406,50.762616],[72.326433,50.76262],[72.326459,50.76265],[72.326495,50.762866],[72.326509,50.763046],[72.326067,50.763074],[72.32606,50.763035],[72.325547,50.763073],[72.325479,50.762698]]}},{"type":"Feature","properties":{"kind":"parcel"},"geometry":{"type":"LineString","coordinates":[[72.325486,50.762747],[72.325684,50.762731],[72.325675,50.762684]]}},{"type":"Feature","properties":{"kind":"parcel"},"geometry":{"type":"LineString","coordinates":[[72.325973,50.763042],[72.325946,50.762899],[72.325928,50.762853],[72.325832,50.762864]]}},{"type":"Feature","properties":{"kind":"parcel"},"geometry":{"type":"LineString","coordinates":[[72.325928,50.762853],[72.326029,50.762836],[72.326011,50.762762],[72.325928,50.762692]]}},{"type":"Feature","properties":{"kind":"parcel"},"geometry":{"type":"LineString","coordinates":[[72.326507,50.763029],[72.326985,50.762999],[72.326976,50.762877],[72.326936,50.762673],[72.326778,50.762699]]}},{"type":"Feature","properties":{"kind":"parcel"},"geometry":{"type":"LineString","coordinates":[[72.326936,50.762673],[72.326919,50.762527],[72.32663,50.762546],[72.326622,50.762533],[72.326563,50.76254],[72.326572,50.762601],[72.3265,50.76261],[72.326516,50.762674],[72.326621,50.762663],[72.326623,50.762647]]}},{"type":"Feature","properties":{"kind":"parcel"},"geometry":{"type":"LineString","coordinates":[[72.326516,50.762674],[72.326546,50.762823],[72.326489,50.762827]]}},{"type":"Feature","properties":{"kind":"parcel"},"geometry":{"type":"LineString","coordinates":[[72.326138,50.76265],[72.32615,50.762741],[72.326087,50.762748],[72.326126,50.762938],[72.326188,50.762931]]}},{"type":"Feature","properties":{"kind":"parcel"},"geometry":{"type":"LineString","coordinates":[[72.326008,50.762466],[72.325923,50.762171],[72.325757,50.762178],[72.325718,50.76205],[72.325771,50.762044],[72.325669,50.76179],[72.32633,50.761664],[72.326392,50.761813]]}},{"type":"Feature","properties":{"kind":"parcel"},"geometry":{"type":"LineString","coordinates":[[72.325771,50.762044],[72.326247,50.761991]]}},{"type":"Feature","properties":{"kind":"parcel"},"geometry":{"type":"LineString","coordinates":[[72.326168,50.761997],[72.326197,50.762091],[72.32634,50.762085],[72.326317,50.761983]]}},{"type":"Feature","properties":{"kind":"parcel"},"geometry":{"type":"LineString","coordinates":[[72.326421,50.762076],[72.326457,50.762078],[72.326643,50.762065]]}},{"type":"Feature","properties":{"kind":"parcel"},"geometry":{"type":"LineString","coordinates":[[72.325669,50.76179],[72.325525,50.761371],[72.325798,50.761319],[72.325873,50.76146],[72.325955,50.761442],[72.325957,50.761447]]}},{"type":"Feature","properties":{"kind":"parcel"},"geometry":{"type":"LineString","coordinates":[[72.325556,50.761473],[72.325134,50.76157]]}},{"type":"Feature","properties":{"kind":"parcel"},"geometry":{"type":"LineString","coordinates":[[72.325642,50.761713],[72.3254,50.761755],[72.325345,50.761758],[72.325035,50.761825],[72.324999,50.761787],[72.324755,50.761837],[72.324586,50.761569],[72.324787,50.761526],[72.32481,50.761565]]}},{"type":"Feature","properties":{"kind":"parcel"},"geometry":{"type":"LineString","coordinates":[[72.324999,50.761787],[72.324956,50.761719],[72.324927,50.761726]]}},{"type":"Feature","properties":{"kind":"parcel"},"geometry":{"type":"LineString","coordinates":[[72.325217,50.761747],[72.325227,50.761659],[72.325197,50.761682]]}},{"type":"Feature","properties":{"kind":"parcel"},"geometry":{"type":"LineString","coordinates":[[72.326008,50.762466],[72.326257,50.762441],[72.326218,50.762245],[72.325947,50.762265]]}},{"type":"Feature","properties":{"kind":"parcel"},"geometry":{"type":"LineString","coordinates":[[72.32614,50.762163],[72.326128,50.762117],[72.326269,50.762109],[72.326288,50.762154]]}},{"type":"Feature","properties":{"kind":"parcel"},"geometry":{"type":"LineString","coordinates":[[72.326257,50.762441],[72.326412,50.762428],[72.326392,50.762323]]}},{"type":"Feature","properties":{"kind":"parcel"},"geometry":{"type":"LineString","coordinates":[[72.326412,50.762428],[72.326898,50.762402],[72.326858,50.762202],[72.326845,50.762193],[72.326696,50.762205]]}},{"type":"Feature","properties":{"kind":"parcel"},"geometry":{"type":"LineString","coordinates":[[72.326845,50.762193],[72.326799,50.761979],[72.32662,50.761999],[72.326616,50.761984],[72.326405,50.762009]]}},{"type":"Feature","properties":{"kind":"parcel"},"geometry":{"type":"LineString","coordinates":[[72.326184,50.760601],[72.326179,50.760587],[72.326297,50.760575],[72.326361,50.760798],[72.325816,50.76085],[72.325791,50.760857],[72.325799,50.760881],[72.326012,50.760867],[72.326046,50.760858],[72.32637,50.760826],[72.326361,50.760798]]}},{"type":"Feature","properties":{"kind":"parcel"},"geometry":{"type":"LineString","coordinates":[[72.32637,50.760826],[72.326515,50.761308],[72.326449,50.761338],[72.326359,50.761361],[72.326374,50.761385]]}},{"type":"Feature","properties":{"kind":"parcel"},"geometry":{"type":"LineString","coordinates":[[72.32633,50.761664],[72.3265,50.761628],[72.326677,50.761603],[72.326644,50.761517],[72.32661,50.761513],[72.32658,50.761549]]}},{"type":"Feature","properties":{"kind":"parcel"},"geometry":{"type":"LineString","coordinates":[[72.326677,50.761603],[72.326773,50.76187],[72.32658,50.76189]]}},{"type":"Feature","properties":{"kind":"parcel"},"geometry":{"type":"LineString","coordinates":[[72.326297,50.760575],[72.326217,50.760312],[72.326011,50.760328]]}},{"type":"Feature","properties":{"kind":"parcel"},"geometry":{"type":"LineString","coordinates":[[72.325711,50.760471],[72.325729,50.760546],[72.326273,50.760495]]}},{"type":"Feature","properties":{"kind":"parcel"},"geometry":{"type":"LineString","coordinates":[[72.325729,50.760546],[72.32505,50.760601],[72.324931,50.760255],[72.32511,50.760236],[72.325246,50.760585]]}},{"type":"Feature","properties":{"kind":"parcel"},"geometry":{"type":"LineString","coordinates":[[72.325734,50.760747],[72.325705,50.76075],[72.325747,50.760865],[72.325799,50.760881]]}},{"type":"Feature","properties":{"kind":"parcel"},"geometry":{"type":"LineString","coordinates":[[72.327276,50.762094],[72.327341,50.762091],[72.327336,50.762052],[72.32727,50.762056]]}},{"type":"Feature","properties":{"kind":"parcel"},"geometry":{"type":"LineString","coordinates":[[72.327891,50.766196],[72.327595,50.766204],[72.327538,50.764235]]}},{"type":"Feature","properties":{"kind":"parcel"},"geometry":{"type":"LineString","coordinates":[[72.327797,50.764182],[72.327525,50.764189],[72.327501,50.763248],[72.328082,50.763218],[72.328143,50.76329],[72.328212,50.763329],[72.328351,50.763329],[72.329057,50.763279],[72.329035,50.763067],[72.328053,50.76312],[72.328082,50.763218]]}},{"type":"Feature","properties":{"kind":"parcel"},"geometry":{"type":"LineString","coordinates":[[72.32892,50.763073],[72.328882,50.762818],[72.32908,50.762807],[72.329056,50.762552],[72.32818,50.762595],[72.328164,50.76238],[72.327905,50.762314],[72.3274,50.762315],[72.327413,50.762566],[72.327462,50.762566],[72.327501,50.763248]]}},{"type":"Feature","properties":{"kind":"parcel"},"geometry":{"type":"LineString","coordinates":[[72.327485,50.762947],[72.327661,50.76294],[72.328882,50.762818]]}},{"type":"Feature","properties":{"kind":"parcel"},"geometry":{"type":"LineString","coordinates":[[72.328086,50.763378],[72.328988,50.763325],[72.329025,50.763588],[72.328933,50.763607],[72.328932,50.763659],[72.328903,50.763697],[72.328467,50.763755],[72.32808,50.763777]]}},{"type":"Feature","properties":{"kind":"parcel"},"geometry":{"type":"LineString","coordinates":[[72.327511,50.763596],[72.328144,50.763557],[72.328145,50.76358]]}},{"type":"Feature","properties":{"kind":"parcel"},"geometry":{"type":"LineString","coordinates":[[72.328903,50.763697],[72.328927,50.763736],[72.328929,50.763782],[72.328918,50.764037],[72.328055,50.764103]]}},{"type":"Feature","properties":{"kind":"parcel"},"geometry":{"type":"LineString","coordinates":[[72.328918,50.764037],[72.328942,50.764395],[72.328289,50.764437],[72.328278,50.76431]]}},{"type":"Feature","properties":{"kind":"parcel"},"geometry":{"type":"LineString","coordinates":[[72.328942,50.764395],[72.32898,50.764761],[72.329055,50.764761],[72.329063,50.764853],[72.329045,50.764912],[72.329101,50.765002],[72.328999,50.765006],[72.328999,50.764919],[72.328417,50.764918]]}},{"type":"Feature","properties":{"kind":"parcel"},"geometry":{"type":"LineString","coordinates":[[72.328999,50.765006],[72.32902,50.765282],[72.329565,50.765295],[72.329415,50.76556],[72.329341,50.765616],[72.328764,50.765575],[72.328767,50.765889],[72.328847,50.765891],[72.328817,50.766119],[72.328753,50.766173]]}},{"type":"Feature","properties":{"kind":"parcel"},"geometry":{"type":"LineString","coordinates":[[72.327001,50.763148],[72.326046,50.763234],[72.32527,50.76328],[72.325291,50.763384]]}},{"type":"Feature","properties":{"kind":"parcel"},"geometry":{"type":"LineString","coordinates":[[72.327038,50.763477],[72.327046,50.763562],[72.326899,50.763565],[72.326897,50.763506]]}},{"type":"Feature","properties":{"kind":"parcel"},"geometry":{"type":"LineString","coordinates":[[72.326518,50.763539],[72.326538,50.763636],[72.326763,50.76363],[72.326768,50.763702]]}},{"type":"Feature","properties":{"kind":"parcel"},"geometry":{"type":"LineString","coordinates":[[72.326763,50.76363],[72.327036,50.763622],[72.327086,50.76494],[72.325824,50.765051],[72.325755,50.764573],[72.32603,50.76456],[72.325974,50.764174],[72.326436,50.764151]]}},{"type":"Feature","properties":{"kind":"parcel"},"geometry":{"type":"LineString","coordinates":[[72.325755,50.764573],[72.325615,50.763901],[72.326468,50.763889]]}},{"type":"Feature","properties":{"kind":"parcel"},"geometry":{"type":"LineString","coordinates":[[72.325615,50.763901],[72.325541,50.763376],[72.325291,50.763384]]}},{"type":"Feature","properties":{"kind":"parcel"},"geometry":{"type":"LineString","coordinates":[[72.326301,50.763729],[72.325972,50.763741],[72.32589,50.763757],[72.325898,50.763894]]}},{"type":"Feature","properties":{"kind":"parcel"},"geometry":{"type":"LineString","coordinates":[[72.325824,50.765051],[72.32314,50.765303],[72.323188,50.764357],[72.323609,50.764363],[72.323608,50.764433]]}},{"type":"Feature","properties":{"kind":"parcel"},"geometry":{"type":"LineString","coordinates":[[72.323609,50.764398],[72.323901,50.764409],[72.324376,50.764399],[72.324398,50.764534],[72.324332,50.764539],[72.324388,50.764631],[72.323908,50.764655],[72.323906,50.764632],[72.323764,50.764632]]}},{"type":"Feature","properties":{"kind":"parcel"},"geometry":{"type":"LineString","coordinates":[[72.32378,50.764504],[72.323822,50.764505],[72.323825,50.764531],[72.32391,50.764545],[72.324332,50.764539]]}},{"type":"Feature","properties":{"kind":"parcel"},"geometry":{"type":"LineString","coordinates":[[72.324388,50.764631],[72.32446,50.764677],[72.324481,50.764963],[72.324556,50.765166]]}},{"type":"Feature","properties":{"kind":"parcel"},"geometry":{"type":"LineString","coordinates":[[72.324481,50.764963],[72.323871,50.765019],[72.323876,50.765061],[72.323959,50.765056],[72.323998,50.765219]]}},{"type":"Feature","properties":{"kind":"parcel"},"geometry":{"type":"LineString","coordinates":[[72.323876,50.765061],[72.323848,50.765062],[72.32388,50.765232]]}},{"type":"Feature","properties":{"kind":"parcel"},"geometry":{"type":"LineString","coordinates":[[72.323871,50.765019],[72.323546,50.765036],[72.323551,50.765091]]}},{"type":"Feature","properties":{"kind":"parcel"},"geometry":{"type":"LineString","coordinates":[[72.323546,50.765036],[72.32325,50.765036],[72.32325,50.764999],[72.323158,50.765]]}},{"type":"Feature","properties":{"kind":"parcel"},"geometry":{"type":"LineString","coordinates":[[72.324854,50.765045],[72.324713,50.764166],[72.325601,50.764109],[72.325742,50.764988]]}},{"type":"Feature","properties":{"kind":"parcel"},"geometry":{"type":"LineString","coordinates":[[72.324144,50.763078],[72.324158,50.763165],[72.324875,50.763124],[72.324819,50.762858],[72.324597,50.762873],[72.324604,50.762916]]}},{"type":"Feature","properties":{"kind":"parcel"},"geometry":{"type":"LineString","coordinates":[[72.324819,50.762858],[72.324732,50.762375]]}},{"type":"Feature","properties":{"kind":"parcel"},"geometry":{"type":"LineString","coordinates":[[72.318675,50.755402],[72.320133,50.75483],[72.320648,50.75551]]}},{"type":"Feature","properties":{"kind":"parcel"},"geometry":{"type":"LineString","coordinates":[[72.320246,50.754788],[72.320495,50.754694],[72.320635,50.754843],[72.320832,50.754766],[72.320915,50.754862],[72.321207,50.754761],[72.321583,50.755257]]}},{"type":"Feature","properties":{"kind":"parcel"},"geometry":{"type":"LineString","coordinates":[[72.322274,50.755273],[72.321669,50.754674],[72.321207,50.754761]]}},{"type":"Feature","properties":{"kind":"parcel"},"geometry":{"type":"LineString","coordinates":[[72.318574,50.756209],[72.318751,50.756156],[72.318475,50.755883],[72.318285,50.755932],[72.318574,50.756209]]}},{"type":"Feature","properties":{"kind":"parcel"},"geometry":{"type":"LineString","coordinates":[[72.318597,50.756539],[72.318421,50.756586],[72.318456,50.756638],[72.318632,50.756591]]}},{"type":"Feature","properties":{"kind":"parcel"},"geometry":{"type":"LineString","coordinates":[[72.325503,50.759472],[72.324267,50.759742],[72.324574,50.760262],[72.324904,50.760209],[72.324817,50.75998]]}},{"type":"Feature","properties":{"kind":"parcel"},"geometry":{"type":"LineString","coordinates":[[72.324887,50.759962],[72.32506,50.759925],[72.325042,50.759893]]}},{"type":"Feature","properties":{"kind":"parcel"},"geometry":{"type":"LineString","coordinates":[[72.325396,50.759903],[72.325658,50.759851],[72.3256,50.759769]]}},{"type":"Feature","properties":{"kind":"parcel"},"geometry":{"type":"LineString","coordinates":[[72.325388,50.759929],[72.325167,50.759961],[72.32523,50.760227]]}},{"type":"Feature","properties":{"kind":"parcel"},"geometry":{"type":"LineString","coordinates":[[72.325503,50.759472],[72.325583,50.759636],[72.325493,50.759657]]}},{"type":"Feature","properties":{"kind":"parcel"},"geometry":{"type":"LineString","coordinates":[[72.325658,50.759851],[72.326057,50.759793],[72.326217,50.760312]]}},{"type":"Feature","properties":{"kind":"parcel"},"geometry":{"type":"LineString","coordinates":[[72.326193,50.760252],[72.325825,50.760279],[72.325817,50.76023]]}},{"type":"Feature","properties":{"kind":"parcel"},"geometry":{"type":"LineString","coordinates":[[72.318675,50.755402],[72.320133,50.75483],[72.320495,50.754694],[72.320635,50.754843],[72.320832,50.754766],[72.320915,50.754862],[72.321207,50.754761],[72.321583,50.755257],[72.321786,50.755209],[72.321886,50.755337],[72.321942,50.755321],[72.322114,50.755544],[72.322081,50.755554],[72.322124,50.755612],[72.31959,50.756286],[72.319497,50.756316],[72.319457,50.756319],[72.319355,50.756347],[72.319115,50.756036],[72.319068,50.755957],[72.318979,50.755838]]}},{"type":"Feature","properties":{"kind":"parcel"},"geometry":{"type":"LineString","coordinates":[[72.322294,50.755614],[72.321169,50.755945],[72.321306,50.756151],[72.321299,50.756207],[72.321716,50.756842],[72.321948,50.75722],[72.32199,50.757258],[72.322573,50.758107],[72.322641,50.758148],[72.322794,50.758418],[72.322848,50.758479],[72.322917,50.758587],[72.323032,50.758741],[72.323608,50.759586],[72.323796,50.759547],[72.323806,50.759565],[72.324057,50.75952],[72.324047,50.759498],[72.325602,50.759216],[72.325652,50.75921],[72.325672,50.759213],[72.325757,50.759189],[72.325421,50.758823],[72.32429,50.757635],[72.324048,50.757424],[72.32393,50.757408],[72.32371,50.757178],[72.323351,50.756784],[72.323237,50.756673],[72.322789,50.756203],[72.322579,50.755945],[72.322451,50.755804]]}},{"type":"Feature","properties":{"kind":"parcel"},"geometry":{"type":"LineString","coordinates":[[72.321039,50.756018],[72.321361,50.756513],[72.321392,50.756609],[72.321488,50.756759],[72.321504,50.756755],[72.321629,50.756944],[72.321666,50.756982],[72.321723,50.757085],[72.322044,50.757569],[72.32227,50.757882],[72.32238,50.758018],[72.322457,50.758157],[72.322496,50.758205],[72.322772,50.758616],[72.322757,50.758621],[72.322835,50.758737],[72.322878,50.75877],[72.323132,50.759182],[72.32344,50.759632],[72.322552,50.759763],[72.322073,50.759846],[72.322,50.75985],[72.322021,50.759896],[72.321868,50.75992],[72.32189,50.759988],[72.321671,50.760036],[72.321645,50.759984],[72.321447,50.759671],[72.32143,50.759628],[72.321223,50.759309],[72.321182,50.75926],[72.320963,50.758899],[72.320716,50.758523],[72.320424,50.758052],[72.320378,50.758],[72.320199,50.757724],[72.32018,50.757665],[72.320013,50.757399],[72.319955,50.757339],[72.31977,50.757034],[72.319424,50.756494],[72.319815,50.756351],[72.320327,50.756205]]}},{"type":"Feature","properties":{"kind":"parcel"},"geometry":{"type":"LineString","coordinates":[[72.325636,50.759534],[72.325542,50.759553],[72.325503,50.759472],[72.324267,50.759742],[72.32448,50.760103],[72.323833,50.760247],[72.324586,50.761569],[72.324755,50.761837],[72.324966,50.762439],[72.325014,50.762432],[72.325046,50.762525],[72.325099,50.762773],[72.325034,50.762778],[72.325034,50.762802],[72.32512,50.763092],[72.325457,50.763062],[72.325545,50.763057],[72.325547,50.763073],[72.32606,50.763035],[72.326067,50.763074],[72.326509,50.763046],[72.326507,50.763029],[72.326985,50.762999],[72.326976,50.762877],[72.326936,50.762673],[72.326898,50.762402],[72.326858,50.762202],[72.326845,50.762193],[72.326773,50.76187],[72.326644,50.761517],[72.326515,50.761308],[72.326057,50.759793],[72.325857,50.759822],[72.32572,50.759686]]}},{"type":"Feature","properties":{"kind":"parcel"},"geometry":{"type":"LineString","coordinates":[[72.321851,50.760283],[72.322116,50.760773],[72.322134,50.760828],[72.32222,50.760996],[72.322248,50.761009],[72.322277,50.761013],[72.32303,50.760861],[72.323034,50.760868],[72.323084,50.760858],[72.323379,50.76132],[72.32369,50.762123],[72.324598,50.761978],[72.32432,50.761506],[72.323638,50.760299],[72.32327,50.760389],[72.322861,50.760476],[72.322627,50.760093],[72.322078,50.760229],[72.322084,50.760239],[72.322015,50.760256],[72.321993,50.760248]]}},{"type":"Feature","properties":{"kind":"parcel"},"geometry":{"type":"LineString","coordinates":[[72.325808,50.76753],[72.325623,50.767517],[72.32556,50.767114],[72.325513,50.76674],[72.325414,50.766109],[72.325306,50.765297],[72.325293,50.765256],[72.325316,50.76523],[72.325791,50.765199],[72.326526,50.765136],[72.327095,50.765093],[72.327147,50.765768],[72.327181,50.766423],[72.327186,50.766745],[72.327178,50.766744],[72.327187,50.766941],[72.327146,50.766943],[72.327143,50.766998],[72.327155,50.767336],[72.327168,50.76748],[72.326175,50.767548],[72.326171,50.767489]]}},{"type":"Feature","properties":{"kind":"parcel"},"geometry":{"type":"LineString","coordinates":[[72.327086,50.76494],[72.325824,50.765051],[72.325755,50.764573],[72.325615,50.763901],[72.325541,50.763376],[72.325291,50.763384],[72.32527,50.76328],[72.326046,50.763234],[72.327001,50.763148],[72.327046,50.763562],[72.327036,50.763622]]}},{"type":"Feature","properties":{"kind":"parcel"},"geometry":{"type":"LineString","coordinates":[[72.324557,50.76517],[72.324481,50.764963],[72.32446,50.764677],[72.324388,50.764631],[72.324332,50.764539],[72.324398,50.764534],[72.324376,50.764399],[72.323901,50.764409],[72.323609,50.764398],[72.323609,50.764363],[72.323188,50.764357],[72.32314,50.765303]]}},{"type":"Feature","properties":{"kind":"parcel"},"geometry":{"type":"LineString","coordinates":[[72.325474,50.767522],[72.32526,50.767551],[72.325071,50.767561],[72.324776,50.767543],[72.324686,50.767579],[72.324635,50.767628],[72.324631,50.767721],[72.324659,50.767895],[72.324507,50.767884],[72.324246,50.767841],[72.324219,50.767647],[72.324371,50.767617],[72.324329,50.767364],[72.323149,50.767499],[72.323069,50.767503],[72.323069,50.765432],[72.325137,50.76525],[72.325463,50.767451]]}},{"type":"Feature","properties":{"kind":"parcel"},"geometry":{"type":"LineString","coordinates":[[72.327637,50.767459],[72.327957,50.767441],[72.328106,50.76742],[72.328336,50.767357],[72.328333,50.767341],[72.328595,50.767298],[72.328593,50.76708],[72.328284,50.767105],[72.328281,50.767089],[72.328162,50.767071],[72.328199,50.767015],[72.328269,50.767032],[72.328749,50.767],[72.328801,50.766979],[72.32883,50.766771],[72.328875,50.766575],[72.328783,50.76652],[72.327593,50.766427]]}},{"type":"Feature","properties":{"kind":"parcel"},"geometry":{"type":"LineString","coordinates":[[72.327581,50.766154],[72.328075,50.766193],[72.328753,50.766173],[72.328817,50.766119],[72.328847,50.765891],[72.328767,50.765889],[72.328764,50.765575],[72.329341,50.765616],[72.329415,50.76556],[72.329565,50.765295],[72.32902,50.765282],[72.328999,50.765006],[72.329101,50.765002],[72.329045,50.764912],[72.329063,50.764853],[72.329055,50.764761],[72.32898,50.764761],[72.328942,50.764395],[72.328918,50.764037],[72.32893,50.763843],[72.328927,50.763736],[72.328903,50.763697],[72.328932,50.763659],[72.328933,50.763607],[72.329025,50.763588],[72.328982,50.763284],[72.329057,50.763279],[72.329035,50.763067],[72.32892,50.763073],[72.328882,50.762818],[72.32908,50.762807],[72.329056,50.762552],[72.32818,50.762595],[72.328164,50.76238],[72.327905,50.762314],[72.327334,50.762317],[72.327382,50.762551],[72.32748,50.763571]]}},{"type":"Feature","properties":{"kind":"parcel"},"geometry":{"type":"LineString","coordinates":[[72.322785,50.767335],[72.322785,50.7642],[72.321792,50.764321],[72.321873,50.764614],[72.321922,50.765551],[72.321478,50.765561],[72.321508,50.765763],[72.321173,50.76579],[72.321199,50.765957],[72.32122,50.766029],[72.321119,50.766037],[72.321156,50.76625],[72.321158,50.766326],[72.321186,50.76641],[72.322013,50.766336],[72.322188,50.766328],[72.322254,50.766578],[72.322202,50.766581],[72.32223,50.766687],[72.322282,50.767369],[72.322536,50.76735]]}},{"type":"Feature","properties":{"kind":"parcel"},"geometry":{"type":"LineString","coordinates":[[72.322428,50.762747],[72.322142,50.762115],[72.322122,50.762067],[72.322143,50.762064],[72.322045,50.76184],[72.321976,50.761726],[72.321768,50.761289],[72.321646,50.761079],[72.321362,50.760653],[72.321131,50.760284],[72.320911,50.760322],[72.32079,50.760358],[72.320076,50.760534],[72.319724,50.760629],[72.31986,50.76085],[72.319835,50.760857],[72.319992,50.761106],[72.320027,50.761098],[72.320073,50.761176],[72.320058,50.761196],[72.32072,50.762156],[72.320768,50.76219],[72.320825,50.762301],[72.320918,50.762439],[72.320936,50.762492],[72.321017,50.762607],[72.32108,50.762632],[72.321105,50.762684],[72.32106,50.762695],[72.32128,50.76301],[72.322117,50.762818]]}},{"type":"Feature","properties":{"kind":"parcel"},"geometry":{"type":"LineString","coordinates":[[72.319643,50.760509],[72.319816,50.76047],[72.319901,50.760456],[72.320083,50.760412],[72.320284,50.760351],[72.320304,50.760366],[72.320645,50.760279],[72.321049,50.760161],[72.320898,50.759908],[72.320761,50.75971],[72.320771,50.759706],[72.320617,50.759485],[72.320526,50.759324],[72.320263,50.758918],[72.318993,50.759324],[72.318997,50.759329],[72.318816,50.759388],[72.318166,50.759588],[72.318198,50.759624],[72.31799,50.759715],[72.317921,50.759752],[72.317898,50.759777],[72.318182,50.760079],[72.318256,50.76008],[72.318436,50.759997],[72.318483,50.759957],[72.318595,50.760014],[72.31872,50.760104],[72.319008,50.760251],[72.319386,50.760136]]}},{"type":"Feature","properties":{"kind":"parcel"},"geometry":{"type":"LineString","coordinates":[[72.317778,50.759552],[72.317933,50.759499],[72.318134,50.759446],[72.318454,50.759342],[72.318438,50.759324],[72.318453,50.759319],[72.318439,50.759299],[72.318539,50.759273],[72.318584,50.759311],[72.318689,50.759308],[72.31885,50.759259],[72.318831,50.759234],[72.319186,50.759128],[72.319193,50.759138],[72.319373,50.759082],[72.319374,50.759073],[72.319385,50.759068],[72.319854,50.758922],[72.3202,50.758804],[72.320084,50.75864],[72.319793,50.758164],[72.319444,50.75764],[72.31904,50.757743],[72.319033,50.75773],[72.317796,50.758058],[72.317455,50.75814],[72.317324,50.758199],[72.316948,50.758302],[72.316921,50.758269],[72.316479,50.758384],[72.316461,50.758353],[72.316112,50.758434],[72.316258,50.758641],[72.316426,50.758839],[72.31677,50.758755],[72.316872,50.758956],[72.316966,50.75906],[72.317086,50.759117],[72.317117,50.759091],[72.317304,50.759214],[72.317502,50.759356]]}},{"type":"Feature","properties":{"kind":"parcel"},"geometry":{"type":"LineString","coordinates":[[72.316046,50.758349],[72.316297,50.758291],[72.316518,50.758231],[72.316666,50.758157],[72.317428,50.757968],[72.317368,50.757873],[72.317311,50.757729],[72.317187,50.757567],[72.317169,50.757526],[72.316866,50.757601],[72.316908,50.757653],[72.316684,50.7577],[72.316687,50.757735],[72.316726,50.757802],[72.316358,50.757879],[72.316335,50.757833],[72.316096,50.757865],[72.316126,50.757954],[72.316135,50.757953],[72.316209,50.758099],[72.316168,50.758109],[72.316155,50.758088],[72.316059,50.758111],[72.316073,50.758133],[72.31606,50.758136],[72.316094,50.75819],[72.315964,50.75823]]}},{"type":"Feature","properties":{"kind":"parcel"},"geometry":{"type":"LineString","coordinates":[[72.318751,50.756156],[72.318475,50.755883],[72.31791,50.756039],[72.318426,50.756821],[72.318522,50.756988],[72.318664,50.756953],[72.318844,50.757239],[72.31866,50.757287],[72.318625,50.757243],[72.318502,50.757265],[72.318441,50.757283],[72.318322,50.757308],[72.318288,50.757255],[72.318075,50.757301],[72.318161,50.757459],[72.318079,50.757476],[72.318091,50.757498],[72.318025,50.757512],[72.318027,50.757516],[72.317876,50.757557],[72.317936,50.757653],[72.317881,50.757668],[72.317912,50.757703],[72.31808,50.757656],[72.318161,50.757786],[72.31864,50.757679],[72.319115,50.757552],[72.319106,50.757539],[72.319378,50.75747],[72.319296,50.757352],[72.319266,50.757343],[72.319088,50.757065],[72.319268,50.757021],[72.319026,50.756679]]}},{"type":"Feature","properties":{"kind":"parcel"},"geometry":{"type":"LineString","coordinates":[[72.313161,50.76499],[72.318585,50.768471],[72.316968,50.769744],[72.31509,50.768716],[72.313745,50.768259],[72.313511,50.768208],[72.310018,50.767031]]}},{"type":"Feature","properties":{"kind":"parcel"},"geometry":{"type":"LineString","coordinates":[[72.326424,50.757238],[72.327242,50.758468],[72.326108,50.75877],[72.32529,50.75754]]}},{"type":"Feature","properties":{"kind":"parcel"},"geometry":{"type":"LineString","coordinates":[[72.328504,50.758185],[72.328954,50.758136],[72.329006,50.758484],[72.328553,50.758534]]}},{"type":"Feature","properties":{"kind":"parcel"},"geometry":{"type":"LineString","coordinates":[[72.326325,50.756371],[72.326817,50.756158],[72.32703,50.756367],[72.327084,50.756345],[72.327127,50.756388],[72.32723,50.756467],[72.32673,50.756745],[72.32666,50.756698],[72.32649,50.756535]]}},{"type":"Feature","properties":{"kind":"parcel"},"geometry":{"type":"LineString","coordinates":[[72.325764,50.75589],[72.326226,50.755693],[72.326246,50.755712],[72.326279,50.755699],[72.326254,50.755672],[72.327049,50.755317],[72.326364,50.754672],[72.325108,50.75519],[72.325321,50.755398],[72.325277,50.755416],[72.325448,50.755586],[72.325505,50.755634]]}},{"type":"Feature","properties":{"kind":"parcel"},"geometry":{"type":"LineString","coordinates":[[72.323561,50.762143],[72.32458,50.761981],[72.324741,50.762433],[72.324843,50.762856],[72.324597,50.762873],[72.324604,50.762918],[72.32412,50.762956],[72.323956,50.762975],[72.323918,50.762845],[72.323766,50.762857],[72.323722,50.762739],[72.323653,50.762475],[72.323549,50.76218]]}},{"type":"Feature","properties":{"kind":"parcel"},"geometry":{"type":"LineString","coordinates":[[72.322583,50.762804],[72.322644,50.76295],[72.322505,50.762973],[72.322516,50.762999],[72.322224,50.76305],[72.322154,50.7629]]}},{"type":"Feature","properties":{"kind":"parcel"},"geometry":{"type":"LineString","coordinates":[[72.322273,50.761103],[72.323072,50.760931],[72.323254,50.761254],[72.323167,50.76127],[72.323122,50.761398],[72.32282,50.761483],[72.322644,50.761509],[72.322578,50.761497],[72.322551,50.761457],[72.322431,50.761413]]}},{"type":"Feature","properties":{"kind":"parcel"},"geometry":{"type":"LineString","coordinates":[[72.325541,50.763376],[72.325291,50.763384],[72.325268,50.763232],[72.325296,50.763271],[72.325312,50.763312],[72.325316,50.763354],[72.325307,50.763396],[72.325285,50.763436],[72.324932,50.763121],[72.324158,50.763165],[72.323635,50.763203],[72.323634,50.763194],[72.32306,50.763244],[72.323069,50.763265],[72.323069,50.764099],[72.325175,50.763962],[72.325615,50.763901]]}},{"type":"Feature","properties":{"kind":"parcel"},"geometry":{"type":"LineString","coordinates":[[72.322785,50.763808],[72.322213,50.76388],[72.3222,50.763888],[72.322033,50.76391],[72.322125,50.764181],[72.322213,50.76417],[72.322244,50.764263],[72.322785,50.7642]]}},{"type":"Feature","properties":{"kind":"parcel"},"geometry":{"type":"LineString","coordinates":[[72.324932,50.763121],[72.324931,50.76319],[72.324843,50.762856],[72.324597,50.762873],[72.324604,50.762918],[72.32412,50.762956],[72.323956,50.762975],[72.323918,50.762845],[72.323766,50.762857],[72.323751,50.762819],[72.323573,50.76284],[72.323635,50.763203],[72.324158,50.763165]]}},{"type":"Feature","properties":{"kind":"parcel"},"geometry":{"type":"LineString","coordinates":[[72.324713,50.764166],[72.325601,50.764109],[72.325742,50.764988],[72.324854,50.765045]]}},{"type":"Feature","properties":{"kind":"parcel"},"geometry":{"type":"LineString","coordinates":[[72.324693,50.76462],[72.32472,50.764788],[72.324586,50.764796],[72.324559,50.764628]]}},{"type":"Feature","properties":{"kind":"parcel"},"geometry":{"type":"LineString","coordinates":[[72.323597,50.75985],[72.324245,50.759708],[72.324469,50.760103],[72.323824,50.760249]]}},{"type":"Feature","properties":{"kind":"parcel"},"geometry":{"type":"LineString","coordinates":[[72.326216,50.75977],[72.326111,50.759464],[72.326012,50.759333],[72.325489,50.759444],[72.325542,50.759553],[72.325636,50.759534],[72.32572,50.759686],[72.325857,50.759822]]}},{"type":"Feature","properties":{"kind":"parcel"},"geometry":{"type":"LineString","coordinates":[[72.323397,50.759895],[72.323627,50.760301],[72.322861,50.760476],[72.32263,50.760069]]}},{"type":"Feature","properties":{"kind":"parcel"},"geometry":{"type":"LineString","coordinates":[[72.322103,50.761053],[72.32242,50.761707],[72.322729,50.76245],[72.323602,50.76232],[72.323549,50.76218],[72.323561,50.762143],[72.32369,50.762123],[72.323379,50.76132],[72.323084,50.760858],[72.323034,50.760868],[72.32303,50.760861],[72.322277,50.761013]]}},{"type":"Feature","properties":{"kind":"parcel"},"geometry":{"type":"LineString","coordinates":[[72.322729,50.76245],[72.322924,50.762916],[72.323751,50.762819],[72.323602,50.76232]]}},{"type":"Feature","properties":{"kind":"parcel"},"geometry":{"type":"LineString","coordinates":[[72.323573,50.76284],[72.322924,50.762916],[72.32306,50.763244],[72.323634,50.763194],[72.323579,50.762884]]}},{"type":"Feature","properties":{"kind":"parcel"},"geometry":{"type":"LineString","coordinates":[[72.321934,50.763923],[72.3222,50.763888],[72.322213,50.76388],[72.322785,50.763808],[72.322785,50.763288],[72.322644,50.76295],[72.322505,50.762973],[72.322516,50.762999],[72.322224,50.76305],[72.321666,50.763125]]}},{"type":"Feature","properties":{"kind":"parcel"},"geometry":{"type":"LineString","coordinates":[[72.326792,50.753851],[72.326957,50.754014],[72.325946,50.754423],[72.325781,50.754261]]}},{"type":"Feature","properties":{"kind":"parcel"},"geometry":{"type":"LineString","coordinates":[[72.325602,50.754333],[72.325767,50.754496],[72.324756,50.754905],[72.324591,50.754743]]}},{"type":"Feature","properties":{"kind":"parcel"},"geometry":{"type":"LineString","coordinates":[[72.325028,50.753766],[72.325602,50.754333],[72.324591,50.754743],[72.324017,50.754175]]}},{"type":"Feature","properties":{"kind":"parcel"},"geometry":{"type":"LineString","coordinates":[[72.324412,50.754815],[72.324577,50.754978],[72.323566,50.755388],[72.323401,50.755225]]}},{"type":"Feature","properties":{"kind":"parcel"},"geometry":{"type":"LineString","coordinates":[[72.329161,50.754534],[72.328836,50.754213],[72.327826,50.754622],[72.32815,50.754943]]}},{"type":"Feature","properties":{"kind":"parcel"},"geometry":{"type":"LineString","coordinates":[[72.327468,50.760488],[72.329099,50.760387],[72.329159,50.762088],[72.327852,50.762167]]}},{"type":"Feature","properties":{"kind":"parcel"},"geometry":{"type":"LineString","coordinates":[[72.324329,50.767364],[72.323149,50.767499],[72.323069,50.767503],[72.323069,50.767584],[72.323,50.767496],[72.323193,50.767873],[72.324245,50.767835],[72.324219,50.767647],[72.324371,50.767617]]}},{"type":"Feature","properties":{"kind":"zone","zone":"cemetery"},"geometry":{"type":"Polygon","coordinates":[[[72.326424,50.757238],[72.327242,50.758468],[72.327242,50.758468],[72.326108,50.75877],[72.326108,50.75877],[72.32529,50.75754],[72.32529,50.75754],[72.326424,50.757238],[72.326424,50.757238]]]}},{"type":"Feature","properties":{"kind":"zone","zone":"industrial"},"geometry":{"type":"Polygon","coordinates":[[[72.313161,50.76499],[72.314868,50.766083],[72.314868,50.766083],[72.314976,50.766154],[72.314976,50.766154],[72.314999,50.766169],[72.314999,50.766169],[72.315077,50.766218],[72.315077,50.766218],[72.318585,50.768471],[72.318585,50.768471],[72.316968,50.769744],[72.316968,50.769744],[72.31509,50.768716],[72.31509,50.768716],[72.313745,50.768259],[72.313745,50.768259],[72.313511,50.768208],[72.313511,50.768208],[72.310018,50.767031],[72.310018,50.767031],[72.313161,50.76499],[72.313161,50.76499]]]}},{"type":"Feature","properties":{"kind":"zone","zone":"industrial"},"geometry":{"type":"Polygon","coordinates":[[[72.335279,50.770043],[72.339384,50.772574],[72.339384,50.772574],[72.337081,50.773287],[72.337081,50.773287],[72.336823,50.773381],[72.336823,50.773381],[72.335293,50.772258],[72.335293,50.772258],[72.333919,50.771304],[72.333919,50.771304],[72.333814,50.771192],[72.333814,50.771192],[72.33381,50.771182],[72.33381,50.771182],[72.333779,50.771102],[72.333779,50.771102],[72.333776,50.771095],[72.333776,50.771095],[72.335279,50.770043],[72.335279,50.770043]]]}},{"type":"Feature","properties":{"kind":"zone","zone":"industrial"},"geometry":{"type":"Polygon","coordinates":[[[72.327468,50.760488],[72.329099,50.760387],[72.329099,50.760387],[72.329159,50.762088],[72.329159,50.762088],[72.327852,50.762167],[72.327852,50.762167],[72.327468,50.760488],[72.327468,50.760488]]]}}]}