{"type":"FeatureCollection","name":"turgen-buildings-overture","license":"ODbL-1.0","attribution":"\u00a9 OpenStreetMap contributors; Microsoft ML Buildings; Overture Maps Foundation (release 2026-09-23.0)","features":[{"type":"Feature","properties":{"id":"37a06481-4322-4283-8318-5b58944df48b","source":"Microsoft ML Buildings"},"geometry":{"type":"Polygon","coordinates":[[[72.328506,50.7643],[72.328407,50.764299],[72.328407,50.76426],[72.328605,50.764262],[72.328603,50.764384],[72.328504,50.764383],[72.328506,50.7643]]]}},{"type":"Feature","properties":{"id":"714ebc52-bd3d-42da-8353-cae1b8c9537a","source":"Microsoft ML Buildings"},"geometry":{"type":"Polygon","coordinates":[[[72.328402,50.765405],[72.328512,50.765406],[72.32851,50.765459],[72.3284,50.765458],[72.328402,50.765405]]]}},{"type":"Feature","properties":{"id":"d68db428-ed9e-4870-930d-9649803c3e0a","source":"Microsoft ML Buildings"},"geometry":{"type":"Polygon","coordinates":[[[72.328274,50.765523],[72.328278,50.765603],[72.328144,50.765605],[72.32814,50.765525],[72.328274,50.765523]]]}},{"type":"Feature","properties":{"id":"a72e762d-bdc4-41d2-8d9d-f3308ee099f4","source":"Microsoft ML Buildings"},"geometry":{"type":"Polygon","coordinates":[[[72.328305,50.765438],[72.328304,50.76547],[72.328113,50.765466],[72.328115,50.765434],[72.328305,50.765438]]]}},{"type":"Feature","properties":{"id":"804640a0-0fd7-4b67-8af6-d114358634f2","source":"Microsoft ML Buildings"},"geometry":{"type":"Polygon","coordinates":[[[72.328206,50.766188],[72.32815,50.76619],[72.328147,50.76616],[72.328203,50.766158],[72.328206,50.766188]]]}},{"type":"Feature","properties":{"id":"f58b4790-0d64-404f-b996-f24716f77729","source":"Microsoft ML Buildings"},"geometry":{"type":"Polygon","coordinates":[[[72.327934,50.765991],[72.327946,50.765938],[72.328012,50.765945],[72.328,50.765997],[72.327934,50.765991]]]}},{"type":"Feature","properties":{"id":"8dfbfc7d-a708-47f5-ba82-3befcf5a75c3","source":"Microsoft ML Buildings"},"geometry":{"type":"Polygon","coordinates":[[[72.32787,50.766197],[72.327872,50.766131],[72.327972,50.766132],[72.32797,50.766199],[72.32787,50.766197]]]}},{"type":"Feature","properties":{"id":"290a9f53-d6c7-466a-9601-4baf659bf6b3","source":"Microsoft ML Buildings"},"geometry":{"type":"Polygon","coordinates":[[[72.327773,50.765874],[72.32785,50.765872],[72.327848,50.765827],[72.328067,50.765821],[72.328072,50.765906],[72.327775,50.765913],[72.327773,50.765874]]]}},{"type":"Feature","properties":{"id":"0e0a6279-7b3e-4caa-a8c1-2b3cb888ccce","source":"Microsoft ML Buildings"},"geometry":{"type":"Polygon","coordinates":[[[72.327793,50.765592],[72.327794,50.76554],[72.327853,50.76554],[72.327852,50.765593],[72.327793,50.765592]]]}},{"type":"Feature","properties":{"id":"88928e61-4a92-4909-87ce-ad75ae5513ed","source":"Microsoft ML Buildings"},"geometry":{"type":"Polygon","coordinates":[[[72.328009,50.765608],[72.328005,50.765551],[72.328135,50.765547],[72.328139,50.765605],[72.328009,50.765608]]]}},{"type":"Feature","properties":{"id":"409e2b33-a376-4aed-ae43-79ab22b33ca3","source":"Microsoft ML Buildings"},"geometry":{"type":"Polygon","coordinates":[[[72.328007,50.765717],[72.328006,50.765687],[72.328116,50.765684],[72.328117,50.765715],[72.328007,50.765717]]]}},{"type":"Feature","properties":{"id":"20659a97-e578-4b65-9ce1-acf678446d52","source":"Microsoft ML Buildings"},"geometry":{"type":"Polygon","coordinates":[[[72.328127,50.764755],[72.328022,50.764757],[72.328021,50.764708],[72.328125,50.764707],[72.328127,50.764755]]]}},{"type":"Feature","properties":{"id":"fe5d3d1c-628d-41c3-88fd-27cf106810b7","source":"Microsoft ML Buildings"},"geometry":{"type":"Polygon","coordinates":[[[72.328098,50.764885],[72.327947,50.764883],[72.327948,50.764837],[72.328099,50.764839],[72.328098,50.764885]]]}},{"type":"Feature","properties":{"id":"c24e9a1b-bc78-4610-a50c-9a5db3c6d464","source":"Microsoft ML Buildings"},"geometry":{"type":"Polygon","coordinates":[[[72.327691,50.765067],[72.328022,50.765063],[72.328024,50.765135],[72.327732,50.765139],[72.327731,50.765102],[72.327661,50.765103],[72.327659,50.765056],[72.32763,50.765056],[72.327629,50.765029],[72.32769,50.765028],[72.327691,50.765067]]]}},{"type":"Feature","properties":{"id":"9f64c336-c5d7-465c-b968-1a89bac1935a","source":"Microsoft ML Buildings"},"geometry":{"type":"Polygon","coordinates":[[[72.327886,50.764809],[72.327883,50.764777],[72.327953,50.764775],[72.327956,50.764806],[72.327886,50.764809]]]}},{"type":"Feature","properties":{"id":"78c10876-729d-4db1-b712-f812e84fdb59","source":"Microsoft ML Buildings"},"geometry":{"type":"Polygon","coordinates":[[[72.327738,50.764355],[72.327785,50.764354],[72.327783,50.764323],[72.328027,50.764319],[72.328031,50.764403],[72.327728,50.764409],[72.327726,50.764359],[72.3276,50.764361],[72.327596,50.764285],[72.327734,50.764282],[72.327738,50.764355]]]}},{"type":"Feature","properties":{"id":"e202bcab-a4eb-4708-b99d-66fb79c249c9","source":"Microsoft ML Buildings"},"geometry":{"type":"Polygon","coordinates":[[[72.328053,50.764319],[72.328044,50.76416],[72.328255,50.764155],[72.328265,50.764314],[72.328053,50.764319]]]}},{"type":"Feature","properties":{"id":"12e85db9-cc59-4f9e-95f9-4dbe638897c1","source":"Microsoft ML Buildings"},"geometry":{"type":"Polygon","coordinates":[[[72.328087,50.764404],[72.328181,50.764402],[72.328183,50.764438],[72.328089,50.76444],[72.328087,50.764404]]]}},{"type":"Feature","properties":{"id":"0c6e7afb-e1e5-4a1e-b0a9-49042afb515a","source":"Microsoft ML Buildings"},"geometry":{"type":"Polygon","coordinates":[[[72.328302,50.764994],[72.327951,50.765],[72.327948,50.764933],[72.328299,50.764927],[72.328302,50.764994]]]}},{"type":"Feature","properties":{"id":"8376003d-435c-43b2-a39d-36452528ec01","source":"Microsoft ML Buildings"},"geometry":{"type":"Polygon","coordinates":[[[72.328262,50.764824],[72.328265,50.764758],[72.32842,50.764761],[72.328417,50.764827],[72.328262,50.764824]]]}},{"type":"Feature","properties":{"id":"a257643a-c8cf-479a-97ef-732f1c020c94","source":"Microsoft ML Buildings"},"geometry":{"type":"Polygon","coordinates":[[[72.328422,50.764871],[72.328377,50.764873],[72.328374,50.764833],[72.328419,50.764832],[72.328422,50.764871]]]}},{"type":"Feature","properties":{"id":"32f85121-6e42-4a16-a172-e39f082ac18b","source":"Microsoft ML Buildings"},"geometry":{"type":"Polygon","coordinates":[[[72.328165,50.763656],[72.32809,50.763664],[72.328067,50.763584],[72.328142,50.763575],[72.328165,50.763656]]]}},{"type":"Feature","properties":{"id":"c84ac146-3979-4d41-bd52-5eefe8c63beb","source":"Microsoft ML Buildings"},"geometry":{"type":"Polygon","coordinates":[[[72.327954,50.762732],[72.32791,50.762733],[72.327908,50.762688],[72.327952,50.762687],[72.327954,50.762732]]]}},{"type":"Feature","properties":{"id":"87198b24-c016-45dd-9582-c23cbe5e8b1d","source":"Microsoft ML Buildings"},"geometry":{"type":"Polygon","coordinates":[[[72.327858,50.762779],[72.328133,50.76277],[72.328138,50.76283],[72.327772,50.762842],[72.327763,50.762734],[72.327854,50.762731],[72.327858,50.762779]]]}},{"type":"Feature","properties":{"id":"9bb779fd-ccf4-49f5-9e67-e5cf8a3b867e","source":"Microsoft ML Buildings"},"geometry":{"type":"Polygon","coordinates":[[[72.327911,50.763193],[72.327899,50.763138],[72.327954,50.763134],[72.327966,50.763188],[72.327911,50.763193]]]}},{"type":"Feature","properties":{"id":"a40c53b5-5397-4f41-b8eb-b87b591025fa","source":"Microsoft ML Buildings"},"geometry":{"type":"Polygon","coordinates":[[[72.327877,50.763771],[72.327869,50.763692],[72.327816,50.763694],[72.327809,50.763624],[72.327947,50.763618],[72.327962,50.763768],[72.327877,50.763771]]]}},{"type":"Feature","properties":{"id":"488617af-1c41-4a78-940b-cdacd0f2131e","source":"Microsoft ML Buildings"},"geometry":{"type":"Polygon","coordinates":[[[72.328039,50.763445],[72.327937,50.763454],[72.327897,50.763286],[72.328048,50.763272],[72.328063,50.763334],[72.328013,50.763338],[72.328039,50.763445]]]}},{"type":"Feature","properties":{"id":"123ba2a8-24c5-4c60-9993-fddf0c041668","source":"Microsoft ML Buildings"},"geometry":{"type":"Polygon","coordinates":[[[72.327972,50.763756],[72.328048,50.763749],[72.328055,50.763779],[72.327979,50.763786],[72.327972,50.763756]]]}},{"type":"Feature","properties":{"id":"2d2284b2-98ff-4b49-9191-069c6644b964","source":"Microsoft ML Buildings"},"geometry":{"type":"Polygon","coordinates":[[[72.327907,50.764068],[72.328048,50.764058],[72.328056,50.764108],[72.327916,50.764117],[72.327907,50.764068]]]}},{"type":"Feature","properties":{"id":"672b6a1e-3e9f-409f-8e2b-6cb408971015","source":"Microsoft ML Buildings"},"geometry":{"type":"Polygon","coordinates":[[[72.327858,50.763952],[72.327855,50.763922],[72.328057,50.763916],[72.328064,50.764007],[72.327756,50.764016],[72.327758,50.76404],[72.327579,50.764046],[72.327568,50.76391],[72.327691,50.763906],[72.327694,50.763957],[72.327858,50.763952]]]}},{"type":"Feature","properties":{"id":"e125200c-1ede-40c0-bf8a-300d13cd8462","source":"Microsoft ML Buildings"},"geometry":{"type":"Polygon","coordinates":[[[72.327847,50.764138],[72.327591,50.764145],[72.327587,50.764085],[72.327843,50.764078],[72.327847,50.764138]]]}},{"type":"Feature","properties":{"id":"6d3da78d-ca8c-474d-bc45-bb193d113a0b","source":"Microsoft ML Buildings"},"geometry":{"type":"Polygon","coordinates":[[[72.327735,50.763391],[72.32761,50.763394],[72.327602,50.763275],[72.327786,50.76327],[72.327795,50.763404],[72.327736,50.763406],[72.327735,50.763391]]]}},{"type":"Feature","properties":{"id":"a5731e05-e3ce-4ed8-b7aa-b6e96daaa535","source":"Microsoft ML Buildings"},"geometry":{"type":"Polygon","coordinates":[[[72.327555,50.76375],[72.327551,50.763631],[72.327712,50.763629],[72.327716,50.763748],[72.327555,50.76375]]]}},{"type":"Feature","properties":{"id":"ad41f0ed-6380-4b87-a73b-9eb40b98e076","source":"Microsoft ML Buildings"},"geometry":{"type":"Polygon","coordinates":[[[72.327826,50.763225],[72.327728,50.763227],[72.327726,50.763184],[72.327824,50.763182],[72.327826,50.763225]]]}},{"type":"Feature","properties":{"id":"2957b947-15f0-4961-80bb-9d9030874e04","source":"Microsoft ML Buildings"},"geometry":{"type":"Polygon","coordinates":[[[72.327732,50.763128],[72.327551,50.763125],[72.327558,50.762988],[72.327843,50.762993],[72.327841,50.763039],[72.327737,50.763037],[72.327732,50.763128]]]}},{"type":"Feature","properties":{"id":"b67be59f-a7dc-4e90-a5c8-561bc18b12a8","source":"Microsoft ML Buildings"},"geometry":{"type":"Polygon","coordinates":[[[72.327788,50.762514],[72.327532,50.762517],[72.327528,50.76242],[72.327662,50.762418],[72.327664,50.762464],[72.327786,50.762462],[72.327788,50.762514]]]}},{"type":"Feature","properties":{"id":"a394d125-5b70-4ecd-87ee-3dab52f27bd0","source":"Microsoft ML Buildings"},"geometry":{"type":"Polygon","coordinates":[[[72.327597,50.762694],[72.327683,50.762692],[72.327695,50.762899],[72.327619,50.7629],[72.327617,50.762862],[72.327533,50.762864],[72.327528,50.762779],[72.327602,50.762777],[72.327597,50.762694]]]}},{"type":"Feature","properties":{"id":"4ed9534f-bcac-4950-b341-18ebe5927848","source":"Microsoft ML Buildings"},"geometry":{"type":"Polygon","coordinates":[[[72.327315,50.762278],[72.327252,50.762279],[72.327251,50.762202],[72.327314,50.762202],[72.327315,50.762278]]]}},{"type":"Feature","properties":{"id":"0a7a6e31-3931-4143-ab1c-06dcf28ae1c7","source":"Microsoft ML Buildings"},"geometry":{"type":"Polygon","coordinates":[[[72.327595,50.764607],[72.327592,50.764557],[72.327839,50.764551],[72.327841,50.764588],[72.327892,50.764587],[72.327896,50.764655],[72.327696,50.764659],[72.327693,50.764605],[72.327595,50.764607]]]}},{"type":"Feature","properties":{"id":"9a6e2d00-4d2c-4784-b801-0da4637914bc","source":"Microsoft ML Buildings"},"geometry":{"type":"Polygon","coordinates":[[[72.327833,50.764771],[72.327836,50.764812],[72.32776,50.764814],[72.327766,50.764905],[72.327641,50.764908],[72.327633,50.764776],[72.327833,50.764771]]]}},{"type":"Feature","properties":{"id":"54a079db-c335-449b-ac5c-45638e12d5c7","source":"Microsoft ML Buildings"},"geometry":{"type":"Polygon","coordinates":[[[72.327675,50.765801],[72.327674,50.765772],[72.327771,50.765771],[72.327774,50.765871],[72.327629,50.765872],[72.327627,50.765802],[72.327675,50.765801]]]}},{"type":"Feature","properties":{"id":"9db19d70-3b53-42f4-8ad9-98e4b49a3084","source":"Microsoft ML Buildings"},"geometry":{"type":"Polygon","coordinates":[[[72.327796,50.766088],[72.327796,50.766151],[72.327644,50.766151],[72.327645,50.766035],[72.32784,50.766036],[72.327839,50.766062],[72.327892,50.766063],[72.327891,50.766088],[72.327796,50.766088]]]}},{"type":"Feature","properties":{"id":"3edde940-afd7-42f9-963c-f5bd6ec53516","source":"Microsoft ML Buildings"},"geometry":{"type":"Polygon","coordinates":[[[72.32762,50.767132],[72.327808,50.767134],[72.327805,50.767263],[72.327664,50.767261],[72.327665,50.767208],[72.327618,50.767207],[72.32762,50.767132]]]}},{"type":"Feature","properties":{"id":"a166f03f-e16b-4f24-bfc4-c7aae02a7b48","source":"Microsoft ML Buildings"},"geometry":{"type":"Polygon","coordinates":[[[72.327653,50.766963],[72.327647,50.766831],[72.327792,50.766829],[72.327797,50.766961],[72.327653,50.766963]]]}},{"type":"Feature","properties":{"id":"a154e7d0-3896-49e6-9efe-1e55a4fc1a13","source":"Microsoft ML Buildings"},"geometry":{"type":"Polygon","coordinates":[[[72.327638,50.766574],[72.327631,50.766479],[72.327904,50.766471],[72.327911,50.766566],[72.327638,50.766574]]]}},{"type":"Feature","properties":{"id":"6d6c8cd4-f040-4821-a8ea-7aa16dbc62a4","source":"Microsoft ML Buildings"},"geometry":{"type":"Polygon","coordinates":[[[72.327799,50.767026],[72.327879,50.767029],[72.327876,50.767058],[72.327796,50.767055],[72.327799,50.767026]]]}},{"type":"Feature","properties":{"id":"cb05ed47-adf1-4bca-8d86-e1992eb2b404","source":"Microsoft ML Buildings"},"geometry":{"type":"Polygon","coordinates":[[[72.327914,50.76683],[72.32806,50.766826],[72.328067,50.76696],[72.327921,50.766964],[72.327914,50.76683]]]}},{"type":"Feature","properties":{"id":"ce4c722c-c2ed-4b7a-b075-476dba0f53a6","source":"Microsoft ML Buildings"},"geometry":{"type":"Polygon","coordinates":[[[72.328151,50.767257],[72.328075,50.767257],[72.328075,50.767306],[72.327966,50.767306],[72.327966,50.767257],[72.327925,50.767257],[72.327925,50.767162],[72.327976,50.767162],[72.327976,50.767121],[72.328151,50.767121],[72.328151,50.767257]]]}},{"type":"Feature","properties":{"id":"ce2f5b14-296b-489b-ae5c-a86c61816455","source":"Microsoft ML Buildings"},"geometry":{"type":"Polygon","coordinates":[[[72.328086,50.766638],[72.327932,50.76664],[72.327931,50.766601],[72.328085,50.766599],[72.328086,50.766638]]]}},{"type":"Feature","properties":{"id":"86c0bef8-1961-4635-bd8b-eb64332437c4","source":"Microsoft ML Buildings"},"geometry":{"type":"Polygon","coordinates":[[[72.328019,50.766727],[72.327962,50.766729],[72.32796,50.766701],[72.328017,50.766699],[72.328019,50.766727]]]}},{"type":"Feature","properties":{"id":"d396f03e-9047-4374-aab5-670a12570494","source":"Microsoft ML Buildings"},"geometry":{"type":"Polygon","coordinates":[[[72.327965,50.766562],[72.327965,50.76653],[72.328061,50.766529],[72.328062,50.766561],[72.327965,50.766562]]]}},{"type":"Feature","properties":{"id":"3909a7da-03a5-490a-b311-bf16952af513","source":"Microsoft ML Buildings"},"geometry":{"type":"Polygon","coordinates":[[[72.328025,50.7674],[72.327905,50.767401],[72.327904,50.767353],[72.328023,50.767351],[72.328025,50.7674]]]}},{"type":"Feature","properties":{"id":"e5840401-1d6d-4c3a-80b0-61ceac208648","source":"Microsoft ML Buildings"},"geometry":{"type":"Polygon","coordinates":[[[72.326723,50.767324],[72.326843,50.767308],[72.326852,50.767336],[72.326732,50.767351],[72.326723,50.767324]]]}},{"type":"Feature","properties":{"id":"e8c7fb9e-b673-497f-9476-b97e3ee594c9","source":"Microsoft ML Buildings"},"geometry":{"type":"Polygon","coordinates":[[[72.326906,50.767299],[72.326777,50.767302],[72.32677,50.76719],[72.326898,50.767187],[72.326906,50.767299]]]}},{"type":"Feature","properties":{"id":"dcd570ad-9886-4ae2-b37f-f8f9068e13ad","source":"Microsoft ML Buildings"},"geometry":{"type":"Polygon","coordinates":[[[72.326923,50.767115],[72.327075,50.767113],[72.32708,50.76722],[72.326927,50.767222],[72.326923,50.767115]]]}},{"type":"Feature","properties":{"id":"74e7391c-1ef4-4af9-8dab-83faff13d20f","source":"Microsoft ML Buildings"},"geometry":{"type":"Polygon","coordinates":[[[72.326948,50.766608],[72.326942,50.76647],[72.327044,50.766469],[72.327049,50.766606],[72.326948,50.766608]]]}},{"type":"Feature","properties":{"id":"c6832ad9-aa81-4499-be97-502a14152c0b","source":"Microsoft ML Buildings"},"geometry":{"type":"Polygon","coordinates":[[[72.326958,50.766637],[72.326957,50.766616],[72.327044,50.766615],[72.327045,50.766635],[72.326958,50.766637]]]}},{"type":"Feature","properties":{"id":"9c177447-66a9-4952-92fd-a844745f76ea","source":"Microsoft ML Buildings"},"geometry":{"type":"Polygon","coordinates":[[[72.327068,50.766837],[72.327072,50.766929],[72.326981,50.76693],[72.326982,50.766954],[72.326917,50.766955],[72.326916,50.766929],[72.326875,50.76693],[72.326872,50.766872],[72.326823,50.766873],[72.326822,50.766841],[72.327068,50.766837]]]}},{"type":"Feature","properties":{"id":"dedd52d7-ad52-4b5e-8b3b-49b771a3b429","source":"Microsoft ML Buildings"},"geometry":{"type":"Polygon","coordinates":[[[72.326649,50.766755],[72.326652,50.766725],[72.326711,50.766727],[72.326708,50.766757],[72.326649,50.766755]]]}},{"type":"Feature","properties":{"id":"ec622204-3b2e-4b3d-93dd-ce9c358f5adc","source":"Microsoft ML Buildings"},"geometry":{"type":"Polygon","coordinates":[[[72.326638,50.766971],[72.326632,50.766861],[72.326764,50.766858],[72.32677,50.766968],[72.326638,50.766971]]]}},{"type":"Feature","properties":{"id":"4ceefc76-2797-482b-b6a6-88a9b3c48e56","source":"Microsoft ML Buildings"},"geometry":{"type":"Polygon","coordinates":[[[72.326708,50.76637],[72.326589,50.766373],[72.326586,50.76632],[72.326792,50.766316],[72.326795,50.766356],[72.32675,50.766357],[72.32675,50.766344],[72.326707,50.766345],[72.326708,50.76637]]]}},{"type":"Feature","properties":{"id":"f7256808-6682-4b52-a5fe-c3bcb982e13c","source":"Microsoft ML Buildings"},"geometry":{"type":"Polygon","coordinates":[[[72.326773,50.766545],[72.326842,50.766544],[72.326846,50.76663],[72.326554,50.766635],[72.32655,50.76654],[72.326534,50.76654],[72.32653,50.766452],[72.326769,50.766448],[72.326773,50.766545]]]}},{"type":"Feature","properties":{"id":"97f0170f-b939-4b3c-bf4d-76c85d11eb53","source":"Microsoft ML Buildings"},"geometry":{"type":"Polygon","coordinates":[[[72.326039,50.76636],[72.326037,50.766319],[72.326312,50.766314],[72.326314,50.766356],[72.326039,50.76636]]]}},{"type":"Feature","properties":{"id":"d09fe25f-25d4-4e0d-bb73-4d6dadd31ae6","source":"Microsoft ML Buildings"},"geometry":{"type":"Polygon","coordinates":[[[72.326095,50.766534],[72.326141,50.766532],[72.326143,50.766561],[72.326098,50.766563],[72.326095,50.766534]]]}},{"type":"Feature","properties":{"id":"aca62cbb-ae81-4dea-b38e-2856e555a243","source":"Microsoft ML Buildings"},"geometry":{"type":"Polygon","coordinates":[[[72.325894,50.767002],[72.325896,50.766905],[72.326044,50.766907],[72.326043,50.766941],[72.326113,50.766941],[72.326111,50.767004],[72.325894,50.767002]]]}},{"type":"Feature","properties":{"id":"5607b4ea-a073-4f96-bdb4-d6c32312d761","source":"Microsoft ML Buildings"},"geometry":{"type":"Polygon","coordinates":[[[72.326182,50.766736],[72.32603,50.766738],[72.326028,50.76666],[72.326179,50.766658],[72.326182,50.766736]]]}},{"type":"Feature","properties":{"id":"84f9f639-352b-43a4-9bfd-ec04ff25001a","source":"Microsoft ML Buildings"},"geometry":{"type":"Polygon","coordinates":[[[72.325768,50.766953],[72.325766,50.766913],[72.325886,50.76691],[72.325893,50.767022],[72.325814,50.767023],[72.32581,50.766952],[72.325768,50.766953]]]}},{"type":"Feature","properties":{"id":"f4afd605-249e-469d-b9cb-592475a7404c","source":"Microsoft ML Buildings"},"geometry":{"type":"Polygon","coordinates":[[[72.325945,50.767263],[72.32595,50.767321],[72.325797,50.767325],[72.325799,50.767351],[72.325743,50.767353],[72.325741,50.767334],[72.325657,50.767336],[72.325648,50.767223],[72.325839,50.767217],[72.325842,50.767266],[72.325945,50.767263]]]}},{"type":"Feature","properties":{"id":"419437ad-c705-4d72-952c-ff93359edbc4","source":"Microsoft ML Buildings"},"geometry":{"type":"Polygon","coordinates":[[[72.326088,50.767333],[72.32597,50.767335],[72.325966,50.767251],[72.326135,50.767248],[72.326138,50.767309],[72.326087,50.76731],[72.326088,50.767333]]]}},{"type":"Feature","properties":{"id":"cdcc1061-8513-4a34-b600-4ff07f4f3fe1","source":"Microsoft ML Buildings"},"geometry":{"type":"Polygon","coordinates":[[[72.325086,50.767564],[72.32507,50.767504],[72.325111,50.7675],[72.325126,50.76756],[72.325086,50.767564]]]}},{"type":"Feature","properties":{"id":"44889dda-52de-45b2-b923-4152150d0de0","source":"Microsoft ML Buildings"},"geometry":{"type":"Polygon","coordinates":[[[72.324957,50.767454],[72.324938,50.767417],[72.32504,50.767396],[72.32506,50.767432],[72.324957,50.767454]]]}},{"type":"Feature","properties":{"id":"0ffed637-640f-46d1-a60c-88d1f6af5793","source":"Microsoft ML Buildings"},"geometry":{"type":"Polygon","coordinates":[[[72.324804,50.767319],[72.324881,50.767314],[72.324886,50.767344],[72.324809,50.767349],[72.324804,50.767319]]]}},{"type":"Feature","properties":{"id":"0f09f6b5-a18c-4dde-8491-dd9526d31cca","source":"Microsoft ML Buildings"},"geometry":{"type":"Polygon","coordinates":[[[72.324823,50.766409],[72.324815,50.76631],[72.324907,50.766307],[72.324915,50.766406],[72.324823,50.766409]]]}},{"type":"Feature","properties":{"id":"db15b721-a05f-40df-9b8b-1300f47a670b","source":"Microsoft ML Buildings"},"geometry":{"type":"Polygon","coordinates":[[[72.324828,50.766994],[72.324925,50.766992],[72.324928,50.767057],[72.324832,50.767059],[72.324828,50.766994]]]}},{"type":"Feature","properties":{"id":"5094cc71-c859-409b-a5fc-a1fe026673ac","source":"Microsoft ML Buildings"},"geometry":{"type":"Polygon","coordinates":[[[72.324951,50.767125],[72.324949,50.767097],[72.325022,50.767096],[72.325023,50.767124],[72.324951,50.767125]]]}},{"type":"Feature","properties":{"id":"a46ef9ff-8313-47f2-8c3e-6d677b9e011f","source":"Microsoft ML Buildings"},"geometry":{"type":"Polygon","coordinates":[[[72.325106,50.767081],[72.324939,50.767086],[72.324931,50.766985],[72.325099,50.76698],[72.325106,50.767081]]]}},{"type":"Feature","properties":{"id":"6ff3e65d-8cfc-459a-8e0e-ab744e30f189","source":"Microsoft ML Buildings"},"geometry":{"type":"Polygon","coordinates":[[[72.324946,50.76689],[72.325042,50.766888],[72.325041,50.766864],[72.325148,50.766861],[72.325152,50.766926],[72.324948,50.76693],[72.324946,50.76689]]]}},{"type":"Feature","properties":{"id":"b7df1076-da1c-4c0c-b26a-a958c924bc75","source":"Microsoft ML Buildings"},"geometry":{"type":"Polygon","coordinates":[[[72.325076,50.766723],[72.324945,50.766728],[72.324937,50.766637],[72.325068,50.766633],[72.325076,50.766723]]]}},{"type":"Feature","properties":{"id":"dcdf8763-0e9e-417a-b1ab-fcd84bc59dda","source":"Microsoft ML Buildings"},"geometry":{"type":"Polygon","coordinates":[[[72.325118,50.766284],[72.325026,50.766283],[72.325029,50.766174],[72.32512,50.766175],[72.325118,50.766284]]]}},{"type":"Feature","properties":{"id":"82b52e52-d6c3-480f-acdd-cd381c50dab2","source":"Microsoft ML Buildings"},"geometry":{"type":"Polygon","coordinates":[[[72.325089,50.766397],[72.325093,50.766357],[72.32517,50.76636],[72.325165,50.7664],[72.325089,50.766397]]]}},{"type":"Feature","properties":{"id":"561049e6-9a0d-43ad-b23c-35f60587ad4f","source":"Microsoft ML Buildings"},"geometry":{"type":"Polygon","coordinates":[[[72.325278,50.76668],[72.325115,50.766682],[72.325112,50.766616],[72.325276,50.766614],[72.325278,50.76668]]]}},{"type":"Feature","properties":{"id":"e9f9e496-312b-43e5-8d2b-7e98d89568ad","source":"Microsoft ML Buildings"},"geometry":{"type":"Polygon","coordinates":[[[72.32513,50.766736],[72.325119,50.766693],[72.325265,50.766678],[72.325275,50.766721],[72.32513,50.766736]]]}},{"type":"Feature","properties":{"id":"65e7e8fc-e5b4-431c-849f-de770c227cbe","source":"Microsoft ML Buildings"},"geometry":{"type":"Polygon","coordinates":[[[72.325172,50.766997],[72.325283,50.767012],[72.325264,50.767069],[72.325225,50.767064],[72.325234,50.767038],[72.325162,50.767028],[72.325172,50.766997]]]}},{"type":"Feature","properties":{"id":"0fabb717-eb45-44e8-aa63-547ff8139d10","source":"Microsoft ML Buildings"},"geometry":{"type":"Polygon","coordinates":[[[72.325184,50.767376],[72.325176,50.767253],[72.32537,50.767248],[72.325377,50.767359],[72.325291,50.767361],[72.325292,50.767374],[72.325184,50.767376]]]}},{"type":"Feature","properties":{"id":"921f2607-a36f-4fd4-bb46-5334584792db","source":"Microsoft ML Buildings"},"geometry":{"type":"Polygon","coordinates":[[[72.325232,50.767481],[72.325461,50.767462],[72.325475,50.767531],[72.325246,50.76755],[72.325232,50.767481]]]}},{"type":"Feature","properties":{"id":"704e69f3-637c-4963-85b8-48d0c5a7fafc","source":"Microsoft ML Buildings"},"geometry":{"type":"Polygon","coordinates":[[[72.325722,50.767495],[72.325632,50.767503],[72.325626,50.767473],[72.325715,50.767465],[72.325722,50.767495]]]}},{"type":"Feature","properties":{"id":"dbd5b178-c22b-4f06-a020-9a0f9cde8f71","source":"Microsoft ML Buildings"},"geometry":{"type":"Polygon","coordinates":[[[72.325631,50.766908],[72.325754,50.766909],[72.32575,50.767043],[72.325626,50.767041],[72.325631,50.766908]]]}},{"type":"Feature","properties":{"id":"c9e29b72-0766-4ac4-b053-bd56b04a4d6c","source":"Microsoft ML Buildings"},"geometry":{"type":"Polygon","coordinates":[[[72.325582,50.766689],[72.325565,50.766572],[72.325971,50.766547],[72.325983,50.766628],[72.325938,50.76663],[72.325943,50.766659],[72.325868,50.766664],[72.325864,50.766637],[72.325816,50.76664],[72.325812,50.766609],[72.325759,50.766613],[72.325768,50.766678],[72.325582,50.766689]]]}},{"type":"Feature","properties":{"id":"df07a1a0-63da-4d96-867f-e6d67ea25658","source":"Microsoft ML Buildings"},"geometry":{"type":"Polygon","coordinates":[[[72.325676,50.766191],[72.325674,50.766139],[72.325746,50.766138],[72.325748,50.76619],[72.325676,50.766191]]]}},{"type":"Feature","properties":{"id":"94dd20e3-f121-491c-9982-ec41220d1dcb","source":"Microsoft ML Buildings"},"geometry":{"type":"Polygon","coordinates":[[[72.325673,50.765842],[72.325672,50.765787],[72.325612,50.765788],[72.32561,50.765731],[72.325837,50.765729],[72.325839,50.765805],[72.325831,50.765805],[72.325832,50.76584],[72.325673,50.765842]]]}},{"type":"Feature","properties":{"id":"895ef6d4-9f56-4fd3-bfd8-daff831fac01","source":"Microsoft ML Buildings"},"geometry":{"type":"Polygon","coordinates":[[[72.325504,50.766257],[72.325496,50.766145],[72.325668,50.76614],[72.325676,50.766254],[72.325654,50.766254],[72.325656,50.766286],[72.325603,50.766288],[72.325601,50.766254],[72.325504,50.766257]]]}},{"type":"Feature","properties":{"id":"9b1c14cc-74fe-4bad-ac85-4cd55cbf8eb4","source":"Microsoft ML Buildings"},"geometry":{"type":"Polygon","coordinates":[[[72.32543,50.765859],[72.32542,50.765745],[72.325607,50.765738],[72.325617,50.765844],[72.325578,50.765846],[72.325579,50.765853],[72.32543,50.765859]]]}},{"type":"Feature","properties":{"id":"8df3067c-0ada-4090-920f-80c4efab5c0d","source":"Microsoft ML Buildings"},"geometry":{"type":"Polygon","coordinates":[[[72.32536,50.765427],[72.325352,50.765346],[72.325815,50.765328],[72.325819,50.765375],[72.325734,50.765379],[72.32574,50.765441],[72.325633,50.765446],[72.325627,50.765388],[72.32555,50.765391],[72.325556,50.765452],[72.325529,50.765453],[72.325532,50.76548],[72.325425,50.765484],[72.325419,50.765425],[72.32536,50.765427]]]}},{"type":"Feature","properties":{"id":"09591f47-8f58-467e-ae45-08c8279622eb","source":"Microsoft ML Buildings"},"geometry":{"type":"Polygon","coordinates":[[[72.325264,50.765839],[72.325233,50.765841],[72.325225,50.765779],[72.325255,50.765777],[72.325264,50.765839]]]}},{"type":"Feature","properties":{"id":"10d0c83e-220a-481b-a33e-69361dc5802d","source":"Microsoft ML Buildings"},"geometry":{"type":"Polygon","coordinates":[[[72.324979,50.765788],[72.325163,50.765791],[72.325158,50.765879],[72.324975,50.765876],[72.324979,50.765788]]]}},{"type":"Feature","properties":{"id":"bc70aa10-99cf-4015-a6ff-3a3c8318a30c","source":"Microsoft ML Buildings"},"geometry":{"type":"Polygon","coordinates":[[[72.324902,50.765503],[72.324896,50.765377],[72.325027,50.765375],[72.325033,50.7655],[72.324902,50.765503]]]}},{"type":"Feature","properties":{"id":"b8c3b0ab-47d8-41e3-9d7d-5b0acb35a1a5","source":"Microsoft ML Buildings"},"geometry":{"type":"Polygon","coordinates":[[[72.324774,50.765389],[72.324773,50.765371],[72.324885,50.765369],[72.324888,50.765432],[72.324864,50.765432],[72.324866,50.76548],[72.324742,50.765482],[72.324739,50.76539],[72.324774,50.765389]]]}},{"type":"Feature","properties":{"id":"09bdacdc-5e25-4e20-9e4d-72567c60b334","source":"Microsoft ML Buildings"},"geometry":{"type":"Polygon","coordinates":[[[72.324852,50.765571],[72.324805,50.765572],[72.324804,50.765533],[72.32485,50.765532],[72.324852,50.765571]]]}},{"type":"Feature","properties":{"id":"7eebc075-bced-4dd5-9a65-d7d7cbbc01c3","source":"Microsoft ML Buildings"},"geometry":{"type":"Polygon","coordinates":[[[72.324842,50.765932],[72.324784,50.765934],[72.32478,50.765897],[72.324838,50.765895],[72.324842,50.765932]]]}},{"type":"Feature","properties":{"id":"c23f9ed1-1c3e-441e-9c2b-75aa49342a37","source":"Microsoft ML Buildings"},"geometry":{"type":"Polygon","coordinates":[[[72.324925,50.765869],[72.324799,50.765871],[72.324796,50.765781],[72.324922,50.765779],[72.324925,50.765869]]]}},{"type":"Feature","properties":{"id":"35e4017f-9a3a-4661-9c72-a0fc36822d2c","source":"Microsoft ML Buildings"},"geometry":{"type":"Polygon","coordinates":[[[72.32481,50.766243],[72.324765,50.766242],[72.324771,50.76617],[72.324997,50.766177],[72.32499,50.766276],[72.324808,50.766271],[72.32481,50.766243]]]}},{"type":"Feature","properties":{"id":"49e255c4-db54-46f8-96f6-cbd397766a33","source":"Microsoft ML Buildings"},"geometry":{"type":"Polygon","coordinates":[[[72.324655,50.76539],[72.324653,50.765327],[72.324728,50.765326],[72.32473,50.765389],[72.324655,50.76539]]]}},{"type":"Feature","properties":{"id":"83819b48-2532-43a4-a8f1-dfb859a8a62a","source":"Microsoft ML Buildings"},"geometry":{"type":"Polygon","coordinates":[[[72.324769,50.765563],[72.324671,50.765565],[72.324666,50.765482],[72.324765,50.765479],[72.324769,50.765563]]]}},{"type":"Feature","properties":{"id":"a0efe7c8-7b41-483f-9fd0-4d99e8e0985c","source":"Microsoft ML Buildings"},"geometry":{"type":"Polygon","coordinates":[[[72.324506,50.763688],[72.324555,50.763686],[72.324572,50.763851],[72.324379,50.763859],[72.324361,50.763692],[72.32438,50.763692],[72.32437,50.763598],[72.324495,50.763593],[72.324506,50.763688]]]}},{"type":"Feature","properties":{"id":"31b4236c-8fd4-4b1f-87b5-68a69bda73b0","source":"OpenStreetMap"},"geometry":{"type":"Polygon","coordinates":[[[72.325099,50.763539],[72.32415,50.763605],[72.324126,50.763466],[72.325075,50.763401],[72.325099,50.763539]]]}},{"type":"Feature","properties":{"id":"d60bfaf6-a6c8-4aaf-abc6-38a856fa08be","source":"Microsoft ML Buildings"},"geometry":{"type":"Polygon","coordinates":[[[72.325037,50.762187],[72.325204,50.762175],[72.325242,50.762381],[72.325076,50.762393],[72.325037,50.762187]]]}},{"type":"Feature","properties":{"id":"d2e892fa-9043-4dee-8d54-679577ee82e2","source":"Microsoft ML Buildings"},"geometry":{"type":"Polygon","coordinates":[[[72.325124,50.762698],[72.325121,50.762645],[72.325174,50.762644],[72.325176,50.762698],[72.325124,50.762698]]]}},{"type":"Feature","properties":{"id":"478625b8-94dc-4e9a-8b17-c8219161106f","source":"Microsoft ML Buildings"},"geometry":{"type":"Polygon","coordinates":[[[72.325226,50.762691],[72.32518,50.762692],[72.325178,50.762659],[72.325224,50.762657],[72.325226,50.762691]]]}},{"type":"Feature","properties":{"id":"3717dffd-9163-4e78-a74b-987fec25afa9","source":"Microsoft ML Buildings"},"geometry":{"type":"Polygon","coordinates":[[[72.325176,50.762452],[72.325314,50.762443],[72.325323,50.762498],[72.325185,50.762507],[72.325176,50.762452]]]}},{"type":"Feature","properties":{"id":"564ced8f-6284-4b9e-9733-36ceffdb2184","source":"Microsoft ML Buildings"},"geometry":{"type":"Polygon","coordinates":[[[72.325475,50.762248],[72.325538,50.762242],[72.325559,50.762331],[72.325349,50.762351],[72.325329,50.762265],[72.325373,50.76226],[72.325351,50.762165],[72.325453,50.762155],[72.325475,50.762248]]]}},{"type":"Feature","properties":{"id":"6f824ed3-5e66-4bac-aa2e-3a117ee0d59c","source":"Microsoft ML Buildings"},"geometry":{"type":"Polygon","coordinates":[[[72.325273,50.76294],[72.325361,50.762936],[72.32537,50.763012],[72.325205,50.76302],[72.325177,50.762795],[72.325341,50.762787],[72.325352,50.76287],[72.325265,50.762875],[72.325273,50.76294]]]}},{"type":"Feature","properties":{"id":"4aff3c4e-a789-4107-a0a9-2efc9f099bf5","source":"Microsoft ML Buildings"},"geometry":{"type":"Polygon","coordinates":[[[72.325179,50.763822],[72.325179,50.763706],[72.32538,50.763706],[72.32538,50.763822],[72.325179,50.763822]]]}},{"type":"Feature","properties":{"id":"8743e5bb-e60f-43cd-b5a2-ea602cd921a6","source":"Microsoft ML Buildings"},"geometry":{"type":"Polygon","coordinates":[[[72.325585,50.76362],[72.32565,50.763622],[72.325647,50.763652],[72.325582,50.76365],[72.325585,50.76362]]]}},{"type":"Feature","properties":{"id":"1496e0a3-258b-4e44-9bfc-14d41d640c0f","source":"Microsoft ML Buildings"},"geometry":{"type":"Polygon","coordinates":[[[72.325579,50.763513],[72.325578,50.763464],[72.325671,50.763463],[72.325672,50.763512],[72.325579,50.763513]]]}},{"type":"Feature","properties":{"id":"8030fa15-b005-4763-b516-54da1f49997e","source":"Microsoft ML Buildings"},"geometry":{"type":"Polygon","coordinates":[[[72.325677,50.762757],[72.325709,50.762756],[72.325706,50.762731],[72.325829,50.762726],[72.325857,50.762984],[72.325702,50.762991],[72.325677,50.762757]]]}},{"type":"Feature","properties":{"id":"d5a7e963-22de-4c59-b4dd-453a9352772a","source":"Microsoft ML Buildings"},"geometry":{"type":"Polygon","coordinates":[[[72.325551,50.763029],[72.325645,50.763027],[72.325647,50.763069],[72.325553,50.763071],[72.325551,50.763029]]]}},{"type":"Feature","properties":{"id":"584242fe-2e42-47f6-b0ee-3adf4c58e0b0","source":"Microsoft ML Buildings"},"geometry":{"type":"Polygon","coordinates":[[[72.325386,50.762679],[72.325379,50.762621],[72.325722,50.762604],[72.325719,50.762581],[72.325832,50.762576],[72.325845,50.762678],[72.325477,50.762696],[72.325474,50.762675],[72.325386,50.762679]]]}},{"type":"Feature","properties":{"id":"9361120e-1910-4fff-b108-29d72958c54c","source":"Microsoft ML Buildings"},"geometry":{"type":"Polygon","coordinates":[[[72.325652,50.762274],[72.325603,50.762285],[72.325582,50.762248],[72.325631,50.762237],[72.325652,50.762274]]]}},{"type":"Feature","properties":{"id":"0a6f82e0-09c1-490f-a9ff-0ead664e29db","source":"Microsoft ML Buildings"},"geometry":{"type":"Polygon","coordinates":[[[72.325582,50.762421],[72.325657,50.762419],[72.32566,50.762465],[72.325585,50.762467],[72.325582,50.762421]]]}},{"type":"Feature","properties":{"id":"bffdb333-81d8-4d85-857d-a613cd170cb1","source":"Microsoft ML Buildings"},"geometry":{"type":"Polygon","coordinates":[[[72.325975,50.762975],[72.32606,50.762976],[72.326059,50.763024],[72.325973,50.763022],[72.325975,50.762975]]]}},{"type":"Feature","properties":{"id":"e9cd1768-95ac-4f9e-a542-0b270ef21075","source":"Microsoft ML Buildings"},"geometry":{"type":"Polygon","coordinates":[[[72.326019,50.76263],[72.326075,50.762626],[72.326069,50.762588],[72.326422,50.762568],[72.326428,50.762614],[72.32634,50.762619],[72.326343,50.762636],[72.32607,50.762651],[72.326073,50.762671],[72.326025,50.762673],[72.326019,50.76263]]]}},{"type":"Feature","properties":{"id":"cc16c8f2-a47c-4acf-be08-93a9745c7887","source":"Microsoft ML Buildings"},"geometry":{"type":"Polygon","coordinates":[[[72.326171,50.762747],[72.326325,50.762742],[72.326341,50.762951],[72.326187,50.762956],[72.326171,50.762747]]]}},{"type":"Feature","properties":{"id":"4c9f7402-ed92-4bc1-9bc7-4cd79f752b2e","source":"Microsoft ML Buildings"},"geometry":{"type":"Polygon","coordinates":[[[72.326456,50.763438],[72.326319,50.763442],[72.326312,50.763318],[72.326448,50.763315],[72.326456,50.763438]]]}},{"type":"Feature","properties":{"id":"430e9c66-ddc7-46ab-a796-52682224f8e4","source":"Microsoft ML Buildings"},"geometry":{"type":"Polygon","coordinates":[[[72.326329,50.763561],[72.326306,50.763502],[72.3265,50.763471],[72.326514,50.763506],[72.326444,50.763517],[72.326454,50.763541],[72.326329,50.763561]]]}},{"type":"Feature","properties":{"id":"39f7b76d-13ec-403b-9228-a773e541bf2f","source":"Microsoft ML Buildings"},"geometry":{"type":"Polygon","coordinates":[[[72.326302,50.763724],[72.326448,50.763726],[72.326446,50.763786],[72.3263,50.763784],[72.326302,50.763724]]]}},{"type":"Feature","properties":{"id":"b684a1bf-bb1f-423b-ac4b-e3b4ea18fbf1","source":"Microsoft ML Buildings"},"geometry":{"type":"Polygon","coordinates":[[[72.325775,50.763446],[72.325771,50.763351],[72.325962,50.763348],[72.325965,50.763443],[72.325775,50.763446]]]}},{"type":"Feature","properties":{"id":"ad6f89b7-e3a1-4f66-b9a0-7e12b7c9d3fe","source":"Microsoft ML Buildings"},"geometry":{"type":"Polygon","coordinates":[[[72.325862,50.763524],[72.325956,50.763521],[72.325962,50.763607],[72.325683,50.763614],[72.32568,50.763566],[72.325733,50.763565],[72.325731,50.763533],[72.325863,50.763529],[72.325862,50.763524]]]}},{"type":"Feature","properties":{"id":"6eadc03a-09fd-47cd-8243-078db8243590","source":"Microsoft ML Buildings"},"geometry":{"type":"Polygon","coordinates":[[[72.32587,50.765626],[72.325803,50.765634],[72.32579,50.765592],[72.325857,50.765583],[72.32587,50.765626]]]}},{"type":"Feature","properties":{"id":"39373351-313e-4aaf-97a4-fb3194de1ee7","source":"Microsoft ML Buildings"},"geometry":{"type":"Polygon","coordinates":[[[72.325975,50.765822],[72.325873,50.765829],[72.325865,50.765783],[72.325967,50.765777],[72.325975,50.765822]]]}},{"type":"Feature","properties":{"id":"970e6ee0-1e5a-4dea-9a35-e1150c7afc35","source":"Microsoft ML Buildings"},"geometry":{"type":"Polygon","coordinates":[[[72.32589,50.766218],[72.325885,50.766111],[72.326066,50.766108],[72.326071,50.766214],[72.32589,50.766218]]]}},{"type":"Feature","properties":{"id":"4c51f986-d454-44b6-be64-77807d0ccb64","source":"Microsoft ML Buildings"},"geometry":{"type":"Polygon","coordinates":[[[72.32607,50.765243],[72.326256,50.765237],[72.326263,50.765317],[72.326235,50.765318],[72.326238,50.765352],[72.32608,50.765358],[72.32607,50.765243]]]}},{"type":"Feature","properties":{"id":"26abf412-82b0-4f93-b3ff-21beb9bea080","source":"Microsoft ML Buildings"},"geometry":{"type":"Polygon","coordinates":[[[72.326103,50.765462],[72.326099,50.765414],[72.326318,50.765407],[72.326327,50.765512],[72.326228,50.765515],[72.326233,50.765567],[72.326121,50.765571],[72.326116,50.765514],[72.326073,50.765515],[72.326068,50.765463],[72.326103,50.765462]]]}},{"type":"Feature","properties":{"id":"0746aecb-9c6f-4d16-bf78-f8df5a45dc24","source":"Microsoft ML Buildings"},"geometry":{"type":"Polygon","coordinates":[[[72.326212,50.766054],[72.326275,50.766056],[72.326273,50.766102],[72.32621,50.766101],[72.326212,50.766054]]]}},{"type":"Feature","properties":{"id":"c50f7a63-029d-4c51-8225-637a570883d3","source":"Microsoft ML Buildings"},"geometry":{"type":"Polygon","coordinates":[[[72.32663,50.764673],[72.326104,50.764689],[72.32609,50.764508],[72.326637,50.764491],[72.326647,50.764613],[72.326625,50.764613],[72.32663,50.764673]]]}},{"type":"Feature","properties":{"id":"35eefb4a-599b-405a-a52f-0ae3a48bbe5a","source":"Microsoft ML Buildings"},"geometry":{"type":"Polygon","coordinates":[[[72.326493,50.764219],[72.326471,50.76422],[72.326474,50.764312],[72.326431,50.764313],[72.326426,50.76415],[72.326491,50.764149],[72.326493,50.764219]]]}},{"type":"Feature","properties":{"id":"f23c2458-cd07-4d5a-8fd3-450c88a4681a","source":"Microsoft ML Buildings"},"geometry":{"type":"Polygon","coordinates":[[[72.32648,50.764347],[72.326475,50.76422],[72.326638,50.764217],[72.326644,50.764344],[72.32648,50.764347]]]}},{"type":"Feature","properties":{"id":"a0f0d3bf-45e2-4845-814a-cb8df6d3b363","source":"Microsoft ML Buildings"},"geometry":{"type":"Polygon","coordinates":[[[72.326701,50.764962],[72.326523,50.76498],[72.326517,50.764956],[72.326695,50.764938],[72.326701,50.764962]]]}},{"type":"Feature","properties":{"id":"ef2cea35-2ac3-4fdb-8ac4-3c817370f7de","source":"Microsoft ML Buildings"},"geometry":{"type":"Polygon","coordinates":[[[72.326556,50.764864],[72.326562,50.764702],[72.326664,50.764704],[72.326658,50.764866],[72.326556,50.764864]]]}},{"type":"Feature","properties":{"id":"55735fb5-e84c-4374-953c-fdefae90afc1","source":"Microsoft ML Buildings"},"geometry":{"type":"Polygon","coordinates":[[[72.326544,50.765327],[72.326539,50.76522],[72.326587,50.76522],[72.326592,50.765327],[72.326544,50.765327]]]}},{"type":"Feature","properties":{"id":"b4c00d26-277f-4a58-9717-6a0d0593e7d0","source":"Microsoft ML Buildings"},"geometry":{"type":"Polygon","coordinates":[[[72.326456,50.765731],[72.326454,50.765705],[72.326558,50.765701],[72.32656,50.765728],[72.326456,50.765731]]]}},{"type":"Feature","properties":{"id":"af937b9c-e6ca-49a9-b6ef-2db1a53d4c44","source":"Microsoft ML Buildings"},"geometry":{"type":"Polygon","coordinates":[[[72.326591,50.765859],[72.326588,50.765777],[72.326682,50.765776],[72.326683,50.765803],[72.326805,50.765802],[72.326808,50.765904],[72.326555,50.765908],[72.326554,50.765859],[72.326591,50.765859]]]}},{"type":"Feature","properties":{"id":"e8a41d06-328d-4361-94a8-7b1388e61a3d","source":"Microsoft ML Buildings"},"geometry":{"type":"Polygon","coordinates":[[[72.326534,50.76614],[72.326795,50.766143],[72.326792,50.766236],[72.326532,50.766233],[72.326534,50.76614]]]}},{"type":"Feature","properties":{"id":"dc9d788d-ba94-487f-88aa-0ba328c38b2d","source":"Microsoft ML Buildings"},"geometry":{"type":"Polygon","coordinates":[[[72.326628,50.766013],[72.326772,50.766011],[72.326777,50.766135],[72.326633,50.766137],[72.326628,50.766013]]]}},{"type":"Feature","properties":{"id":"44371fc0-995e-42ea-b386-bb906bcd40e7","source":"Microsoft ML Buildings"},"geometry":{"type":"Polygon","coordinates":[[[72.326677,50.765636],[72.326673,50.765584],[72.326775,50.765581],[72.326778,50.765633],[72.326677,50.765636]]]}},{"type":"Feature","properties":{"id":"85242822-cb13-473a-ac9e-72a0e12654c6","source":"Microsoft ML Buildings"},"geometry":{"type":"Polygon","coordinates":[[[72.326842,50.765323],[72.326598,50.765332],[72.326587,50.765212],[72.326799,50.765204],[72.326795,50.765163],[72.327039,50.765154],[72.327045,50.765225],[72.327016,50.765225],[72.327022,50.765287],[72.326877,50.765292],[72.326872,50.765236],[72.326835,50.765237],[72.326842,50.765323]]]}},{"type":"Feature","properties":{"id":"b1dda817-93bb-4f4a-a9f5-b2a7491ba4bd","source":"Microsoft ML Buildings"},"geometry":{"type":"Polygon","coordinates":[[[72.327019,50.765568],[72.327021,50.765623],[72.326872,50.765625],[72.32687,50.765569],[72.327019,50.765568]]]}},{"type":"Feature","properties":{"id":"65278aec-9a01-44f0-a119-b7c562ee53bf","source":"Microsoft ML Buildings"},"geometry":{"type":"Polygon","coordinates":[[[72.326748,50.765447],[72.326745,50.765427],[72.327004,50.765413],[72.327014,50.765494],[72.326854,50.765502],[72.32685,50.765468],[72.326798,50.765471],[72.326805,50.765524],[72.326751,50.765527],[72.326755,50.76556],[72.326675,50.765564],[72.326671,50.765536],[72.326602,50.76554],[72.326591,50.765455],[72.326748,50.765447]]]}},{"type":"Feature","properties":{"id":"e8e86a32-5a68-486a-b887-262acb97209a","source":"Microsoft ML Buildings"},"geometry":{"type":"Polygon","coordinates":[[[72.326792,50.765715],[72.327022,50.76571],[72.327026,50.765797],[72.326797,50.765802],[72.326792,50.765715]]]}},{"type":"Feature","properties":{"id":"bc1efc7c-3ac2-4761-a54d-3a5344daa6ed","source":"Microsoft ML Buildings"},"geometry":{"type":"Polygon","coordinates":[[[72.326975,50.766209],[72.326975,50.766243],[72.326879,50.766244],[72.326873,50.766041],[72.327032,50.76604],[72.327036,50.766208],[72.326975,50.766209]]]}},{"type":"Feature","properties":{"id":"fc90c49e-008a-46a6-bad0-a8e0056c61f3","source":"Microsoft ML Buildings"},"geometry":{"type":"Polygon","coordinates":[[[72.32702,50.765523],[72.326904,50.765532],[72.326898,50.765504],[72.327014,50.765495],[72.32702,50.765523]]]}},{"type":"Feature","properties":{"id":"b00f9c4a-8cc2-457a-9125-5b71afd60186","source":"Microsoft ML Buildings"},"geometry":{"type":"Polygon","coordinates":[[[72.326976,50.764933],[72.326974,50.764891],[72.327066,50.764889],[72.327068,50.764931],[72.326976,50.764933]]]}},{"type":"Feature","properties":{"id":"cede90ac-ee52-4fab-ab98-a95397e8941d","source":"Microsoft ML Buildings"},"geometry":{"type":"Polygon","coordinates":[[[72.327036,50.764772],[72.327033,50.764867],[72.326813,50.764864],[72.326816,50.764769],[72.327036,50.764772]]]}},{"type":"Feature","properties":{"id":"a6a6fb0a-fb92-4ecf-ab8d-2db0f626afcb","source":"Microsoft ML Buildings"},"geometry":{"type":"Polygon","coordinates":[[[72.326958,50.7643],[72.32691,50.764301],[72.326912,50.764329],[72.326794,50.764333],[72.326788,50.76425],[72.326719,50.764252],[72.326716,50.764212],[72.326951,50.764205],[72.326958,50.7643]]]}},{"type":"Feature","properties":{"id":"d95f5224-fab2-4651-a56f-1268787b2e77","source":"Microsoft ML Buildings"},"geometry":{"type":"Polygon","coordinates":[[[72.326799,50.763445],[72.327035,50.763432],[72.327041,50.763478],[72.326948,50.763483],[72.326951,50.763505],[72.326752,50.763515],[72.326746,50.763476],[72.326803,50.763473],[72.326799,50.763445]]]}},{"type":"Feature","properties":{"id":"bbe84cd3-d79a-479a-bf74-1d0f4f247829","source":"Microsoft ML Buildings"},"geometry":{"type":"Polygon","coordinates":[[[72.326901,50.763377],[72.326725,50.763382],[72.326718,50.763291],[72.326895,50.763286],[72.326901,50.763377]]]}},{"type":"Feature","properties":{"id":"5a4d8b01-bebc-42e0-953f-67aab8fe47d3","source":"Microsoft ML Buildings"},"geometry":{"type":"Polygon","coordinates":[[[72.326737,50.763823],[72.326731,50.763701],[72.326916,50.763698],[72.326922,50.763819],[72.326737,50.763823]]]}},{"type":"Feature","properties":{"id":"2c85a62f-f417-4b40-a742-2d5ab88fd7cd","source":"Microsoft ML Buildings"},"geometry":{"type":"Polygon","coordinates":[[[72.326751,50.764036],[72.326743,50.763958],[72.326921,50.763951],[72.326934,50.764071],[72.326779,50.764078],[72.326774,50.764035],[72.326751,50.764036]]]}},{"type":"Feature","properties":{"id":"241b15b3-5dff-4508-a768-ef74ff9b207e","source":"Microsoft ML Buildings"},"geometry":{"type":"Polygon","coordinates":[[[72.326622,50.763965],[72.32672,50.763963],[72.326721,50.763993],[72.326623,50.763995],[72.326622,50.763965]]]}},{"type":"Feature","properties":{"id":"22c3a829-d9a8-45c0-8d4c-40a3cec066e5","source":"Microsoft ML Buildings"},"geometry":{"type":"Polygon","coordinates":[[[72.326467,50.763963],[72.32662,50.763962],[72.326622,50.76409],[72.326474,50.764091],[72.326473,50.764035],[72.326392,50.764035],[72.32639,50.763902],[72.326457,50.763902],[72.326456,50.763844],[72.326605,50.763843],[72.326605,50.763884],[72.326526,50.763884],[72.326527,50.76393],[72.326466,50.76393],[72.326467,50.763963]]]}},{"type":"Feature","properties":{"id":"fc34024f-6de7-4e81-ab61-5714db0c25f5","source":"Microsoft ML Buildings"},"geometry":{"type":"Polygon","coordinates":[[[72.326595,50.76373],[72.326601,50.763808],[72.326456,50.763812],[72.326449,50.763714],[72.326535,50.763712],[72.326536,50.763732],[72.326595,50.76373]]]}},{"type":"Feature","properties":{"id":"2ac5f54b-72ac-4181-9036-aa6abed14555","source":"Microsoft ML Buildings"},"geometry":{"type":"Polygon","coordinates":[[[72.326531,50.763899],[72.326617,50.763897],[72.326618,50.763924],[72.326532,50.763926],[72.326531,50.763899]]]}},{"type":"Feature","properties":{"id":"38d2d106-71be-4415-aef7-6ce30fb86067","source":"Microsoft ML Buildings"},"geometry":{"type":"Polygon","coordinates":[[[72.326698,50.763453],[72.326617,50.763464],[72.326603,50.763424],[72.326684,50.763412],[72.326698,50.763453]]]}},{"type":"Feature","properties":{"id":"daea3b50-275b-4823-a267-8d8276109f6f","source":"Microsoft ML Buildings"},"geometry":{"type":"Polygon","coordinates":[[[72.326703,50.76352],[72.326652,50.763523],[72.326645,50.763467],[72.326696,50.763465],[72.326703,50.76352]]]}},{"type":"Feature","properties":{"id":"61d103c6-e1d2-48e6-a291-55074c048e9e","source":"Microsoft ML Buildings"},"geometry":{"type":"Polygon","coordinates":[[[72.326673,50.762921],[72.32664,50.762694],[72.326767,50.762687],[72.326771,50.762717],[72.326808,50.762715],[72.326831,50.762877],[72.326863,50.762875],[72.326868,50.76291],[72.326673,50.762921]]]}},{"type":"Feature","properties":{"id":"4db27d0e-610b-42b0-bd6f-aa03c345e0fc","source":"Microsoft ML Buildings"},"geometry":{"type":"Polygon","coordinates":[[[72.326509,50.762872],[72.326434,50.762873],[72.326432,50.762833],[72.326507,50.762831],[72.326509,50.762872]]]}},{"type":"Feature","properties":{"id":"446a6aa9-79cf-4900-9ed5-ff4c7368c343","source":"Microsoft ML Buildings"},"geometry":{"type":"Polygon","coordinates":[[[72.326576,50.762818],[72.326655,50.762816],[72.326656,50.762842],[72.326578,50.762844],[72.326576,50.762818]]]}},{"type":"Feature","properties":{"id":"bed7f604-2759-4548-bc33-7368b592bc28","source":"Microsoft ML Buildings"},"geometry":{"type":"Polygon","coordinates":[[[72.326519,50.762216],[72.326515,50.762147],[72.326691,50.762144],[72.326698,50.762309],[72.326569,50.762312],[72.326564,50.762215],[72.326519,50.762216]]]}},{"type":"Feature","properties":{"id":"3aa36ebd-af9d-4292-aeea-0f69952d37f3","source":"Microsoft ML Buildings"},"geometry":{"type":"Polygon","coordinates":[[[72.326897,50.762604],[72.326833,50.762608],[72.326837,50.762633],[72.326601,50.762648],[72.326592,50.762593],[72.326634,50.76259],[72.326627,50.762543],[72.326884,50.762526],[72.326897,50.762604]]]}},{"type":"Feature","properties":{"id":"8ec41233-dfcb-41aa-8882-ee41305dad81","source":"Microsoft ML Buildings"},"geometry":{"type":"Polygon","coordinates":[[[72.326754,50.76207],[72.326621,50.762075],[72.326609,50.761949],[72.326705,50.761945],[72.326709,50.761986],[72.326746,50.761984],[72.326754,50.76207]]]}},{"type":"Feature","properties":{"id":"9aae047e-37c4-4e89-96ca-6c9bdcf27dd4","source":"Microsoft ML Buildings"},"geometry":{"type":"Polygon","coordinates":[[[72.32647,50.762127],[72.32651,50.76213],[72.326504,50.762163],[72.326464,50.76216],[72.32647,50.762127]]]}},{"type":"Feature","properties":{"id":"63675c41-c759-482d-8307-3f42ed5249ee","source":"Microsoft ML Buildings"},"geometry":{"type":"Polygon","coordinates":[[[72.326491,50.761997],[72.326414,50.761997],[72.326414,50.761972],[72.326491,50.761973],[72.326491,50.761997]]]}},{"type":"Feature","properties":{"id":"a0a50a82-1302-4a7c-ae77-0e9fe7c32d4e","source":"Microsoft ML Buildings"},"geometry":{"type":"Polygon","coordinates":[[[72.326586,50.76189],[72.32641,50.761918],[72.326368,50.761812],[72.326516,50.761788],[72.326547,50.761864],[72.326573,50.76186],[72.326586,50.76189]]]}},{"type":"Feature","properties":{"id":"8e73657a-324f-429b-b40e-eb1e3263849d","source":"Microsoft ML Buildings"},"geometry":{"type":"Polygon","coordinates":[[[72.326599,50.761612],[72.326493,50.761618],[72.326483,50.761555],[72.326589,50.761549],[72.326599,50.761612]]]}},{"type":"Feature","properties":{"id":"ad3bff0b-dd2b-404f-a84d-07de1118ac8d","source":"Microsoft ML Buildings"},"geometry":{"type":"Polygon","coordinates":[[[72.325821,50.759543],[72.325857,50.759535],[72.32589,50.759596],[72.325854,50.759603],[72.325821,50.759543]]]}},{"type":"Feature","properties":{"id":"8e9dd188-c97e-4c5e-9457-828179330c05","source":"Microsoft ML Buildings"},"geometry":{"type":"Polygon","coordinates":[[[72.325978,50.760075],[72.325844,50.760086],[72.325802,50.759887],[72.325889,50.75988],[72.325895,50.759909],[72.325974,50.759902],[72.326003,50.76004],[72.325971,50.760043],[72.325978,50.760075]]]}},{"type":"Feature","properties":{"id":"6e465bc2-dd20-42d0-b2c1-043263e60291","source":"Microsoft ML Buildings"},"geometry":{"type":"Polygon","coordinates":[[[72.325857,50.760326],[72.326018,50.760323],[72.326024,50.760425],[72.325863,50.760429],[72.325857,50.760326]]]}},{"type":"Feature","properties":{"id":"dd87da88-1895-46f3-b415-8c856728aae9","source":"Microsoft ML Buildings"},"geometry":{"type":"Polygon","coordinates":[[[72.32581,50.76074],[72.325776,50.760742],[72.325756,50.760618],[72.325868,50.760611],[72.325872,50.76064],[72.325933,50.760637],[72.325942,50.760693],[72.325974,50.760691],[72.325988,50.760783],[72.325909,50.760788],[72.32591,50.760798],[72.32582,50.760804],[72.32581,50.76074]]]}},{"type":"Feature","properties":{"id":"440b1f5d-60c7-4c18-b903-01768b39c7d1","source":"Microsoft ML Buildings"},"geometry":{"type":"Polygon","coordinates":[[[72.326109,50.761247],[72.326002,50.761261],[72.32591,50.760991],[72.326016,50.760977],[72.326109,50.761247]]]}},{"type":"Feature","properties":{"id":"53012bc2-8c39-47fc-a560-b527cba48772","source":"Microsoft ML Buildings"},"geometry":{"type":"Polygon","coordinates":[[[72.326227,50.760738],[72.326185,50.760742],[72.326191,50.760768],[72.326067,50.760779],[72.326025,50.760577],[72.326123,50.760569],[72.326129,50.7606],[72.326198,50.760595],[72.326227,50.760738]]]}},{"type":"Feature","properties":{"id":"6a9a13a1-cf2b-4d25-b28e-d0a6ed6158db","source":"Microsoft ML Buildings"},"geometry":{"type":"Polygon","coordinates":[[[72.32618,50.761192],[72.326213,50.76119],[72.326218,50.761236],[72.326185,50.761237],[72.32618,50.761192]]]}},{"type":"Feature","properties":{"id":"cd1dd939-b076-4d8e-93b7-f7ed9f5e0fda","source":"Microsoft ML Buildings"},"geometry":{"type":"Polygon","coordinates":[[[72.326194,50.761071],[72.326129,50.761081],[72.32608,50.760959],[72.326226,50.760936],[72.326252,50.761001],[72.326171,50.761013],[72.326194,50.761071]]]}},{"type":"Feature","properties":{"id":"2dee505d-eb8a-4a5c-9cb2-43cbf2e8a3c9","source":"Microsoft ML Buildings"},"geometry":{"type":"Polygon","coordinates":[[[72.326063,50.761475],[72.326047,50.761417],[72.326363,50.761383],[72.326377,50.76143],[72.326435,50.761424],[72.326447,50.761465],[72.326359,50.761475],[72.326367,50.761504],[72.326203,50.761522],[72.326198,50.761504],[72.326157,50.761509],[72.326145,50.761466],[72.326063,50.761475]]]}},{"type":"Feature","properties":{"id":"2ba0dc09-4361-4b5d-b666-161bc602bd7b","source":"Microsoft ML Buildings"},"geometry":{"type":"Polygon","coordinates":[[[72.326242,50.762059],[72.326378,50.762056],[72.32638,50.76208],[72.326243,50.762084],[72.326242,50.762059]]]}},{"type":"Feature","properties":{"id":"524d28e9-866c-4694-abe8-8c5058ff9855","source":"Microsoft ML Buildings"},"geometry":{"type":"Polygon","coordinates":[[[72.326295,50.762145],[72.326289,50.762094],[72.326395,50.762089],[72.326424,50.762321],[72.326216,50.762332],[72.326194,50.76215],[72.32626,50.762146],[72.326295,50.762145]]]}},{"type":"Feature","properties":{"id":"f7ccfd46-c09f-4c28-b1d6-05f36a639ef3","source":"Microsoft ML Buildings"},"geometry":{"type":"Polygon","coordinates":[[[72.326336,50.76198],[72.326217,50.761983],[72.326214,50.761931],[72.326259,50.76193],[72.326252,50.761823],[72.326326,50.761821],[72.326336,50.76198]]]}},{"type":"Feature","properties":{"id":"7d905956-72e3-4209-ba1a-6e4eca547750","source":"Microsoft ML Buildings"},"geometry":{"type":"Polygon","coordinates":[[[72.325943,50.762252],[72.325948,50.76217],[72.326181,50.762176],[72.326179,50.76222],[72.326144,50.76222],[72.326142,50.762257],[72.325943,50.762252]]]}},{"type":"Feature","properties":{"id":"a03a9bba-8220-43e8-affd-5de4cc4748be","source":"Microsoft ML Buildings"},"geometry":{"type":"Polygon","coordinates":[[[72.326051,50.761591],[72.3261,50.761587],[72.326109,50.761629],[72.32606,50.761633],[72.326051,50.761591]]]}},{"type":"Feature","properties":{"id":"de3336ab-b38d-4416-86df-d2d9c88be616","source":"Microsoft ML Buildings"},"geometry":{"type":"Polygon","coordinates":[[[72.325944,50.761439],[72.326016,50.761429],[72.326036,50.761487],[72.325964,50.761497],[72.325944,50.761439]]]}},{"type":"Feature","properties":{"id":"900252c2-6190-481e-807b-71030c662f77","source":"Microsoft ML Buildings"},"geometry":{"type":"Polygon","coordinates":[[[72.325845,50.762067],[72.325838,50.762041],[72.325934,50.762031],[72.325941,50.762056],[72.325845,50.762067]]]}},{"type":"Feature","properties":{"id":"0544de99-6a42-4b33-8b97-c1b2ff60bbde","source":"Microsoft ML Buildings"},"geometry":{"type":"Polygon","coordinates":[[[72.325786,50.76046],[72.325685,50.760468],[72.325663,50.760356],[72.325764,50.760348],[72.325786,50.76046]]]}},{"type":"Feature","properties":{"id":"4b1c0194-e891-40fc-a2fe-ed6e84e7b9c2","source":"Microsoft ML Buildings"},"geometry":{"type":"Polygon","coordinates":[[[72.325664,50.760334],[72.325658,50.7603],[72.325736,50.760295],[72.325742,50.760328],[72.325664,50.760334]]]}},{"type":"Feature","properties":{"id":"ff853673-98e2-4995-b110-1054bd1bc7f7","source":"Microsoft ML Buildings"},"geometry":{"type":"Polygon","coordinates":[[[72.325235,50.761604],[72.325167,50.761606],[72.325163,50.761562],[72.325231,50.76156],[72.325235,50.761604]]]}},{"type":"Feature","properties":{"id":"8acd95d8-3f5c-49c2-a2b4-1fba997b372d","source":"Microsoft ML Buildings"},"geometry":{"type":"Polygon","coordinates":[[[72.3253,50.762175],[72.325346,50.76217],[72.325366,50.762257],[72.32532,50.762261],[72.3253,50.762175]]]}},{"type":"Feature","properties":{"id":"edad1496-3ada-4929-a96f-b76b01b3f41a","source":"Microsoft ML Buildings"},"geometry":{"type":"Polygon","coordinates":[[[72.32525,50.761777],[72.325157,50.761798],[72.325138,50.761766],[72.325232,50.761745],[72.32525,50.761777]]]}},{"type":"Feature","properties":{"id":"0a22e9b2-2f14-48e8-8fcf-f5769be6ce91","source":"Microsoft ML Buildings"},"geometry":{"type":"Polygon","coordinates":[[[72.325083,50.76152],[72.325128,50.761513],[72.325197,50.761689],[72.325076,50.761708],[72.324983,50.761471],[72.325059,50.761459],[72.325083,50.76152]]]}},{"type":"Feature","properties":{"id":"16463ac9-a15e-4093-a08f-2500585994df","source":"Microsoft ML Buildings"},"geometry":{"type":"Polygon","coordinates":[[[72.324739,50.761656],[72.324768,50.761651],[72.324736,50.761577],[72.324866,50.761555],[72.324956,50.761762],[72.324798,50.76179],[72.324739,50.761656]]]}},{"type":"Feature","properties":{"id":"74205327-75e2-499b-a91c-469cc07b0b26","source":"Microsoft ML Buildings"},"geometry":{"type":"Polygon","coordinates":[[[72.32473,50.761584],[72.324759,50.761637],[72.324734,50.761643],[72.324706,50.761589],[72.32473,50.761584]]]}},{"type":"Feature","properties":{"id":"6546edfc-518d-4ff9-94b7-feb92d362ea9","source":"Microsoft ML Buildings"},"geometry":{"type":"Polygon","coordinates":[[[72.32443,50.760348],[72.324507,50.760334],[72.324543,50.760414],[72.324466,50.760428],[72.32443,50.760348]]]}},{"type":"Feature","properties":{"id":"7ac738d3-e302-4fa6-8253-b45a6e5a72f9","source":"Microsoft ML Buildings"},"geometry":{"type":"Polygon","coordinates":[[[72.325065,50.759942],[72.324657,50.759999],[72.32462,50.759896],[72.325029,50.759839],[72.325065,50.759942]]]}},{"type":"Feature","properties":{"id":"976f640b-699d-4f0e-946c-c2db63a56031","source":"Microsoft ML Buildings"},"geometry":{"type":"Polygon","coordinates":[[[72.324676,50.759854],[72.324623,50.759864],[72.324572,50.759753],[72.324857,50.759701],[72.324885,50.759759],[72.32496,50.759745],[72.324975,50.759778],[72.324865,50.759799],[72.324872,50.759813],[72.324805,50.759825],[72.324788,50.759787],[72.324717,50.7598],[72.324744,50.75986],[72.324684,50.759871],[72.324676,50.759854]]]}},{"type":"Feature","properties":{"id":"cba2d5bf-b4c1-489a-866f-c4084a1b68c4","source":"Microsoft ML Buildings"},"geometry":{"type":"Polygon","coordinates":[[[72.324668,50.758967],[72.324623,50.758895],[72.324675,50.758882],[72.32472,50.758954],[72.324668,50.758967]]]}},{"type":"Feature","properties":{"id":"2d0310f6-7a71-4a93-84c6-f6180b6253d3","source":"Microsoft ML Buildings"},"geometry":{"type":"Polygon","coordinates":[[[72.324453,50.759067],[72.324426,50.759007],[72.324532,50.758988],[72.324558,50.759048],[72.324453,50.759067]]]}},{"type":"Feature","properties":{"id":"07b715b6-a9b5-4568-ad42-46ec1fc8c0bc","source":"Microsoft ML Buildings"},"geometry":{"type":"Polygon","coordinates":[[[72.324684,50.758728],[72.324593,50.758755],[72.324509,50.75864],[72.324734,50.758574],[72.324848,50.75873],[72.324714,50.758769],[72.324684,50.758728]]]}},{"type":"Feature","properties":{"id":"b4271bda-09c1-4443-b623-ef20dafaf142","source":"Microsoft ML Buildings"},"geometry":{"type":"Polygon","coordinates":[[[72.325027,50.758548],[72.324977,50.758563],[72.325011,50.758607],[72.324884,50.758646],[72.324797,50.758531],[72.324973,50.758478],[72.325027,50.758548]]]}},{"type":"Feature","properties":{"id":"191181d9-825e-494d-817a-6ae8c9e91708","source":"Microsoft ML Buildings"},"geometry":{"type":"Polygon","coordinates":[[[72.324974,50.758984],[72.32503,50.758976],[72.325061,50.759059],[72.324717,50.75911],[72.324671,50.758988],[72.324818,50.758966],[72.324776,50.758854],[72.324836,50.758845],[72.324878,50.75896],[72.324961,50.758948],[72.324974,50.758984]]]}},{"type":"Feature","properties":{"id":"b21c89c1-a0f1-4b7b-9058-1dd8d3116971","source":"Microsoft ML Buildings"},"geometry":{"type":"Polygon","coordinates":[[[72.325166,50.759221],[72.324834,50.759277],[72.32479,50.759173],[72.325122,50.759117],[72.325166,50.759221]]]}},{"type":"Feature","properties":{"id":"a630de09-59d9-4693-8c10-757e379a1148","source":"Microsoft ML Buildings"},"geometry":{"type":"Polygon","coordinates":[[[72.325289,50.758955],[72.32525,50.758834],[72.325384,50.758817],[72.325423,50.758938],[72.325289,50.758955]]]}},{"type":"Feature","properties":{"id":"05d9ecc3-b718-4346-9e2f-7249aed8f458","source":"Microsoft ML Buildings"},"geometry":{"type":"Polygon","coordinates":[[[72.325183,50.759741],[72.325144,50.759745],[72.325136,50.759712],[72.325175,50.759708],[72.325183,50.759741]]]}},{"type":"Feature","properties":{"id":"abd9a0ae-c165-445d-b63e-2b6ca71d70db","source":"Microsoft ML Buildings"},"geometry":{"type":"Polygon","coordinates":[[[72.325569,50.759706],[72.325601,50.759774],[72.325351,50.75982],[72.325368,50.759858],[72.325281,50.759874],[72.325238,50.759778],[72.325363,50.759755],[72.325358,50.759744],[72.325569,50.759706]]]}},{"type":"Feature","properties":{"id":"74129f72-29a0-475c-bccd-d3a920529840","source":"Microsoft ML Buildings"},"geometry":{"type":"Polygon","coordinates":[[[72.325468,50.759625],[72.3255,50.759618],[72.325518,50.759655],[72.325215,50.759715],[72.32517,50.759623],[72.325441,50.75957],[72.325468,50.759625]]]}},{"type":"Feature","properties":{"id":"55f0d4e7-9c2f-4673-8d5e-12a74afc866e","source":"Microsoft ML Buildings"},"geometry":{"type":"Polygon","coordinates":[[[72.325453,50.760086],[72.325452,50.760061],[72.325514,50.76006],[72.325515,50.760085],[72.325453,50.760086]]]}},{"type":"Feature","properties":{"id":"d8063a3b-982d-4895-b4de-78c82a1aa888","source":"Microsoft ML Buildings"},"geometry":{"type":"Polygon","coordinates":[[[72.32555,50.760146],[72.325497,50.759938],[72.325677,50.75992],[72.32573,50.760127],[72.32555,50.760146]]]}},{"type":"Feature","properties":{"id":"dd20c668-7445-4e91-8eac-1b4f1f655015","source":"Microsoft ML Buildings"},"geometry":{"type":"Polygon","coordinates":[[[72.325586,50.759835],[72.325636,50.759831],[72.325641,50.759856],[72.325591,50.75986],[72.325586,50.759835]]]}},{"type":"Feature","properties":{"id":"4bc350bb-0751-49fa-8a2d-794dc619c99d","source":"Microsoft ML Buildings"},"geometry":{"type":"Polygon","coordinates":[[[72.325774,50.760162],[72.32578,50.760235],[72.32558,50.76024],[72.325578,50.760208],[72.32561,50.760207],[72.325607,50.760167],[72.325774,50.760162]]]}},{"type":"Feature","properties":{"id":"bc23b93b-7f7e-4fd6-8329-211d1acaaa80","source":"Microsoft ML Buildings"},"geometry":{"type":"Polygon","coordinates":[[[72.325631,50.759523],[72.325796,50.759493],[72.325871,50.759659],[72.325706,50.759689],[72.325631,50.759523]]]}},{"type":"Feature","properties":{"id":"b347e472-43e8-4c15-b3d6-ad1b4297072e","source":"Microsoft ML Buildings"},"geometry":{"type":"Polygon","coordinates":[[[72.325606,50.759139],[72.325419,50.759164],[72.325377,50.759041],[72.325498,50.759025],[72.32552,50.759091],[72.325587,50.759082],[72.325606,50.759139]]]}},{"type":"Feature","properties":{"id":"930ee5ca-cbd3-43e9-bef4-12f8109fc4e0","source":"Microsoft ML Buildings"},"geometry":{"type":"Polygon","coordinates":[[[72.325546,50.755473],[72.32548,50.755358],[72.325623,50.755325],[72.325689,50.755441],[72.325546,50.755473]]]}},{"type":"Feature","properties":{"id":"a2a80780-6faf-4a74-80ca-9071b985eb0c","source":"Microsoft ML Buildings"},"geometry":{"type":"Polygon","coordinates":[[[72.326381,50.754672],[72.326506,50.754806],[72.325179,50.755305],[72.325054,50.755171],[72.326381,50.754672]]]}},{"type":"Feature","properties":{"id":"c09cf338-1377-490c-82c8-20705533ecfd","source":"Microsoft ML Buildings"},"geometry":{"type":"Polygon","coordinates":[[[72.326206,50.755542],[72.326029,50.755618],[72.325952,50.755545],[72.326075,50.755493],[72.326091,50.755508],[72.326145,50.755485],[72.326206,50.755542]]]}},{"type":"Feature","properties":{"id":"0d5e56fc-ea44-4b20-865c-db4973d86bda","source":"Microsoft ML Buildings"},"geometry":{"type":"Polygon","coordinates":[[[72.326077,50.755402],[72.326132,50.755482],[72.325972,50.755526],[72.325918,50.755446],[72.326077,50.755402]]]}},{"type":"Feature","properties":{"id":"d348069b-6814-4fee-a1c1-122a7b7f000c","source":"Microsoft ML Buildings"},"geometry":{"type":"Polygon","coordinates":[[[72.326055,50.75532],[72.325999,50.755342],[72.32601,50.755353],[72.325768,50.75545],[72.325704,50.755385],[72.325967,50.755281],[72.326014,50.755328],[72.326049,50.755314],[72.326055,50.75532]]]}},{"type":"Feature","properties":{"id":"2984e56b-9e6d-4cc7-9ecf-ac85567ce71e","source":"Microsoft ML Buildings"},"geometry":{"type":"Polygon","coordinates":[[[72.32597,50.755682],[72.325909,50.755703],[72.325928,50.755724],[72.325849,50.755752],[72.325731,50.755622],[72.325871,50.755572],[72.32597,50.755682]]]}},{"type":"Feature","properties":{"id":"846576fc-1619-42bf-b403-12732277e067","source":"Microsoft ML Buildings"},"geometry":{"type":"Polygon","coordinates":[[[72.326493,50.75637],[72.326633,50.756321],[72.326731,50.756432],[72.326591,50.756481],[72.326493,50.75637]]]}},{"type":"Feature","properties":{"id":"9811911d-ec74-42f3-b44a-802e3c9072bd","source":"Microsoft ML Buildings"},"geometry":{"type":"Polygon","coordinates":[[[72.326925,50.756684],[72.326827,50.756719],[72.326806,50.756694],[72.326903,50.756659],[72.326925,50.756684]]]}},{"type":"Feature","properties":{"id":"89a83496-b3c4-4d75-a830-e441f3250d3c","source":"Microsoft ML Buildings"},"geometry":{"type":"Polygon","coordinates":[[[72.326855,50.756253],[72.326907,50.756235],[72.326963,50.756299],[72.326792,50.756359],[72.326722,50.756279],[72.326841,50.756237],[72.326855,50.756253]]]}},{"type":"Feature","properties":{"id":"54984f2b-cf3b-429b-b6fb-827707cb6021","source":"Microsoft ML Buildings"},"geometry":{"type":"Polygon","coordinates":[[[72.327132,50.756381],[72.327062,50.756408],[72.327016,50.756359],[72.327086,50.756332],[72.327132,50.756381]]]}},{"type":"Feature","properties":{"id":"1ae7082d-fe66-4cc6-ba50-68f9995a7b94","source":"Microsoft ML Buildings"},"geometry":{"type":"Polygon","coordinates":[[[72.326605,50.756092],[72.326541,50.756038],[72.326603,50.756008],[72.326668,50.756062],[72.326605,50.756092]]]}},{"type":"Feature","properties":{"id":"002b6dcc-a2b4-4bf9-b7e9-713bfc0c1668","source":"Microsoft ML Buildings"},"geometry":{"type":"Polygon","coordinates":[[[72.326655,50.755091],[72.326625,50.755063],[72.326667,50.755044],[72.326641,50.75502],[72.326723,50.754985],[72.326779,50.755038],[72.326655,50.755091]]]}},{"type":"Feature","properties":{"id":"2b2e5c79-969f-45e7-a7aa-2e0f8fc3835f","source":"Microsoft ML Buildings"},"geometry":{"type":"Polygon","coordinates":[[[72.326359,50.755097],[72.326594,50.755031],[72.326647,50.755105],[72.326413,50.755172],[72.326359,50.755097]]]}},{"type":"Feature","properties":{"id":"6e8cb44d-91bf-497a-b8ef-2bbfbcf045fa","source":"Microsoft ML Buildings"},"geometry":{"type":"Polygon","coordinates":[[[72.327147,50.761832],[72.327164,50.761789],[72.327197,50.761794],[72.32718,50.761837],[72.327147,50.761832]]]}},{"type":"Feature","properties":{"id":"14f37d4a-6e67-4c33-a60c-518a10018bd7","source":"Microsoft ML Buildings"},"geometry":{"type":"Polygon","coordinates":[[[72.327636,50.761724],[72.327637,50.761753],[72.327692,50.761752],[72.327693,50.761782],[72.327403,50.761787],[72.3274,50.761728],[72.327636,50.761724]]]}},{"type":"Feature","properties":{"id":"6b942a70-7955-4fbf-9ef7-b995e6efae7e","source":"Microsoft ML Buildings"},"geometry":{"type":"Polygon","coordinates":[[[72.32775,50.760661],[72.327822,50.760933],[72.327601,50.760957],[72.327529,50.760684],[72.32775,50.760661]]]}},{"type":"Feature","properties":{"id":"6a0fca91-8975-481c-8415-1f0b32d12705","source":"Microsoft ML Buildings"},"geometry":{"type":"Polygon","coordinates":[[[72.327651,50.761065],[72.327641,50.76097],[72.327678,50.760968],[72.327688,50.761064],[72.327651,50.761065]]]}},{"type":"Feature","properties":{"id":"428bd2de-f294-4db2-bf70-f08e4af1b71d","source":"Microsoft ML Buildings"},"geometry":{"type":"Polygon","coordinates":[[[72.328003,50.76202],[72.328084,50.762019],[72.328086,50.762064],[72.32822,50.762061],[72.328222,50.762116],[72.328075,50.762118],[72.328072,50.762069],[72.328005,50.76207],[72.328003,50.76202]]]}},{"type":"Feature","properties":{"id":"35e2e301-7f04-492b-9bd4-4ff954a0818e","source":"Microsoft ML Buildings"},"geometry":{"type":"Polygon","coordinates":[[[72.32797,50.761575],[72.328257,50.761539],[72.328276,50.761601],[72.32799,50.761637],[72.32797,50.761575]]]}},{"type":"Feature","properties":{"id":"3c8b5d78-d295-4188-a90e-ac16f730298a","source":"Microsoft ML Buildings"},"geometry":{"type":"Polygon","coordinates":[[[72.328244,50.761378],[72.328409,50.761357],[72.328426,50.761411],[72.32826,50.761432],[72.328244,50.761378]]]}},{"type":"Feature","properties":{"id":"9e3b7c02-857c-4dca-b1f2-25de40ec3d66","source":"Microsoft ML Buildings"},"geometry":{"type":"Polygon","coordinates":[[[72.328663,50.758467],[72.32866,50.75845],[72.328891,50.758434],[72.328894,50.75845],[72.328663,50.758467]]]}},{"type":"Feature","properties":{"id":"a2581ee5-7c93-498f-a115-ce3a20883945","source":"Microsoft ML Buildings"},"geometry":{"type":"Polygon","coordinates":[[[72.328807,50.761137],[72.329072,50.761133],[72.329075,50.761243],[72.328811,50.761247],[72.328807,50.761137]]]}},{"type":"Feature","properties":{"id":"1837802d-f471-4e8c-b46e-1f817aee3751","source":"Microsoft ML Buildings"},"geometry":{"type":"Polygon","coordinates":[[[72.339746,50.77126],[72.339639,50.77126],[72.339639,50.771209],[72.339746,50.771209],[72.339746,50.77126]]]}},{"type":"Feature","properties":{"id":"b5b72191-5d3f-471e-a3ed-7bb57448955f","source":"Microsoft ML Buildings"},"geometry":{"type":"Polygon","coordinates":[[[72.342866,50.771715],[72.342846,50.771758],[72.342795,50.771748],[72.342815,50.771706],[72.342866,50.771715]]]}},{"type":"Feature","properties":{"id":"c57d7e57-7c97-4b62-a05b-d7265c491b4d","source":"Microsoft ML Buildings"},"geometry":{"type":"Polygon","coordinates":[[[72.342866,50.769387],[72.34282,50.769376],[72.342849,50.769325],[72.342895,50.769336],[72.342866,50.769387]]]}},{"type":"Feature","properties":{"id":"d1445929-ecf2-4f88-b2b1-e134ff9845a9","source":"Microsoft ML Buildings"},"geometry":{"type":"Polygon","coordinates":[[[72.342777,50.769415],[72.342772,50.769443],[72.342717,50.769439],[72.342721,50.769412],[72.342777,50.769415]]]}},{"type":"Feature","properties":{"id":"5df45409-94f4-4fb4-ae18-52dd164d66a3","source":"Microsoft ML Buildings"},"geometry":{"type":"Polygon","coordinates":[[[72.343035,50.769127],[72.343033,50.769181],[72.342974,50.769181],[72.342976,50.769126],[72.343035,50.769127]]]}},{"type":"Feature","properties":{"id":"5d6bb8ab-8141-4c3a-8db3-66f8a9a39280","source":"Microsoft ML Buildings"},"geometry":{"type":"Polygon","coordinates":[[[72.342058,50.769049],[72.341994,50.769045],[72.341999,50.769015],[72.342062,50.769018],[72.342058,50.769049]]]}},{"type":"Feature","properties":{"id":"56f2fa1f-f4a2-47bb-90e3-3e6e8ce1f9bf","source":"Microsoft ML Buildings"},"geometry":{"type":"Polygon","coordinates":[[[72.342081,50.769113],[72.34202,50.769117],[72.342016,50.769091],[72.342077,50.769088],[72.342081,50.769113]]]}},{"type":"Feature","properties":{"id":"58303e00-b04b-433d-aa78-97b7cebffea8","source":"Microsoft ML Buildings"},"geometry":{"type":"Polygon","coordinates":[[[72.342112,50.769036],[72.342154,50.769033],[72.342161,50.769077],[72.342119,50.76908],[72.342112,50.769036]]]}},{"type":"Feature","properties":{"id":"ff148a8f-3104-4846-bcee-79970b231db9","source":"Microsoft ML Buildings"},"geometry":{"type":"Polygon","coordinates":[[[72.342119,50.769097],[72.342187,50.769092],[72.342201,50.769173],[72.342134,50.769177],[72.342119,50.769097]]]}},{"type":"Feature","properties":{"id":"565e22b3-120c-4160-a71b-42aa2be3b39e","source":"Microsoft ML Buildings"},"geometry":{"type":"Polygon","coordinates":[[[72.326346,50.753857],[72.326289,50.753867],[72.326264,50.753812],[72.326321,50.753802],[72.326346,50.753857]]]}},{"type":"Feature","properties":{"id":"a4596227-9102-4b80-bee4-472211aafb25","source":"Microsoft ML Buildings"},"geometry":{"type":"Polygon","coordinates":[[[72.32625,50.753888],[72.326203,50.75384],[72.326251,50.753822],[72.326298,50.753869],[72.32625,50.753888]]]}},{"type":"Feature","properties":{"id":"b3b5ef89-61df-4a33-bf20-db8e2c9ac97a","source":"Microsoft ML Buildings"},"geometry":{"type":"Polygon","coordinates":[[[72.324442,50.753994],[72.324409,50.753955],[72.324515,50.753919],[72.324548,50.753958],[72.324442,50.753994]]]}},{"type":"Feature","properties":{"id":"f413f2eb-1700-4aba-8c15-013bd80fed3d","source":"Microsoft ML Buildings"},"geometry":{"type":"Polygon","coordinates":[[[72.312726,50.767458],[72.312713,50.767474],[72.312323,50.76735],[72.312433,50.767212],[72.312751,50.767312],[72.312719,50.767353],[72.312802,50.767379],[72.312809,50.76737],[72.312865,50.767388],[72.312832,50.767429],[72.31289,50.767448],[72.312851,50.767497],[72.312726,50.767458]]]}},{"type":"Feature","properties":{"id":"f2dc2f01-79db-4609-ab71-8f55959b5478","source":"Microsoft ML Buildings"},"geometry":{"type":"Polygon","coordinates":[[[72.312646,50.767274],[72.312695,50.767216],[72.312857,50.767269],[72.312809,50.767328],[72.312646,50.767274]]]}},{"type":"Feature","properties":{"id":"fec87a3d-6534-47fd-9bc8-203db901c6b2","source":"Microsoft ML Buildings"},"geometry":{"type":"Polygon","coordinates":[[[72.313326,50.766918],[72.313269,50.766918],[72.313337,50.766944],[72.313157,50.767134],[72.313066,50.767099],[72.313065,50.767043],[72.312518,50.766835],[72.312259,50.767106],[72.3122,50.767106],[72.312076,50.767059],[72.312076,50.767055],[72.312174,50.766952],[72.312012,50.766891],[72.312011,50.766824],[72.312055,50.766778],[72.312224,50.766843],[72.312186,50.766883],[72.312262,50.766882],[72.312392,50.766745],[72.312014,50.766601],[72.312011,50.766355],[72.312076,50.766379],[72.312077,50.766442],[72.313326,50.766918]]]}},{"type":"Feature","properties":{"id":"40960ee7-f43d-4ccd-891d-91643e9f7c83","source":"Microsoft ML Buildings"},"geometry":{"type":"Polygon","coordinates":[[[72.313397,50.766996],[72.31337,50.767027],[72.313334,50.767014],[72.313362,50.766983],[72.313397,50.766996]]]}},{"type":"Feature","properties":{"id":"d0b141c2-d1f9-4b1e-bb44-28a06395e07e","source":"Microsoft ML Buildings"},"geometry":{"type":"Polygon","coordinates":[[[72.313402,50.767213],[72.313366,50.767281],[72.313314,50.76727],[72.31335,50.767202],[72.313402,50.767213]]]}},{"type":"Feature","properties":{"id":"ae7dfe1f-104f-48f2-8122-773283a0dc28","source":"Microsoft ML Buildings"},"geometry":{"type":"Polygon","coordinates":[[[72.313522,50.767243],[72.313395,50.767223],[72.313417,50.767167],[72.313544,50.767188],[72.313522,50.767243]]]}},{"type":"Feature","properties":{"id":"497a9709-94e3-474f-a82b-1e13ad83de4a","source":"Microsoft ML Buildings"},"geometry":{"type":"Polygon","coordinates":[[[72.312576,50.7658],[72.312684,50.765696],[72.313281,50.765941],[72.313173,50.766046],[72.312576,50.7658]]]}},{"type":"Feature","properties":{"id":"73a0b58f-a756-4302-bdbd-6ce4354896f3","source":"Microsoft ML Buildings"},"geometry":{"type":"Polygon","coordinates":[[[72.312073,50.767264],[72.312186,50.767103],[72.312424,50.76717],[72.312311,50.76733],[72.312073,50.767264]]]}},{"type":"Feature","properties":{"id":"a9b79dc1-d264-47a9-a47d-687130d27ece","source":"Microsoft ML Buildings"},"geometry":{"type":"Polygon","coordinates":[[[72.316299,50.758048],[72.316345,50.758037],[72.3164,50.758129],[72.31612,50.758196],[72.316069,50.758111],[72.316236,50.758071],[72.31622,50.758045],[72.316288,50.758028],[72.316299,50.758048]]]}},{"type":"Feature","properties":{"id":"59b2821f-8c99-4b2c-bffb-9e9f5abdb59c","source":"Microsoft ML Buildings"},"geometry":{"type":"Polygon","coordinates":[[[72.316058,50.75794],[72.316017,50.757944],[72.315999,50.757874],[72.316262,50.757847],[72.316267,50.757866],[72.316307,50.757862],[72.316314,50.757888],[72.316283,50.757891],[72.316294,50.757938],[72.316063,50.757961],[72.316058,50.75794]]]}},{"type":"Feature","properties":{"id":"6f3d6b55-88ad-4bbd-9e5f-cae69e530e21","source":"Microsoft ML Buildings"},"geometry":{"type":"Polygon","coordinates":[[[72.316498,50.758508],[72.316471,50.758513],[72.3165,50.758575],[72.316364,50.7586],[72.316308,50.758478],[72.31647,50.758448],[72.316498,50.758508]]]}},{"type":"Feature","properties":{"id":"da9fe8ef-2310-4891-a4e4-51ad0eaa2842","source":"Microsoft ML Buildings"},"geometry":{"type":"Polygon","coordinates":[[[72.314803,50.766144],[72.314876,50.766092],[72.314974,50.766146],[72.314901,50.766199],[72.314803,50.766144]]]}},{"type":"Feature","properties":{"id":"63682412-1883-42ee-8770-faaa4abde350","source":"Microsoft ML Buildings"},"geometry":{"type":"Polygon","coordinates":[[[72.314662,50.766183],[72.314642,50.766204],[72.314588,50.766182],[72.314607,50.766162],[72.314662,50.766183]]]}},{"type":"Feature","properties":{"id":"9381a439-23d1-4f00-9681-8a27eb62f475","source":"Microsoft ML Buildings"},"geometry":{"type":"Polygon","coordinates":[[[72.315382,50.767358],[72.315245,50.767496],[72.314443,50.767178],[72.314595,50.767025],[72.314677,50.767057],[72.314708,50.767026],[72.315009,50.767145],[72.314963,50.767191],[72.315382,50.767358]]]}},{"type":"Feature","properties":{"id":"3f677ad2-8af8-4dac-a8f0-bac15990a272","source":"Microsoft ML Buildings"},"geometry":{"type":"Polygon","coordinates":[[[72.315134,50.767985],[72.315042,50.768077],[72.314008,50.767661],[72.314121,50.767548],[72.314275,50.76761],[72.314411,50.767475],[72.314483,50.767504],[72.314326,50.76766],[72.315134,50.767985]]]}},{"type":"Feature","properties":{"id":"e57e1424-eae5-46dc-b97d-cdc01dd0ede2","source":"Microsoft ML Buildings"},"geometry":{"type":"Polygon","coordinates":[[[72.3148,50.766881],[72.314836,50.766851],[72.31488,50.766873],[72.314844,50.766902],[72.3148,50.766881]]]}},{"type":"Feature","properties":{"id":"6db78e07-db4e-4fe3-8032-8c206090f55b","source":"Microsoft ML Buildings"},"geometry":{"type":"Polygon","coordinates":[[[72.316277,50.76882],[72.316192,50.768785],[72.316249,50.76873],[72.315546,50.768437],[72.315695,50.768294],[72.317209,50.768925],[72.317039,50.769088],[72.316312,50.768785],[72.316277,50.76882]]]}},{"type":"Feature","properties":{"id":"752c6e22-c8d6-42e0-ad28-805d1335edb7","source":"Microsoft ML Buildings"},"geometry":{"type":"Polygon","coordinates":[[[72.316011,50.767458],[72.315984,50.767437],[72.316026,50.767415],[72.316053,50.767436],[72.316011,50.767458]]]}},{"type":"Feature","properties":{"id":"cf5ad4c2-7e12-4547-8479-e7de1d358d43","source":"Microsoft ML Buildings"},"geometry":{"type":"Polygon","coordinates":[[[72.316916,50.768064],[72.316772,50.768209],[72.316029,50.767914],[72.316091,50.767852],[72.316011,50.76782],[72.31607,50.767761],[72.316153,50.767794],[72.316193,50.767755],[72.316366,50.767823],[72.316405,50.767784],[72.316566,50.767847],[72.316511,50.767903],[72.316916,50.768064]]]}},{"type":"Feature","properties":{"id":"858ca6cb-900d-4918-8564-b2bee31efaba","source":"Microsoft ML Buildings"},"geometry":{"type":"Polygon","coordinates":[[[72.317851,50.768502],[72.317718,50.768636],[72.316924,50.768322],[72.317079,50.768165],[72.317505,50.768334],[72.317539,50.768299],[72.317691,50.76836],[72.317635,50.768417],[72.317851,50.768502]]]}},{"type":"Feature","properties":{"id":"ad77f6c3-fd23-49a5-89fb-49e0896803d7","source":"Microsoft ML Buildings"},"geometry":{"type":"Polygon","coordinates":[[[72.319211,50.760062],[72.31906,50.760102],[72.318927,50.759906],[72.319119,50.759854],[72.319157,50.75991],[72.319116,50.759921],[72.319211,50.760062]]]}},{"type":"Feature","properties":{"id":"2e074136-93bc-444b-b8cd-bfe9795fa23e","source":"Microsoft ML Buildings"},"geometry":{"type":"Polygon","coordinates":[[[72.318768,50.759863],[72.318709,50.759754],[72.318972,50.759698],[72.31903,50.759808],[72.318768,50.759863]]]}},{"type":"Feature","properties":{"id":"e4adaef8-bfea-4cb6-bb48-5dc7693c5081","source":"Microsoft ML Buildings"},"geometry":{"type":"Polygon","coordinates":[[[72.318875,50.759606],[72.318807,50.759437],[72.318872,50.759426],[72.318941,50.759595],[72.318875,50.759606]]]}},{"type":"Feature","properties":{"id":"4b2892c4-8a40-448b-9f03-5d99ce861f19","source":"Microsoft ML Buildings"},"geometry":{"type":"Polygon","coordinates":[[[72.319042,50.758994],[72.319174,50.758959],[72.319214,50.759018],[72.319009,50.759073],[72.318996,50.759053],[72.31896,50.759062],[72.318913,50.758993],[72.319022,50.758964],[72.319042,50.758994]]]}},{"type":"Feature","properties":{"id":"7152b067-b21b-43b2-9a1e-fa9fc4503ce1","source":"Microsoft ML Buildings"},"geometry":{"type":"Polygon","coordinates":[[[72.318789,50.758803],[72.319114,50.758725],[72.319183,50.758841],[72.319043,50.758874],[72.319066,50.758911],[72.319016,50.758923],[72.318949,50.75881],[72.318813,50.758843],[72.318789,50.758803]]]}},{"type":"Feature","properties":{"id":"5686c2cc-234e-4838-8fbb-f7acfeb014bb","source":"Microsoft ML Buildings"},"geometry":{"type":"Polygon","coordinates":[[[72.318689,50.759059],[72.318754,50.759155],[72.318449,50.759237],[72.318384,50.759142],[72.318689,50.759059]]]}},{"type":"Feature","properties":{"id":"70196978-6be3-44e9-86d4-9176d4c2b68a","source":"Microsoft ML Buildings"},"geometry":{"type":"Polygon","coordinates":[[[72.318408,50.759655],[72.318597,50.759608],[72.318653,50.7597],[72.318567,50.759721],[72.318587,50.759753],[72.318484,50.759778],[72.318408,50.759655]]]}},{"type":"Feature","properties":{"id":"d540354d-52dd-4f50-994c-880c8a09ca8e","source":"Microsoft ML Buildings"},"geometry":{"type":"Polygon","coordinates":[[[72.318377,50.759357],[72.318338,50.759303],[72.318413,50.759281],[72.318452,50.759335],[72.318377,50.759357]]]}},{"type":"Feature","properties":{"id":"b607435f-1450-4bb4-9283-ba69e8435016","source":"Microsoft ML Buildings"},"geometry":{"type":"Polygon","coordinates":[[[72.318383,50.758915],[72.31854,50.758882],[72.318612,50.759017],[72.318535,50.759034],[72.318551,50.759064],[72.31843,50.75909],[72.318419,50.75907],[72.318348,50.759085],[72.318299,50.758994],[72.318413,50.75897],[72.318383,50.758915]]]}},{"type":"Feature","properties":{"id":"46eac789-fcd4-4d91-8623-523891bd5b48","source":"Microsoft ML Buildings"},"geometry":{"type":"Polygon","coordinates":[[[72.318396,50.758965],[72.318279,50.758992],[72.318256,50.758954],[72.318373,50.758926],[72.318396,50.758965]]]}},{"type":"Feature","properties":{"id":"0dc53ca1-3445-4cff-94ab-96a9cade64e6","source":"Microsoft ML Buildings"},"geometry":{"type":"Polygon","coordinates":[[[72.318058,50.758321],[72.31796,50.758338],[72.317917,50.758242],[72.318004,50.758227],[72.318006,50.758232],[72.318326,50.758175],[72.318358,50.758248],[72.31805,50.758303],[72.318058,50.758321]]]}},{"type":"Feature","properties":{"id":"4eb7f8df-dbf7-4f8e-86e8-9d2ec89d5e98","source":"Microsoft ML Buildings"},"geometry":{"type":"Polygon","coordinates":[[[72.316531,50.758788],[72.316509,50.758746],[72.316449,50.758758],[72.316396,50.758658],[72.31658,50.75862],[72.316601,50.758659],[72.316563,50.758667],[72.316617,50.75877],[72.316531,50.758788]]]}},{"type":"Feature","properties":{"id":"1e8b6027-8ce1-4898-bde5-267c9758a873","source":"Microsoft ML Buildings"},"geometry":{"type":"Polygon","coordinates":[[[72.316702,50.758385],[72.316849,50.758358],[72.316904,50.758483],[72.316841,50.758495],[72.316862,50.758544],[72.316779,50.758558],[72.316702,50.758385]]]}},{"type":"Feature","properties":{"id":"f657f037-2858-4b00-b736-4ac56bb19cb8","source":"Microsoft ML Buildings"},"geometry":{"type":"Polygon","coordinates":[[[72.317041,50.758592],[72.316977,50.758605],[72.317022,50.758695],[72.316888,50.758721],[72.316815,50.758575],[72.317013,50.758535],[72.317041,50.758592]]]}},{"type":"Feature","properties":{"id":"91b5c1c7-486c-46e4-b882-704d8490b0ed","source":"Microsoft ML Buildings"},"geometry":{"type":"Polygon","coordinates":[[[72.317007,50.759015],[72.316958,50.759036],[72.316918,50.759],[72.316966,50.758978],[72.317007,50.759015]]]}},{"type":"Feature","properties":{"id":"0386a418-4ae3-40b7-ad77-083ae1a117c3","source":"Microsoft ML Buildings"},"geometry":{"type":"Polygon","coordinates":[[[72.317044,50.759006],[72.31716,50.759068],[72.317131,50.759091],[72.317108,50.759079],[72.31707,50.759107],[72.316976,50.759057],[72.317044,50.759006]]]}},{"type":"Feature","properties":{"id":"01c650dd-1c89-4690-8dc1-5dd166a785ed","source":"Microsoft ML Buildings"},"geometry":{"type":"Polygon","coordinates":[[[72.317156,50.758805],[72.317233,50.758896],[72.316979,50.758983],[72.316901,50.758891],[72.317156,50.758805]]]}},{"type":"Feature","properties":{"id":"b661369f-7e89-4ceb-993c-359a2f3629c1","source":"Microsoft ML Buildings"},"geometry":{"type":"Polygon","coordinates":[[[72.317023,50.758479],[72.317092,50.75846],[72.317117,50.758497],[72.317047,50.758516],[72.317023,50.758479]]]}},{"type":"Feature","properties":{"id":"0206f111-2593-4025-9d5d-95e6738c417b","source":"Microsoft ML Buildings"},"geometry":{"type":"Polygon","coordinates":[[[72.317121,50.758609],[72.317103,50.758576],[72.317147,50.758567],[72.317165,50.758599],[72.317121,50.758609]]]}},{"type":"Feature","properties":{"id":"33c35770-e182-487b-a198-e136d0969ab8","source":"Microsoft ML Buildings"},"geometry":{"type":"Polygon","coordinates":[[[72.317336,50.758369],[72.317319,50.758343],[72.317274,50.758356],[72.317217,50.758271],[72.317335,50.75824],[72.317377,50.758303],[72.317412,50.758294],[72.317443,50.75834],[72.317336,50.758369]]]}},{"type":"Feature","properties":{"id":"f02b74b4-3fd1-42a7-8927-f0c757918564","source":"Microsoft ML Buildings"},"geometry":{"type":"Polygon","coordinates":[[[72.317368,50.758453],[72.317342,50.758411],[72.317487,50.758374],[72.317513,50.758416],[72.317368,50.758453]]]}},{"type":"Feature","properties":{"id":"8897c0fb-177a-4dfb-a8eb-6034d7192297","source":"Microsoft ML Buildings"},"geometry":{"type":"Polygon","coordinates":[[[72.317217,50.758737],[72.317345,50.758708],[72.317379,50.758768],[72.317251,50.758797],[72.317217,50.758737]]]}},{"type":"Feature","properties":{"id":"17a76ffd-d45d-46d8-8b99-ab0ef92c6b52","source":"Microsoft ML Buildings"},"geometry":{"type":"Polygon","coordinates":[[[72.317439,50.759149],[72.317383,50.759103],[72.317439,50.759076],[72.317494,50.759122],[72.317439,50.759149]]]}},{"type":"Feature","properties":{"id":"447352de-fc44-4956-ba61-56f205a51eb6","source":"Microsoft ML Buildings"},"geometry":{"type":"Polygon","coordinates":[[[72.317771,50.759291],[72.317645,50.759356],[72.3175,50.759242],[72.317626,50.759178],[72.317771,50.759291]]]}},{"type":"Feature","properties":{"id":"68fa5725-3ab8-487b-9f2d-c8b1f6528036","source":"Microsoft ML Buildings"},"geometry":{"type":"Polygon","coordinates":[[[72.317605,50.759431],[72.317598,50.759418],[72.317676,50.759374],[72.317666,50.759355],[72.317713,50.759344],[72.317769,50.759383],[72.317758,50.759364],[72.317864,50.759439],[72.317869,50.759449],[72.317914,50.759481],[72.317928,50.759505],[72.317753,50.759545],[72.317673,50.759489],[72.317664,50.759473],[72.317605,50.759431]]]}},{"type":"Feature","properties":{"id":"ca1a65c7-13ef-4f22-b2ca-aae643e59664","source":"Microsoft ML Buildings"},"geometry":{"type":"Polygon","coordinates":[[[72.317469,50.759071],[72.317523,50.759051],[72.317567,50.759098],[72.317513,50.759118],[72.317469,50.759071]]]}},{"type":"Feature","properties":{"id":"c43d0609-879b-4b10-9341-b2d8dc7379e5","source":"Microsoft ML Buildings"},"geometry":{"type":"Polygon","coordinates":[[[72.317883,50.758356],[72.317682,50.758402],[72.317636,50.758323],[72.317838,50.758277],[72.317883,50.758356]]]}},{"type":"Feature","properties":{"id":"da315f52-cd2e-49e3-b1d1-0f46cc5dfe96","source":"Microsoft ML Buildings"},"geometry":{"type":"Polygon","coordinates":[[[72.317769,50.758243],[72.317626,50.758267],[72.317588,50.758176],[72.317731,50.758153],[72.317769,50.758243]]]}},{"type":"Feature","properties":{"id":"99bdaf74-0fef-487d-b0a4-6d7b3b023fa1","source":"Microsoft ML Buildings"},"geometry":{"type":"Polygon","coordinates":[[[72.317059,50.757834],[72.316864,50.757878],[72.316852,50.757858],[72.316644,50.757905],[72.316599,50.757826],[72.316836,50.757773],[72.316846,50.75779],[72.317012,50.757752],[72.317059,50.757834]]]}},{"type":"Feature","properties":{"id":"9d0230a9-a5c5-46b9-ab91-9716ff116d5c","source":"Microsoft ML Buildings"},"geometry":{"type":"Polygon","coordinates":[[[72.31699,50.7579],[72.316929,50.757913],[72.31697,50.757986],[72.316676,50.758052],[72.316627,50.757964],[72.316754,50.757936],[72.316767,50.75796],[72.316832,50.757946],[72.316809,50.757904],[72.316972,50.757868],[72.31699,50.7579]]]}},{"type":"Feature","properties":{"id":"5d93e364-a9b1-4b25-bd82-65d754b36972","source":"Microsoft ML Buildings"},"geometry":{"type":"Polygon","coordinates":[[[72.31681,50.757773],[72.316729,50.757787],[72.316713,50.757751],[72.316794,50.757737],[72.31681,50.757773]]]}},{"type":"Feature","properties":{"id":"18b85650-f989-4068-9694-970489805a14","source":"Microsoft ML Buildings"},"geometry":{"type":"Polygon","coordinates":[[[72.317893,50.757602],[72.317874,50.757547],[72.31796,50.757535],[72.31798,50.75759],[72.317893,50.757602]]]}},{"type":"Feature","properties":{"id":"fc25a7f4-4247-4d52-9630-1ea522ecfcea","source":"Microsoft ML Buildings"},"geometry":{"type":"Polygon","coordinates":[[[72.318165,50.758045],[72.318216,50.758139],[72.318114,50.758161],[72.318097,50.758131],[72.318059,50.75814],[72.318075,50.758169],[72.317948,50.758196],[72.317897,50.758103],[72.318165,50.758045]]]}},{"type":"Feature","properties":{"id":"5005d009-eb57-42df-a64e-cf9ce7764c2e","source":"Microsoft ML Buildings"},"geometry":{"type":"Polygon","coordinates":[[[72.318043,50.757548],[72.318029,50.757512],[72.318097,50.757502],[72.318084,50.757469],[72.318188,50.757453],[72.318215,50.757522],[72.318043,50.757548]]]}},{"type":"Feature","properties":{"id":"df34b8ba-6310-4c71-973e-fbbf47fa5cdf","source":"Microsoft ML Buildings"},"geometry":{"type":"Polygon","coordinates":[[[72.318239,50.757567],[72.318376,50.757533],[72.318433,50.757626],[72.318174,50.757689],[72.318108,50.757582],[72.31823,50.757553],[72.318239,50.757567]]]}},{"type":"Feature","properties":{"id":"c94c4ab7-df95-49be-9364-f10b94b14365","source":"Microsoft ML Buildings"},"geometry":{"type":"Polygon","coordinates":[[[72.318435,50.758221],[72.318372,50.758237],[72.318342,50.758189],[72.318404,50.758173],[72.318435,50.758221]]]}},{"type":"Feature","properties":{"id":"cae9b031-9972-4ac2-81d9-84ea44875a23","source":"Microsoft ML Buildings"},"geometry":{"type":"Polygon","coordinates":[[[72.318416,50.757478],[72.318321,50.757489],[72.318295,50.757401],[72.31839,50.75739],[72.318416,50.757478]]]}},{"type":"Feature","properties":{"id":"d523cdba-c802-4cef-b003-08cf2e5f516a","source":"Microsoft ML Buildings"},"geometry":{"type":"Polygon","coordinates":[[[72.318618,50.756706],[72.318697,50.756693],[72.318718,50.756746],[72.318639,50.756758],[72.318618,50.756706]]]}},{"type":"Feature","properties":{"id":"4d60c256-1451-465b-8a57-c5ebc62818a2","source":"Microsoft ML Buildings"},"geometry":{"type":"Polygon","coordinates":[[[72.318848,50.756748],[72.318752,50.756771],[72.318732,50.756738],[72.318829,50.756715],[72.318848,50.756748]]]}},{"type":"Feature","properties":{"id":"5ce47dda-5262-49cc-a0ce-498b6d01c375","source":"Microsoft ML Buildings"},"geometry":{"type":"Polygon","coordinates":[[[72.318647,50.756974],[72.318679,50.756968],[72.318704,50.757023],[72.318672,50.757029],[72.318647,50.756974]]]}},{"type":"Feature","properties":{"id":"aeeb0818-ba4c-4c16-aef8-807377e9e4ef","source":"Microsoft ML Buildings"},"geometry":{"type":"Polygon","coordinates":[[[72.318544,50.756795],[72.318539,50.756787],[72.318636,50.756764],[72.318688,50.756853],[72.31865,50.756862],[72.318666,50.756889],[72.318633,50.756897],[72.318661,50.756946],[72.318531,50.756976],[72.318491,50.756908],[72.318485,50.75691],[72.318461,50.756869],[72.318433,50.756875],[72.318405,50.756827],[72.318544,50.756795]]]}},{"type":"Feature","properties":{"id":"28e6c506-1fbf-49ef-ada2-b78e9a850ed2","source":"Microsoft ML Buildings"},"geometry":{"type":"Polygon","coordinates":[[[72.318818,50.758027],[72.318781,50.758033],[72.318756,50.757978],[72.318793,50.757971],[72.318818,50.758027]]]}},{"type":"Feature","properties":{"id":"ecee5cb8-1fef-413b-af75-08b3b04e2155","source":"Microsoft ML Buildings"},"geometry":{"type":"Polygon","coordinates":[[[72.318861,50.757446],[72.31886,50.757465],[72.31889,50.757519],[72.318618,50.757581],[72.318579,50.757511],[72.318622,50.757501],[72.318623,50.757483],[72.318587,50.75742],[72.318612,50.757415],[72.318605,50.757403],[72.318608,50.757348],[72.318736,50.757319],[72.318755,50.757352],[72.318755,50.757361],[72.318707,50.757371],[72.318699,50.757356],[72.318693,50.757474],[72.318728,50.757474],[72.318729,50.75745],[72.318753,50.757444],[72.318861,50.757446]]]}},{"type":"Feature","properties":{"id":"a8a64391-d133-4990-bbd8-967812d126d0","source":"Microsoft ML Buildings"},"geometry":{"type":"Polygon","coordinates":[[[72.318813,50.757876],[72.319096,50.757818],[72.319142,50.757908],[72.319035,50.75793],[72.319023,50.757906],[72.318968,50.757917],[72.318991,50.757961],[72.318943,50.757971],[72.318937,50.757958],[72.318863,50.757973],[72.318813,50.757876]]]}},{"type":"Feature","properties":{"id":"3279f9d8-0aa3-40df-ace2-c739b401186c","source":"Microsoft ML Buildings"},"geometry":{"type":"Polygon","coordinates":[[[72.319063,50.758],[72.319157,50.757973],[72.319205,50.758041],[72.318984,50.758103],[72.318936,50.758036],[72.319063,50.758]]]}},{"type":"Feature","properties":{"id":"86435de2-b6eb-44d5-820b-1a3ff3d52f4f","source":"Microsoft ML Buildings"},"geometry":{"type":"Polygon","coordinates":[[[72.319008,50.757308],[72.318983,50.757266],[72.319072,50.757245],[72.319097,50.757287],[72.319008,50.757308]]]}},{"type":"Feature","properties":{"id":"e62823b2-ae01-4991-9920-d45167ec02f0","source":"Microsoft ML Buildings"},"geometry":{"type":"Polygon","coordinates":[[[72.318863,50.757114],[72.318782,50.757135],[72.318761,50.757105],[72.318842,50.757083],[72.318863,50.757114]]]}},{"type":"Feature","properties":{"id":"11a65783-7ab7-4555-90e8-8f789ba31185","source":"Microsoft ML Buildings"},"geometry":{"type":"Polygon","coordinates":[[[72.318789,50.756909],[72.318812,50.756949],[72.318843,50.756943],[72.318867,50.756987],[72.318775,50.757008],[72.318727,50.756923],[72.318789,50.756909]]]}},{"type":"Feature","properties":{"id":"cb419da0-535d-4cd2-ab07-f35ba75923c6","source":"Microsoft ML Buildings"},"geometry":{"type":"Polygon","coordinates":[[[72.318874,50.756347],[72.318866,50.756324],[72.318922,50.756316],[72.31893,50.756339],[72.318874,50.756347]]]}},{"type":"Feature","properties":{"id":"ca99c3a1-9f71-422b-a3d4-a181416d03a7","source":"Microsoft ML Buildings"},"geometry":{"type":"Polygon","coordinates":[[[72.31932,50.756068],[72.319293,50.756018],[72.319496,50.755973],[72.319515,50.756008],[72.319589,50.755992],[72.319623,50.756054],[72.319305,50.756124],[72.31928,50.756077],[72.31932,50.756068]]]}},{"type":"Feature","properties":{"id":"ed673188-3598-435b-889d-c7aa5e560bc6","source":"Microsoft ML Buildings"},"geometry":{"type":"Polygon","coordinates":[[[72.319392,50.756186],[72.319635,50.756118],[72.319694,50.756205],[72.319574,50.756238],[72.319602,50.756279],[72.319479,50.756313],[72.31945,50.75627],[72.319483,50.756261],[72.319445,50.756207],[72.319412,50.756216],[72.319392,50.756186]]]}},{"type":"Feature","properties":{"id":"b91b80d9-2417-406f-be7d-54ef276023dd","source":"Microsoft ML Buildings"},"geometry":{"type":"Polygon","coordinates":[[[72.320257,50.755655],[72.320195,50.755676],[72.320211,50.755695],[72.320172,50.755708],[72.320132,50.755662],[72.320234,50.755627],[72.320257,50.755655]]]}},{"type":"Feature","properties":{"id":"84202cb7-605a-4f18-8898-cb30f0716881","source":"Microsoft ML Buildings"},"geometry":{"type":"Polygon","coordinates":[[[72.320268,50.756087],[72.320141,50.756121],[72.320082,50.756033],[72.32021,50.755999],[72.320268,50.756087]]]}},{"type":"Feature","properties":{"id":"3d064313-0545-4b69-9cc9-226789f26fed","source":"Microsoft ML Buildings"},"geometry":{"type":"Polygon","coordinates":[[[72.320009,50.755941],[72.319945,50.755838],[72.320045,50.755813],[72.320071,50.755856],[72.320139,50.755839],[72.320176,50.755899],[72.320009,50.755941]]]}},{"type":"Feature","properties":{"id":"9eb0f2fe-6037-4851-b62e-5866a2c3c63f","source":"Microsoft ML Buildings"},"geometry":{"type":"Polygon","coordinates":[[[72.319908,50.756682],[72.319923,50.756679],[72.319944,50.756723],[72.319894,50.756733],[72.319918,50.756784],[72.31987,50.756793],[72.319885,50.756823],[72.319759,50.756847],[72.319676,50.756674],[72.319885,50.756634],[72.319908,50.756682]]]}},{"type":"Feature","properties":{"id":"9dd6fa21-5eb2-4c18-9edf-c94abf5ffe10","source":"Microsoft ML Buildings"},"geometry":{"type":"Polygon","coordinates":[[[72.320183,50.757186],[72.319996,50.757222],[72.319914,50.757049],[72.320101,50.757013],[72.320183,50.757186]]]}},{"type":"Feature","properties":{"id":"81376f76-b506-4e3a-bd5c-93ef76131920","source":"Microsoft ML Buildings"},"geometry":{"type":"Polygon","coordinates":[[[72.320022,50.756664],[72.320001,50.756623],[72.320039,50.756615],[72.32006,50.756656],[72.320022,50.756664]]]}},{"type":"Feature","properties":{"id":"c86a8b16-0d33-4eee-a91c-e76b298cd962","source":"Microsoft ML Buildings"},"geometry":{"type":"Polygon","coordinates":[[[72.319962,50.756732],[72.319905,50.756649],[72.319996,50.756625],[72.320052,50.756707],[72.320048,50.756708],[72.320083,50.75676],[72.320031,50.756774],[72.319996,50.756723],[72.319962,50.756732]]]}},{"type":"Feature","properties":{"id":"d5935398-4fb5-4770-badf-9c8e4ed54b55","source":"Microsoft ML Buildings"},"geometry":{"type":"Polygon","coordinates":[[[72.320145,50.756996],[72.320119,50.756952],[72.320285,50.756913],[72.32036,50.75704],[72.320308,50.757052],[72.320343,50.757112],[72.320263,50.757131],[72.32023,50.757075],[72.32019,50.757084],[72.320139,50.756998],[72.320145,50.756996]]]}},{"type":"Feature","properties":{"id":"e087a438-8700-47f8-9b1b-83575c8eff4c","source":"Microsoft ML Buildings"},"geometry":{"type":"Polygon","coordinates":[[[72.320285,50.756823],[72.320226,50.756829],[72.320214,50.756786],[72.320273,50.75678],[72.320285,50.756823]]]}},{"type":"Feature","properties":{"id":"f7cf8fc6-4822-409b-ab6c-54ae43a080a6","source":"Microsoft ML Buildings"},"geometry":{"type":"Polygon","coordinates":[[[72.32029,50.757483],[72.320338,50.757475],[72.320361,50.757531],[72.320209,50.757557],[72.320167,50.757458],[72.320193,50.757453],[72.320177,50.757415],[72.320327,50.757389],[72.320346,50.757434],[72.320274,50.757446],[72.32029,50.757483]]]}},{"type":"Feature","properties":{"id":"b50725a2-d280-4197-98c0-5ce8b8506e5f","source":"Microsoft ML Buildings"},"geometry":{"type":"Polygon","coordinates":[[[72.320485,50.757416],[72.320388,50.757433],[72.320358,50.757366],[72.320455,50.757348],[72.320485,50.757416]]]}},{"type":"Feature","properties":{"id":"784cb081-4c6f-4dbb-852d-d81871449341","source":"Microsoft ML Buildings"},"geometry":{"type":"Polygon","coordinates":[[[72.319453,50.758064],[72.319591,50.758027],[72.319643,50.758106],[72.319505,50.758142],[72.319453,50.758064]]]}},{"type":"Feature","properties":{"id":"b82932ba-5703-4dff-bae0-b5bbeb065d60","source":"Microsoft ML Buildings"},"geometry":{"type":"Polygon","coordinates":[[[72.319494,50.758203],[72.319541,50.758195],[72.319553,50.758222],[72.319506,50.75823],[72.319494,50.758203]]]}},{"type":"Feature","properties":{"id":"203c30b8-728a-49f6-b9f0-878b6a92e9ef","source":"Microsoft ML Buildings"},"geometry":{"type":"Polygon","coordinates":[[[72.319533,50.757859],[72.319609,50.75784],[72.31967,50.757934],[72.319551,50.757965],[72.319522,50.75792],[72.319564,50.757909],[72.319533,50.757859]]]}},{"type":"Feature","properties":{"id":"d0a9570e-e5b2-4b34-8672-a6e57ebad3a1","source":"Microsoft ML Buildings"},"geometry":{"type":"Polygon","coordinates":[[[72.319177,50.757292],[72.319148,50.757233],[72.319192,50.757224],[72.319221,50.757283],[72.319177,50.757292]]]}},{"type":"Feature","properties":{"id":"abaad0e5-b830-4da1-9cbf-91da90d88933","source":"Microsoft ML Buildings"},"geometry":{"type":"Polygon","coordinates":[[[72.31905,50.757411],[72.319079,50.757405],[72.319063,50.757378],[72.319144,50.757359],[72.319157,50.757382],[72.319199,50.757372],[72.319236,50.757437],[72.319084,50.757471],[72.31905,50.757411]]]}},{"type":"Feature","properties":{"id":"bb9014fe-cbe3-4c3c-9560-8b53faf74d59","source":"Microsoft ML Buildings"},"geometry":{"type":"Polygon","coordinates":[[[72.319303,50.758014],[72.319212,50.757896],[72.319366,50.757849],[72.319457,50.757967],[72.319303,50.758014]]]}},{"type":"Feature","properties":{"id":"a636916e-80f5-4df5-ab52-ff85e0c812f8","source":"Microsoft ML Buildings"},"geometry":{"type":"Polygon","coordinates":[[[72.319271,50.757771],[72.319416,50.757732],[72.319477,50.757824],[72.319332,50.757863],[72.319271,50.757771]]]}},{"type":"Feature","properties":{"id":"6d6af0df-2469-4b05-8e9e-dada5fc50db9","source":"Microsoft ML Buildings"},"geometry":{"type":"Polygon","coordinates":[[[72.319242,50.758254],[72.319219,50.758206],[72.31927,50.758196],[72.319293,50.758244],[72.319242,50.758254]]]}},{"type":"Feature","properties":{"id":"b6ce50b3-9079-4ae3-9417-b780f833e0f2","source":"Microsoft ML Buildings"},"geometry":{"type":"Polygon","coordinates":[[[72.319243,50.758857],[72.319228,50.758822],[72.319265,50.758815],[72.31928,50.75885],[72.319243,50.758857]]]}},{"type":"Feature","properties":{"id":"d056ed0b-0236-485b-b012-c7feca421c41","source":"Microsoft ML Buildings"},"geometry":{"type":"Polygon","coordinates":[[[72.319305,50.75826],[72.319449,50.758226],[72.319493,50.758302],[72.319426,50.758318],[72.319448,50.758355],[72.319372,50.758373],[72.319305,50.75826]]]}},{"type":"Feature","properties":{"id":"b309c40e-7263-4e9d-8d28-ef64b7e18842","source":"Microsoft ML Buildings"},"geometry":{"type":"Polygon","coordinates":[[[72.319564,50.758253],[72.319725,50.758224],[72.319768,50.758319],[72.319577,50.758353],[72.319553,50.7583],[72.319583,50.758295],[72.319564,50.758253]]]}},{"type":"Feature","properties":{"id":"840c32e3-60bd-4fac-9465-af9771f20d16","source":"Microsoft ML Buildings"},"geometry":{"type":"Polygon","coordinates":[[[72.31976,50.758582],[72.319798,50.758573],[72.319815,50.758603],[72.319777,50.758612],[72.31976,50.758582]]]}},{"type":"Feature","properties":{"id":"8a456498-b4a0-4e66-a558-b1a6d124a856","source":"Microsoft ML Buildings"},"geometry":{"type":"Polygon","coordinates":[[[72.319495,50.76002],[72.319367,50.760049],[72.319225,50.759795],[72.319344,50.759769],[72.319365,50.759807],[72.319415,50.759795],[72.31944,50.759841],[72.319501,50.759827],[72.319527,50.759874],[72.319572,50.759864],[72.319634,50.759974],[72.319488,50.760007],[72.319495,50.76002]]]}},{"type":"Feature","properties":{"id":"cf4cd1e4-ba95-4b56-b05e-b51ee616512b","source":"Microsoft ML Buildings"},"geometry":{"type":"Polygon","coordinates":[[[72.319344,50.759556],[72.31914,50.759613],[72.319085,50.759534],[72.319277,50.75948],[72.319257,50.75945],[72.319337,50.759427],[72.319354,50.759451],[72.319415,50.759434],[72.319475,50.759521],[72.319473,50.759522],[72.319522,50.759591],[72.319468,50.759606],[72.31943,50.759552],[72.319356,50.759573],[72.319344,50.759556]]]}},{"type":"Feature","properties":{"id":"467faf27-26e3-4b74-8734-d6f60e8ba21a","source":"Microsoft ML Buildings"},"geometry":{"type":"Polygon","coordinates":[[[72.319388,50.759391],[72.319096,50.759469],[72.31905,50.759401],[72.319082,50.759393],[72.319063,50.759365],[72.319324,50.759295],[72.319388,50.759391]]]}},{"type":"Feature","properties":{"id":"d60cee2d-5ee7-48f5-a66b-8466d8fa8e2b","source":"Microsoft ML Buildings"},"geometry":{"type":"Polygon","coordinates":[[[72.319193,50.759754],[72.319106,50.759774],[72.319093,50.759752],[72.319133,50.759743],[72.319083,50.759656],[72.319131,50.759645],[72.319193,50.759754]]]}},{"type":"Feature","properties":{"id":"aac06bd7-6e0f-42d2-831a-d6abe9a2070e","source":"Microsoft ML Buildings"},"geometry":{"type":"Polygon","coordinates":[[[72.319294,50.75993],[72.319247,50.759939],[72.319233,50.75991],[72.31928,50.759901],[72.319294,50.75993]]]}},{"type":"Feature","properties":{"id":"b0a5d7ae-df7c-44d7-b3ad-5846cebcc4fb","source":"Microsoft ML Buildings"},"geometry":{"type":"Polygon","coordinates":[[[72.319772,50.760295],[72.319726,50.760305],[72.319738,50.760326],[72.319585,50.760362],[72.319482,50.760185],[72.319634,50.760149],[72.319671,50.760213],[72.319626,50.760223],[72.319655,50.760272],[72.319747,50.760251],[72.319772,50.760295]]]}},{"type":"Feature","properties":{"id":"59023cc8-8f94-487d-8810-1a2521d37ff0","source":"Microsoft ML Buildings"},"geometry":{"type":"Polygon","coordinates":[[[72.319722,50.760165],[72.319877,50.760136],[72.319926,50.760242],[72.31998,50.760232],[72.320008,50.76029],[72.319959,50.760299],[72.319964,50.760309],[72.319874,50.760325],[72.319859,50.760294],[72.319832,50.760299],[72.319791,50.760211],[72.319747,50.76022],[72.319722,50.760165]]]}},{"type":"Feature","properties":{"id":"1accc343-e318-47be-93b9-badd6b1addf5","source":"Microsoft ML Buildings"},"geometry":{"type":"Polygon","coordinates":[[[72.319913,50.760384],[72.319898,50.760355],[72.319979,50.760338],[72.319994,50.760367],[72.319913,50.760384]]]}},{"type":"Feature","properties":{"id":"3b66ef4d-7046-4478-b81c-1501a7701ce8","source":"Microsoft ML Buildings"},"geometry":{"type":"Polygon","coordinates":[[[72.320147,50.760946],[72.320194,50.760936],[72.320241,50.761023],[72.320056,50.761063],[72.319932,50.760834],[72.320109,50.760796],[72.320134,50.760844],[72.320096,50.760852],[72.320147,50.760946]]]}},{"type":"Feature","properties":{"id":"8ddb00ca-94d0-42ce-b23a-2a3d783be77c","source":"Microsoft ML Buildings"},"geometry":{"type":"Polygon","coordinates":[[[72.319912,50.761302],[72.319958,50.761296],[72.319968,50.761327],[72.319923,50.761333],[72.319912,50.761302]]]}},{"type":"Feature","properties":{"id":"7de19be3-5ea2-4d5b-bcbf-44ee14b9f624","source":"Microsoft ML Buildings"},"geometry":{"type":"Polygon","coordinates":[[[72.320292,50.761781],[72.32023,50.761789],[72.320217,50.761743],[72.320279,50.761736],[72.320292,50.761781]]]}},{"type":"Feature","properties":{"id":"89ae6e3c-c726-40d9-a85a-38b4dbcf96bf","source":"Microsoft ML Buildings"},"geometry":{"type":"Polygon","coordinates":[[[72.320338,50.76201],[72.320426,50.761989],[72.320446,50.762022],[72.320358,50.762042],[72.320338,50.76201]]]}},{"type":"Feature","properties":{"id":"f64c9ee4-8850-438a-afa2-4e7ce4969f1d","source":"Microsoft ML Buildings"},"geometry":{"type":"Polygon","coordinates":[[[72.32047,50.761339],[72.32027,50.761377],[72.320165,50.761153],[72.320332,50.761122],[72.320351,50.761162],[72.320309,50.761169],[72.320347,50.76125],[72.320367,50.761246],[72.320397,50.76131],[72.320451,50.7613],[72.32047,50.761339]]]}},{"type":"Feature","properties":{"id":"5580994c-6800-4ceb-94a3-9a6c7f0833ff","source":"Microsoft ML Buildings"},"geometry":{"type":"Polygon","coordinates":[[[72.320527,50.760891],[72.320468,50.760907],[72.320501,50.760957],[72.320349,50.760998],[72.320254,50.760856],[72.320356,50.760828],[72.320393,50.760885],[72.320503,50.760855],[72.320527,50.760891]]]}},{"type":"Feature","properties":{"id":"d0e77ed6-2bde-44e4-84a6-92082fa711ba","source":"Microsoft ML Buildings"},"geometry":{"type":"Polygon","coordinates":[[[72.320291,50.760758],[72.320252,50.760699],[72.320335,50.760676],[72.320417,50.7608],[72.320329,50.760823],[72.320313,50.760799],[72.320219,50.760824],[72.320192,50.760784],[72.320291,50.760758]]]}},{"type":"Feature","properties":{"id":"fe747a6b-2bdd-4746-b878-479aae39f72f","source":"Microsoft ML Buildings"},"geometry":{"type":"Polygon","coordinates":[[[72.320246,50.759748],[72.320254,50.759762],[72.320329,50.759747],[72.320439,50.75996],[72.320393,50.75997],[72.32038,50.759943],[72.320268,50.759966],[72.320164,50.759766],[72.320246,50.759748]]]}},{"type":"Feature","properties":{"id":"bb97b1eb-7a5f-46f0-b047-113c8bdeed29","source":"Microsoft ML Buildings"},"geometry":{"type":"Polygon","coordinates":[[[72.32026,50.759392],[72.32041,50.759358],[72.32046,50.759446],[72.320408,50.759458],[72.320424,50.759486],[72.320326,50.759509],[72.32026,50.759392]]]}},{"type":"Feature","properties":{"id":"a5417c25-c2ad-4a09-a693-aedc9c66972b","source":"Microsoft ML Buildings"},"geometry":{"type":"Polygon","coordinates":[[[72.320127,50.759545],[72.320076,50.759451],[72.320175,50.75943],[72.320226,50.759524],[72.320127,50.759545]]]}},{"type":"Feature","properties":{"id":"75635dec-de43-4903-9932-414fa9cbd2a4","source":"Microsoft ML Buildings"},"geometry":{"type":"Polygon","coordinates":[[[72.320245,50.759924],[72.320189,50.75994],[72.320136,50.759865],[72.320192,50.759849],[72.320245,50.759924]]]}},{"type":"Feature","properties":{"id":"ac6e669c-a676-4825-8a9f-32e26342d3cd","source":"Microsoft ML Buildings"},"geometry":{"type":"Polygon","coordinates":[[[72.319908,50.760188],[72.319972,50.760174],[72.319996,50.760219],[72.319932,50.760232],[72.319908,50.760188]]]}},{"type":"Feature","properties":{"id":"bca0febe-c0d0-4e18-9301-91cdcd5d097a","source":"Microsoft ML Buildings"},"geometry":{"type":"Polygon","coordinates":[[[72.319738,50.759382],[72.319827,50.759356],[72.31985,50.759387],[72.319761,50.759413],[72.319738,50.759382]]]}},{"type":"Feature","properties":{"id":"6d1a56bb-f72c-4dc1-8d62-323e6b0b506a","source":"Microsoft ML Buildings"},"geometry":{"type":"Polygon","coordinates":[[[72.319843,50.759359],[72.319939,50.759332],[72.319958,50.759358],[72.319861,50.759385],[72.319843,50.759359]]]}},{"type":"Feature","properties":{"id":"2d9abedd-6cb6-4994-afae-8a9c1b20590f","source":"Microsoft ML Buildings"},"geometry":{"type":"Polygon","coordinates":[[[72.319986,50.759309],[72.320116,50.759283],[72.32013,50.759313],[72.32,50.759338],[72.319986,50.759309]]]}},{"type":"Feature","properties":{"id":"96886f34-d74f-4104-8012-b8ff945a61f6","source":"Microsoft ML Buildings"},"geometry":{"type":"Polygon","coordinates":[[[72.319981,50.759268],[72.319938,50.759195],[72.320072,50.759164],[72.32004,50.759108],[72.320214,50.759067],[72.32029,50.759196],[72.319981,50.759268]]]}},{"type":"Feature","properties":{"id":"ddca64db-f15e-42a7-8fe9-9cad1961cda4","source":"Microsoft ML Buildings"},"geometry":{"type":"Polygon","coordinates":[[[72.319812,50.758696],[72.31995,50.758666],[72.320028,50.758809],[72.31989,50.758839],[72.319812,50.758696]]]}},{"type":"Feature","properties":{"id":"b22bf5bc-73ad-4c91-812a-5f751ec9f9a0","source":"Microsoft ML Buildings"},"geometry":{"type":"Polygon","coordinates":[[[72.319833,50.75837],[72.319922,50.758351],[72.319947,50.758396],[72.319858,50.758416],[72.319833,50.75837]]]}},{"type":"Feature","properties":{"id":"00e1c4ae-07f0-465a-9142-8d9e82270977","source":"Microsoft ML Buildings"},"geometry":{"type":"Polygon","coordinates":[[[72.320957,50.758738],[72.320883,50.758567],[72.321025,50.758542],[72.321051,50.758602],[72.321014,50.758608],[72.32103,50.758646],[72.321107,50.758633],[72.321139,50.758706],[72.320957,50.758738]]]}},{"type":"Feature","properties":{"id":"ef57c408-3352-404e-beb4-9930df541720","source":"Microsoft ML Buildings"},"geometry":{"type":"Polygon","coordinates":[[[72.320609,50.760029],[72.320787,50.759988],[72.320849,50.760095],[72.320671,50.760136],[72.320609,50.760029]]]}},{"type":"Feature","properties":{"id":"60bc477f-1737-4493-9bbd-c26fe7dd253d","source":"Microsoft ML Buildings"},"geometry":{"type":"Polygon","coordinates":[[[72.320435,50.759657],[72.320589,50.759633],[72.320672,50.759846],[72.320517,50.75987],[72.320435,50.759657]]]}},{"type":"Feature","properties":{"id":"cd79b081-94f9-495c-968a-345f3ad7e9cc","source":"Microsoft ML Buildings"},"geometry":{"type":"Polygon","coordinates":[[[72.320377,50.760097],[72.320497,50.76007],[72.320616,50.760284],[72.320497,50.760311],[72.320377,50.760097]]]}},{"type":"Feature","properties":{"id":"c7c9fdca-c78f-4441-b87d-1310a36d2980","source":"Microsoft ML Buildings"},"geometry":{"type":"Polygon","coordinates":[[[72.320683,50.760505],[72.320807,50.760482],[72.320887,50.760661],[72.32054,50.760723],[72.320531,50.760702],[72.320675,50.760676],[72.320667,50.760659],[72.320746,50.760645],[72.320683,50.760505]]]}},{"type":"Feature","properties":{"id":"400fe489-cfe0-40fa-a1bc-0e74ff8e74a6","source":"Microsoft ML Buildings"},"geometry":{"type":"Polygon","coordinates":[[[72.320791,50.761158],[72.320673,50.761178],[72.320661,50.761148],[72.320779,50.761128],[72.320791,50.761158]]]}},{"type":"Feature","properties":{"id":"4ebf473a-44f6-44e7-8425-1d5d4745cb3f","source":"Microsoft ML Buildings"},"geometry":{"type":"Polygon","coordinates":[[[72.320523,50.761068],[72.320577,50.761054],[72.320617,50.761121],[72.320572,50.761132],[72.320589,50.76116],[72.320659,50.761143],[72.320742,50.761277],[72.32056,50.761322],[72.320402,50.761065],[72.320506,50.76104],[72.320523,50.761068]]]}},{"type":"Feature","properties":{"id":"cfde8059-d744-48e1-a230-23d5bddb8b3f","source":"Microsoft ML Buildings"},"geometry":{"type":"Polygon","coordinates":[[[72.320683,50.761648],[72.320494,50.761695],[72.320362,50.761481],[72.320538,50.761437],[72.320566,50.761482],[72.320523,50.761493],[72.320605,50.761625],[72.32066,50.761611],[72.320683,50.761648]]]}},{"type":"Feature","properties":{"id":"b2025804-990d-48fd-9258-6f68b9c90e7a","source":"Microsoft ML Buildings"},"geometry":{"type":"Polygon","coordinates":[[[72.32053,50.762164],[72.32046,50.762181],[72.320441,50.762151],[72.32051,50.762133],[72.32053,50.762164]]]}},{"type":"Feature","properties":{"id":"15d2fe50-914f-40a5-ab60-7a26fad9d515","source":"Microsoft ML Buildings"},"geometry":{"type":"Polygon","coordinates":[[[72.320823,50.762017],[72.32074,50.762038],[72.320582,50.761788],[72.320716,50.761754],[72.320864,50.761988],[72.320813,50.762001],[72.320823,50.762017]]]}},{"type":"Feature","properties":{"id":"de376eb9-3be9-4a0c-83e8-f04dabf76f80","source":"Microsoft ML Buildings"},"geometry":{"type":"Polygon","coordinates":[[[72.320735,50.761267],[72.320904,50.76122],[72.320938,50.761268],[72.320769,50.761315],[72.320735,50.761267]]]}},{"type":"Feature","properties":{"id":"57aa0065-8b9b-4f5d-a2f2-8b538a88f4fb","source":"Microsoft ML Buildings"},"geometry":{"type":"Polygon","coordinates":[[[72.320851,50.761583],[72.320739,50.761607],[72.320635,50.76141],[72.320789,50.761378],[72.320817,50.761432],[72.320855,50.761424],[72.320874,50.76146],[72.320941,50.761446],[72.320957,50.761476],[72.320897,50.761489],[72.320901,50.761497],[72.320919,50.761493],[72.320951,50.761553],[72.320917,50.761561],[72.320933,50.761591],[72.320863,50.761606],[72.320851,50.761583]]]}},{"type":"Feature","properties":{"id":"44a9df88-c93a-4a3b-8cae-28c64f262296","source":"Microsoft ML Buildings"},"geometry":{"type":"Polygon","coordinates":[[[72.320866,50.762166],[72.32082,50.762184],[72.320774,50.762137],[72.32082,50.762119],[72.320866,50.762166]]]}},{"type":"Feature","properties":{"id":"306331b1-cc0e-47ed-9680-1282168c3ade","source":"Microsoft ML Buildings"},"geometry":{"type":"Polygon","coordinates":[[[72.320923,50.761786],[72.321131,50.761741],[72.32124,50.761943],[72.320967,50.762003],[72.32094,50.761954],[72.320963,50.761949],[72.320925,50.761879],[72.320897,50.761885],[72.320832,50.761767],[72.320905,50.761751],[72.320923,50.761786]]]}},{"type":"Feature","properties":{"id":"af590e24-5324-45b2-a145-d80432d4e506","source":"Microsoft ML Buildings"},"geometry":{"type":"Polygon","coordinates":[[[72.321248,50.762083],[72.320869,50.762165],[72.320823,50.76208],[72.320924,50.762058],[72.320927,50.762064],[72.321206,50.762004],[72.321248,50.762083]]]}},{"type":"Feature","properties":{"id":"c9b49088-81c8-431d-85dc-937d0a0155eb","source":"Microsoft ML Buildings"},"geometry":{"type":"Polygon","coordinates":[[[72.320984,50.76146],[72.320971,50.761432],[72.321043,50.761418],[72.321057,50.761446],[72.320984,50.76146]]]}},{"type":"Feature","properties":{"id":"058ba942-4c04-474c-b15c-e372dd7231b9","source":"Microsoft ML Buildings"},"geometry":{"type":"Polygon","coordinates":[[[72.321058,50.76095],[72.320969,50.760969],[72.320944,50.760923],[72.321089,50.760892],[72.321226,50.761142],[72.3211,50.76117],[72.321036,50.761052],[72.321105,50.761036],[72.321058,50.76095]]]}},{"type":"Feature","properties":{"id":"5ce322a2-399e-4dce-9b6c-4fe6ecfeb002","source":"Microsoft ML Buildings"},"geometry":{"type":"Polygon","coordinates":[[[72.321052,50.760856],[72.321108,50.760855],[72.32111,50.76088],[72.321053,50.760881],[72.321052,50.760856]]]}},{"type":"Feature","properties":{"id":"740f516e-a0fe-42e6-b0a2-dfe2afd7eef9","source":"Microsoft ML Buildings"},"geometry":{"type":"Polygon","coordinates":[[[72.321045,50.760983],[72.320997,50.760999],[72.320977,50.760974],[72.321025,50.760958],[72.321045,50.760983]]]}},{"type":"Feature","properties":{"id":"fab91aa6-91b7-42ed-b945-dfe0472c5f76","source":"Microsoft ML Buildings"},"geometry":{"type":"Polygon","coordinates":[[[72.320948,50.760753],[72.320989,50.760747],[72.321,50.760778],[72.320959,50.760784],[72.320948,50.760753]]]}},{"type":"Feature","properties":{"id":"353e00e9-9548-4e12-ba70-beac80c7ce97","source":"Microsoft ML Buildings"},"geometry":{"type":"Polygon","coordinates":[[[72.320918,50.760483],[72.321077,50.760452],[72.32112,50.76054],[72.32096,50.760571],[72.320918,50.760483]]]}},{"type":"Feature","properties":{"id":"c3974918-1fd4-49e0-ab69-750c56742ec8","source":"Microsoft ML Buildings"},"geometry":{"type":"Polygon","coordinates":[[[72.321308,50.761085],[72.32121,50.760893],[72.321365,50.760861],[72.321463,50.761053],[72.321308,50.761085]]]}},{"type":"Feature","properties":{"id":"2d9c38aa-372f-43fd-a87c-2aafae377ba5","source":"Microsoft ML Buildings"},"geometry":{"type":"Polygon","coordinates":[[[72.321224,50.761783],[72.321156,50.7618],[72.32112,50.761741],[72.321188,50.761724],[72.321224,50.761783]]]}},{"type":"Feature","properties":{"id":"f92d8bd2-f525-497b-baea-254f9b1b30d7","source":"Microsoft ML Buildings"},"geometry":{"type":"Polygon","coordinates":[[[72.321425,50.761689],[72.321362,50.761699],[72.321333,50.761624],[72.32153,50.761593],[72.321563,50.761677],[72.321514,50.761685],[72.321535,50.761739],[72.321451,50.761753],[72.321425,50.761689]]]}},{"type":"Feature","properties":{"id":"5125ac6c-0689-46d4-b6a9-2d8ce790e165","source":"Microsoft ML Buildings"},"geometry":{"type":"Polygon","coordinates":[[[72.321314,50.761483],[72.321292,50.761438],[72.321441,50.761409],[72.321463,50.761454],[72.321314,50.761483]]]}},{"type":"Feature","properties":{"id":"bf981675-7dd8-4bd7-a0a1-864602396022","source":"Microsoft ML Buildings"},"geometry":{"type":"Polygon","coordinates":[[[72.321525,50.761423],[72.321485,50.761445],[72.321435,50.761409],[72.321474,50.761387],[72.321525,50.761423]]]}},{"type":"Feature","properties":{"id":"97b32ba5-9f9e-4fa7-8526-178de97e0599","source":"Microsoft ML Buildings"},"geometry":{"type":"Polygon","coordinates":[[[72.321619,50.761267],[72.321457,50.761303],[72.321403,50.761206],[72.321565,50.76117],[72.321619,50.761267]]]}},{"type":"Feature","properties":{"id":"f140f9cb-01d4-43a5-8429-c640613f15f0","source":"Microsoft ML Buildings"},"geometry":{"type":"Polygon","coordinates":[[[72.321518,50.761373],[72.321637,50.761338],[72.321686,50.761406],[72.321566,50.76144],[72.321518,50.761373]]]}},{"type":"Feature","properties":{"id":"b15b5739-d48d-41b6-bfdc-d0e558227901","source":"Microsoft ML Buildings"},"geometry":{"type":"Polygon","coordinates":[[[72.321579,50.761675],[72.321571,50.761647],[72.321655,50.761637],[72.321663,50.761665],[72.321579,50.761675]]]}},{"type":"Feature","properties":{"id":"699bdcb8-40df-4c32-a77c-d37e57a74e1e","source":"Microsoft ML Buildings"},"geometry":{"type":"Polygon","coordinates":[[[72.321499,50.761859],[72.321467,50.761785],[72.321561,50.761769],[72.321592,50.761843],[72.321499,50.761859]]]}},{"type":"Feature","properties":{"id":"63f6fd2d-5838-43df-9523-e8edf0439a28","source":"Microsoft ML Buildings"},"geometry":{"type":"Polygon","coordinates":[[[72.321767,50.76213],[72.321558,50.762158],[72.321524,50.762055],[72.321733,50.762027],[72.321767,50.76213]]]}},{"type":"Feature","properties":{"id":"4aa63447-1d1e-4ac8-8037-09c1e50b0380","source":"Microsoft ML Buildings"},"geometry":{"type":"Polygon","coordinates":[[[72.32164,50.761788],[72.321904,50.761738],[72.321933,50.761798],[72.321669,50.761848],[72.32164,50.761788]]]}},{"type":"Feature","properties":{"id":"525fc72f-e717-482d-9aa2-8600c8f2d159","source":"Microsoft ML Buildings"},"geometry":{"type":"Polygon","coordinates":[[[72.321857,50.761697],[72.321791,50.761705],[72.321803,50.761741],[72.321705,50.761753],[72.321652,50.761585],[72.321816,50.761564],[72.321857,50.761697]]]}},{"type":"Feature","properties":{"id":"22d613a9-7e5e-4292-8790-f2fa8a1db314","source":"Microsoft ML Buildings"},"geometry":{"type":"Polygon","coordinates":[[[72.321722,50.75964],[72.321759,50.759709],[72.321752,50.75971],[72.321818,50.759836],[72.321765,50.759848],[72.32175,50.759819],[72.321646,50.759841],[72.321558,50.759675],[72.321722,50.75964]]]}},{"type":"Feature","properties":{"id":"92d8a41c-ecdc-4cde-96d6-03c9ebaabdcd","source":"Microsoft ML Buildings"},"geometry":{"type":"Polygon","coordinates":[[[72.321815,50.759456],[72.321705,50.759481],[72.321674,50.759425],[72.321704,50.759418],[72.321688,50.75939],[72.321766,50.759372],[72.321815,50.759456]]]}},{"type":"Feature","properties":{"id":"602f2059-b872-4e3c-90fc-739210ec8958","source":"Microsoft ML Buildings"},"geometry":{"type":"Polygon","coordinates":[[[72.321482,50.75949],[72.321434,50.759388],[72.321558,50.759365],[72.321591,50.759436],[72.321546,50.759444],[72.321558,50.759471],[72.321617,50.75946],[72.321672,50.75958],[72.321594,50.759595],[72.321575,50.759554],[72.321481,50.759571],[72.321447,50.759496],[72.321482,50.75949]]]}},{"type":"Feature","properties":{"id":"8a964faa-e7eb-4de6-9a3c-597f337d8b70","source":"Microsoft ML Buildings"},"geometry":{"type":"Polygon","coordinates":[[[72.321149,50.759004],[72.321126,50.759008],[72.321081,50.758898],[72.321203,50.758878],[72.321288,50.759087],[72.32133,50.75908],[72.321346,50.759121],[72.321329,50.759124],[72.321342,50.759158],[72.321243,50.759174],[72.321206,50.759084],[72.321183,50.759088],[72.321149,50.759004]]]}},{"type":"Feature","properties":{"id":"e8b9a6c9-3818-44da-8fcb-4c4d9aa53fb7","source":"Microsoft ML Buildings"},"geometry":{"type":"Polygon","coordinates":[[[72.321069,50.758482],[72.321228,50.758446],[72.321283,50.758543],[72.321219,50.758558],[72.321234,50.758585],[72.321264,50.758578],[72.321303,50.758647],[72.321287,50.75865],[72.321326,50.758718],[72.321216,50.758743],[72.321069,50.758482]]]}},{"type":"Feature","properties":{"id":"2417f566-b13e-4a2e-83f0-645f1e96d558","source":"Microsoft ML Buildings"},"geometry":{"type":"Polygon","coordinates":[[[72.321316,50.75857],[72.321303,50.758544],[72.321373,50.75853],[72.321386,50.758556],[72.321316,50.75857]]]}},{"type":"Feature","properties":{"id":"e4293bce-bc93-4393-9700-320b05e80c6b","source":"Microsoft ML Buildings"},"geometry":{"type":"Polygon","coordinates":[[[72.321636,50.759068],[72.321554,50.759075],[72.321566,50.759134],[72.321524,50.759138],[72.321518,50.759111],[72.321475,50.759115],[72.321456,50.759023],[72.321624,50.759009],[72.321636,50.759068]]]}},{"type":"Feature","properties":{"id":"516d1d5f-f936-4822-89b9-d2872db30b2e","source":"Microsoft ML Buildings"},"geometry":{"type":"Polygon","coordinates":[[[72.32163,50.757845],[72.321688,50.757831],[72.321663,50.757789],[72.321812,50.757753],[72.321938,50.757966],[72.32187,50.757982],[72.321852,50.757953],[72.321713,50.757985],[72.32163,50.757845]]]}},{"type":"Feature","properties":{"id":"1f1833a4-d6f0-4d83-8552-6f3b6638d952","source":"Microsoft ML Buildings"},"geometry":{"type":"Polygon","coordinates":[[[72.321422,50.757422],[72.321548,50.757396],[72.321663,50.757618],[72.321607,50.75763],[72.321596,50.757608],[72.321475,50.757633],[72.321431,50.757547],[72.321481,50.757536],[72.321422,50.757422]]]}},{"type":"Feature","properties":{"id":"2833030e-eb62-4a67-b5c0-e93dff2f701b","source":"Microsoft ML Buildings"},"geometry":{"type":"Polygon","coordinates":[[[72.321706,50.757195],[72.321795,50.757171],[72.321832,50.757224],[72.321743,50.757249],[72.321706,50.757195]]]}},{"type":"Feature","properties":{"id":"1c5af0d7-dfd6-4b4d-9136-1d1711e7102b","source":"Microsoft ML Buildings"},"geometry":{"type":"Polygon","coordinates":[[[72.32177,50.75678],[72.321651,50.75658],[72.321795,50.756546],[72.321913,50.756746],[72.32177,50.75678]]]}},{"type":"Feature","properties":{"id":"d30b458e-550c-4a1e-ac58-fd1c0b99d1e9","source":"Microsoft ML Buildings"},"geometry":{"type":"Polygon","coordinates":[[[72.321493,50.756505],[72.321472,50.756475],[72.321545,50.756455],[72.321566,50.756485],[72.321493,50.756505]]]}},{"type":"Feature","properties":{"id":"e29728a8-6193-408a-81bc-dd966da44805","source":"Microsoft ML Buildings"},"geometry":{"type":"Polygon","coordinates":[[[72.321657,50.756385],[72.321513,50.756415],[72.321408,50.756218],[72.321553,50.756188],[72.321657,50.756385]]]}},{"type":"Feature","properties":{"id":"154d942f-bb37-4fee-a0f0-497039813f79","source":"Microsoft ML Buildings"},"geometry":{"type":"Polygon","coordinates":[[[72.321507,50.757104],[72.321557,50.757092],[72.321524,50.75704],[72.321596,50.757022],[72.321696,50.757183],[72.321576,50.757214],[72.321507,50.757104]]]}},{"type":"Feature","properties":{"id":"738a5fd1-7962-4cf0-a9f9-6bfa0d45dad3","source":"Microsoft ML Buildings"},"geometry":{"type":"Polygon","coordinates":[[[72.321423,50.757069],[72.321503,50.757052],[72.321533,50.757111],[72.321453,50.757127],[72.321423,50.757069]]]}},{"type":"Feature","properties":{"id":"a08146b7-c298-4b5a-8a28-66379347fe76","source":"Microsoft ML Buildings"},"geometry":{"type":"Polygon","coordinates":[[[72.321168,50.757125],[72.321138,50.757077],[72.321315,50.757032],[72.321499,50.757319],[72.321399,50.757345],[72.321375,50.757307],[72.321253,50.757338],[72.321177,50.757218],[72.321174,50.757219],[72.321122,50.757136],[72.321168,50.757125]]]}},{"type":"Feature","properties":{"id":"555961aa-41eb-48e8-8429-26aadf8a2edc","source":"Microsoft ML Buildings"},"geometry":{"type":"Polygon","coordinates":[[[72.321196,50.756731],[72.321369,50.75669],[72.321465,50.756853],[72.321288,50.756895],[72.321262,50.756851],[72.32132,50.756837],[72.321292,50.756789],[72.321238,50.756801],[72.321196,50.756731]]]}},{"type":"Feature","properties":{"id":"c6a0e6c3-50ac-4741-b590-15ed2b7fbc46","source":"Microsoft ML Buildings"},"geometry":{"type":"Polygon","coordinates":[[[72.321205,50.756568],[72.321118,50.756584],[72.321106,50.756557],[72.321173,50.756545],[72.321155,50.756506],[72.321175,50.756502],[72.321205,50.756568]]]}},{"type":"Feature","properties":{"id":"7c312623-4d22-4681-b346-d58dd0f72cd4","source":"Microsoft ML Buildings"},"geometry":{"type":"Polygon","coordinates":[[[72.321223,50.756956],[72.321146,50.756971],[72.321136,50.75695],[72.321076,50.756962],[72.321032,50.75687],[72.321169,50.756843],[72.321223,50.756956]]]}},{"type":"Feature","properties":{"id":"9be8a9be-2c3d-42fa-aad7-0672384a0cb0","source":"Microsoft ML Buildings"},"geometry":{"type":"Polygon","coordinates":[[[72.321463,50.75752],[72.321415,50.75753],[72.321378,50.75746],[72.321426,50.757449],[72.321463,50.75752]]]}},{"type":"Feature","properties":{"id":"95c48ff3-6b49-4a16-8a09-b4dfc47b809f","source":"Microsoft ML Buildings"},"geometry":{"type":"Polygon","coordinates":[[[72.320896,50.758169],[72.320967,50.758161],[72.320984,50.758224],[72.320913,50.758232],[72.320896,50.758169]]]}},{"type":"Feature","properties":{"id":"8d73e079-3050-4d0c-82e5-9ef17cd300ba","source":"Microsoft ML Buildings"},"geometry":{"type":"Polygon","coordinates":[[[72.320822,50.758129],[72.320787,50.758075],[72.320884,50.75805],[72.320948,50.75815],[72.320897,50.758163],[72.320867,50.758117],[72.320822,50.758129]]]}},{"type":"Feature","properties":{"id":"784e23e5-17ff-4f7c-8f2f-3be409c9cd65","source":"Microsoft ML Buildings"},"geometry":{"type":"Polygon","coordinates":[[[72.320755,50.758128],[72.320718,50.758137],[72.320777,50.758235],[72.320686,50.758257],[72.320584,50.75809],[72.320675,50.758068],[72.320694,50.758098],[72.320731,50.758089],[72.320755,50.758128]]]}},{"type":"Feature","properties":{"id":"00259661-c0d5-418f-8731-0753841106c0","source":"Microsoft ML Buildings"},"geometry":{"type":"Polygon","coordinates":[[[72.32055,50.757792],[72.320613,50.757781],[72.320546,50.757626],[72.320671,50.757605],[72.320716,50.757707],[72.320693,50.757711],[72.320715,50.757761],[72.320677,50.757767],[72.32069,50.757798],[72.320758,50.757786],[72.320796,50.757875],[72.320698,50.757892],[72.32068,50.75785],[72.320451,50.75789],[72.320426,50.75783],[72.320388,50.757837],[72.320354,50.757758],[72.320523,50.757729],[72.32055,50.757792]]]}},{"type":"Feature","properties":{"id":"4c4e2f3b-a3aa-482f-839b-63dff0702853","source":"Microsoft ML Buildings"},"geometry":{"type":"Polygon","coordinates":[[[72.320474,50.757497],[72.320477,50.757441],[72.320528,50.757443],[72.320524,50.757499],[72.320474,50.757497]]]}},{"type":"Feature","properties":{"id":"c01e2092-8dbb-45b7-b8d8-b2eeab248ee3","source":"Microsoft ML Buildings"},"geometry":{"type":"Polygon","coordinates":[[[72.320642,50.756381],[72.320627,50.756354],[72.320826,50.756311],[72.32091,50.756466],[72.320918,50.756464],[72.32095,50.756523],[72.320835,50.756548],[72.320854,50.756583],[72.320803,50.756594],[72.320698,50.7564],[72.320629,50.756415],[72.320614,50.756387],[72.320642,50.756381]]]}},{"type":"Feature","properties":{"id":"639336ba-d948-4185-b91b-5b7232b84c8c","source":"Microsoft ML Buildings"},"geometry":{"type":"Polygon","coordinates":[[[72.320926,50.756604],[72.320921,50.75657],[72.320987,50.756566],[72.320993,50.756599],[72.320926,50.756604]]]}},{"type":"Feature","properties":{"id":"4e399246-467a-44d9-be8f-b4e01997c835","source":"Microsoft ML Buildings"},"geometry":{"type":"Polygon","coordinates":[[[72.321013,50.756846],[72.320967,50.756857],[72.320947,50.756823],[72.320993,50.756812],[72.321013,50.756846]]]}},{"type":"Feature","properties":{"id":"d75c7f87-599e-4f89-b24f-d0bcf9228ddc","source":"Microsoft ML Buildings"},"geometry":{"type":"Polygon","coordinates":[[[72.321046,50.756916],[72.321005,50.756925],[72.320984,50.756889],[72.321026,50.75688],[72.321046,50.756916]]]}},{"type":"Feature","properties":{"id":"4f23ed6b-9369-4651-b8af-a6195263bc24","source":"Microsoft ML Buildings"},"geometry":{"type":"Polygon","coordinates":[[[72.32115,50.75684],[72.32104,50.756865],[72.321,50.756795],[72.32111,50.75677],[72.32115,50.75684]]]}},{"type":"Feature","properties":{"id":"d764c776-8df0-4adb-ade8-057d1e2e07fa","source":"Microsoft ML Buildings"},"geometry":{"type":"Polygon","coordinates":[[[72.321062,50.756716],[72.320995,50.756737],[72.320971,50.756705],[72.321038,50.756684],[72.321062,50.756716]]]}},{"type":"Feature","properties":{"id":"abbb8dc9-0488-4652-9fc7-a9bb66b2aaa7","source":"Microsoft ML Buildings"},"geometry":{"type":"Polygon","coordinates":[[[72.321051,50.756403],[72.32098,50.756417],[72.320946,50.756349],[72.321127,50.756313],[72.321208,50.756477],[72.321047,50.756509],[72.321021,50.756456],[72.321072,50.756446],[72.321051,50.756403]]]}},{"type":"Feature","properties":{"id":"b38a7591-ac9f-4f24-a6af-4d0a1e6c6558","source":"Microsoft ML Buildings"},"geometry":{"type":"Polygon","coordinates":[[[72.320888,50.755931],[72.320584,50.756009],[72.320507,50.75589],[72.320811,50.755812],[72.320888,50.755931]]]}},{"type":"Feature","properties":{"id":"fb57e7f9-558f-48c9-9fdd-59c167cca7c9","source":"Microsoft ML Buildings"},"geometry":{"type":"Polygon","coordinates":[[[72.320353,50.75573],[72.320662,50.755656],[72.320722,50.755756],[72.320413,50.75583],[72.320353,50.75573]]]}},{"type":"Feature","properties":{"id":"2e4db785-b54a-47c6-9216-3d1171e236e4","source":"Microsoft ML Buildings"},"geometry":{"type":"Polygon","coordinates":[[[72.321027,50.755659],[72.320976,50.755558],[72.321203,50.755512],[72.321221,50.755547],[72.321301,50.755531],[72.321334,50.755598],[72.321027,50.755659]]]}},{"type":"Feature","properties":{"id":"994123be-4013-4290-bfe2-65c6ea13ff1b","source":"Microsoft ML Buildings"},"geometry":{"type":"Polygon","coordinates":[[[72.32145,50.755718],[72.321394,50.755735],[72.321426,50.755777],[72.32119,50.755849],[72.321099,50.755728],[72.321212,50.755693],[72.321232,50.75572],[72.321411,50.755665],[72.32145,50.755718]]]}},{"type":"Feature","properties":{"id":"8018ddf8-1c83-437f-ba64-5c2463e22c2f","source":"Microsoft ML Buildings"},"geometry":{"type":"Polygon","coordinates":[[[72.321646,50.756157],[72.321606,50.75609],[72.321746,50.756056],[72.321786,50.756124],[72.321646,50.756157]]]}},{"type":"Feature","properties":{"id":"865749af-7fc5-4056-8174-6235716be6af","source":"Microsoft ML Buildings"},"geometry":{"type":"Polygon","coordinates":[[[72.321554,50.755518],[72.321536,50.755483],[72.321485,50.755493],[72.321451,50.755429],[72.321761,50.755364],[72.321781,50.755403],[72.321845,50.75539],[72.321877,50.755451],[72.321554,50.755518]]]}},{"type":"Feature","properties":{"id":"d096b467-29fe-445d-9fe8-d2d2c3955a23","source":"Microsoft ML Buildings"},"geometry":{"type":"Polygon","coordinates":[[[72.322541,50.756136],[72.3224,50.756179],[72.322254,50.755988],[72.322395,50.755945],[72.322541,50.756136]]]}},{"type":"Feature","properties":{"id":"5716ec46-3d74-44fe-afc9-02d87a0206b1","source":"Microsoft ML Buildings"},"geometry":{"type":"Polygon","coordinates":[[[72.322155,50.75629],[72.322091,50.756225],[72.322137,50.756207],[72.32204,50.756108],[72.32215,50.756065],[72.322311,50.756229],[72.322155,50.75629]]]}},{"type":"Feature","properties":{"id":"9b37ff31-5c16-4dc7-9c58-138e25768e19","source":"Microsoft ML Buildings"},"geometry":{"type":"Polygon","coordinates":[[[72.321682,50.755647],[72.321638,50.755559],[72.321997,50.755486],[72.322042,50.755574],[72.321682,50.755647]]]}},{"type":"Feature","properties":{"id":"ab8e4167-fc64-4df0-910a-83df3ec946f8","source":"Microsoft ML Buildings"},"geometry":{"type":"Polygon","coordinates":[[[72.321888,50.756352],[72.321789,50.756374],[72.321675,50.756165],[72.321793,50.75614],[72.321816,50.756182],[72.321842,50.756176],[72.321868,50.756223],[72.321911,50.756214],[72.321983,50.756346],[72.321894,50.756365],[72.321888,50.756352]]]}},{"type":"Feature","properties":{"id":"6c7cdd53-a35f-4836-9f2c-6be9e5838451","source":"Microsoft ML Buildings"},"geometry":{"type":"Polygon","coordinates":[[[72.32204,50.756417],[72.322206,50.756682],[72.322128,50.756701],[72.322154,50.756742],[72.322055,50.756767],[72.321864,50.756461],[72.32204,50.756417]]]}},{"type":"Feature","properties":{"id":"191ef581-361c-4f4e-a610-4506a68cba12","source":"Microsoft ML Buildings"},"geometry":{"type":"Polygon","coordinates":[[[72.322145,50.757079],[72.322007,50.757112],[72.321946,50.757009],[72.322085,50.756976],[72.322145,50.757079]]]}},{"type":"Feature","properties":{"id":"fa641df6-ee41-4902-a4d4-00dc76849c3f","source":"Microsoft ML Buildings"},"geometry":{"type":"Polygon","coordinates":[[[72.322033,50.757154],[72.321939,50.757178],[72.321912,50.757136],[72.322006,50.757112],[72.322033,50.757154]]]}},{"type":"Feature","properties":{"id":"609db764-c268-415d-b8d9-2862fc550588","source":"Microsoft ML Buildings"},"geometry":{"type":"Polygon","coordinates":[[[72.321685,50.757414],[72.321724,50.757404],[72.321712,50.757385],[72.321813,50.757359],[72.321914,50.757516],[72.321776,50.757552],[72.321732,50.757483],[72.321764,50.757475],[72.321744,50.757445],[72.32171,50.757454],[72.321685,50.757414]]]}},{"type":"Feature","properties":{"id":"7a0bf08e-4628-4f98-98b4-dce03ffb2cca","source":"Microsoft ML Buildings"},"geometry":{"type":"Polygon","coordinates":[[[72.321872,50.757745],[72.322065,50.757707],[72.322148,50.757875],[72.32197,50.75791],[72.321938,50.757846],[72.322006,50.757832],[72.321991,50.757801],[72.321908,50.757818],[72.321872,50.757745]]]}},{"type":"Feature","properties":{"id":"8938fff2-b5f0-4f41-9d5a-c410a6ab44a8","source":"Microsoft ML Buildings"},"geometry":{"type":"Polygon","coordinates":[[[72.321982,50.758247],[72.321922,50.758171],[72.322052,50.75813],[72.322112,50.758205],[72.321982,50.758247]]]}},{"type":"Feature","properties":{"id":"8cc17b94-a769-4064-995e-57b5bbb43502","source":"Microsoft ML Buildings"},"geometry":{"type":"Polygon","coordinates":[[[72.32222,50.757351],[72.322199,50.757304],[72.32214,50.757314],[72.322114,50.757258],[72.322275,50.757229],[72.322365,50.757428],[72.322237,50.757451],[72.322194,50.757356],[72.32222,50.757351]]]}},{"type":"Feature","properties":{"id":"93e92dad-595b-49d1-97ee-fa08c31d11f7","source":"Microsoft ML Buildings"},"geometry":{"type":"Polygon","coordinates":[[[72.322168,50.758002],[72.322243,50.757985],[72.322332,50.758149],[72.322194,50.758179],[72.322165,50.758126],[72.322199,50.758119],[72.322183,50.75809],[72.322123,50.758103],[72.322081,50.758026],[72.322134,50.758014],[72.32215,50.758043],[72.322186,50.758035],[72.322168,50.758002]]]}},{"type":"Feature","properties":{"id":"87a614d7-6a59-48e3-9301-38d6cb2de42f","source":"Microsoft ML Buildings"},"geometry":{"type":"Polygon","coordinates":[[[72.32243,50.756934],[72.322384,50.756944],[72.322368,50.756914],[72.322413,50.756904],[72.32243,50.756934]]]}},{"type":"Feature","properties":{"id":"d3f0ba52-d95f-4174-9b92-479afc3d464f","source":"Microsoft ML Buildings"},"geometry":{"type":"Polygon","coordinates":[[[72.322425,50.757044],[72.322263,50.757096],[72.322214,50.757035],[72.322377,50.756983],[72.322425,50.757044]]]}},{"type":"Feature","properties":{"id":"e12047df-714a-4757-a503-a1876f2e3eba","source":"Microsoft ML Buildings"},"geometry":{"type":"Polygon","coordinates":[[[72.322121,50.757166],[72.322081,50.757129],[72.322132,50.757107],[72.322172,50.757144],[72.322121,50.757166]]]}},{"type":"Feature","properties":{"id":"f0bbcd16-4bd7-42ae-99cb-f8d154df6f63","source":"Microsoft ML Buildings"},"geometry":{"type":"Polygon","coordinates":[[[72.322151,50.756878],[72.322194,50.756866],[72.322216,50.7569],[72.322173,50.756911],[72.322151,50.756878]]]}},{"type":"Feature","properties":{"id":"6ca49f96-9866-4f95-a79a-e9313f869760","source":"Microsoft ML Buildings"},"geometry":{"type":"Polygon","coordinates":[[[72.322195,50.75695],[72.322361,50.75691],[72.322378,50.756938],[72.322347,50.756945],[72.322372,50.756986],[72.322236,50.757019],[72.322195,50.75695]]]}},{"type":"Feature","properties":{"id":"6a11cccb-c0f2-4742-84b5-632f7801c65e","source":"Microsoft ML Buildings"},"geometry":{"type":"Polygon","coordinates":[[[72.322548,50.756629],[72.322526,50.756597],[72.322425,50.756624],[72.322306,50.756449],[72.322363,50.756434],[72.322342,50.756402],[72.322477,50.756366],[72.322638,50.756605],[72.322548,50.756629]]]}},{"type":"Feature","properties":{"id":"669b707d-2a7d-49b7-926f-981a596930f1","source":"Microsoft ML Buildings"},"geometry":{"type":"Polygon","coordinates":[[[72.32257,50.756332],[72.322705,50.756285],[72.322865,50.75647],[72.32273,50.756517],[72.32257,50.756332]]]}},{"type":"Feature","properties":{"id":"ce672d2f-2d6d-43d1-aa4f-3c449192c9bc","source":"Microsoft ML Buildings"},"geometry":{"type":"Polygon","coordinates":[[[72.322662,50.756911],[72.322694,50.756898],[72.322737,50.75694],[72.322705,50.756953],[72.322662,50.756911]]]}},{"type":"Feature","properties":{"id":"712a9f1f-c2cd-4d76-9ae7-4f25a57767e0","source":"Microsoft ML Buildings"},"geometry":{"type":"Polygon","coordinates":[[[72.322678,50.756722],[72.322654,50.756698],[72.322716,50.756674],[72.322928,50.756893],[72.322884,50.75691],[72.322894,50.75692],[72.322781,50.756964],[72.32275,50.756932],[72.322736,50.756938],[72.322653,50.756852],[72.322614,50.756867],[72.322573,50.756825],[72.322661,50.756791],[72.322617,50.756745],[72.322678,50.756722]]]}},{"type":"Feature","properties":{"id":"03a130ac-dcb8-4f54-a08a-3baf60844c89","source":"Microsoft ML Buildings"},"geometry":{"type":"Polygon","coordinates":[[[72.322547,50.75673],[72.322585,50.756715],[72.32262,50.756751],[72.322582,50.756765],[72.322547,50.75673]]]}},{"type":"Feature","properties":{"id":"91ad1ccd-c622-4783-9cb2-47f2245e3952","source":"Microsoft ML Buildings"},"geometry":{"type":"Polygon","coordinates":[[[72.322543,50.757219],[72.322413,50.757245],[72.322388,50.757196],[72.322519,50.757169],[72.322543,50.757219]]]}},{"type":"Feature","properties":{"id":"a354cece-c398-43c7-95e3-846da15eab8a","source":"Microsoft ML Buildings"},"geometry":{"type":"Polygon","coordinates":[[[72.322647,50.757314],[72.322656,50.757311],[72.32271,50.757388],[72.322544,50.757434],[72.322453,50.757303],[72.322609,50.75726],[72.322647,50.757314]]]}},{"type":"Feature","properties":{"id":"f888d13f-8b41-492c-8a08-75e1b2bc9186","source":"Microsoft ML Buildings"},"geometry":{"type":"Polygon","coordinates":[[[72.322515,50.757751],[72.322431,50.757767],[72.32237,50.757635],[72.322414,50.757627],[72.322398,50.757592],[72.322516,50.75757],[72.322605,50.75776],[72.322526,50.757775],[72.322515,50.757751]]]}},{"type":"Feature","properties":{"id":"45243039-b66f-45bf-9450-99422235a541","source":"Microsoft ML Buildings"},"geometry":{"type":"Polygon","coordinates":[[[72.322662,50.758009],[72.322607,50.758022],[72.322554,50.757931],[72.322739,50.757888],[72.32279,50.757976],[72.322741,50.757988],[72.322757,50.758015],[72.322677,50.758033],[72.322662,50.758009]]]}},{"type":"Feature","properties":{"id":"f3c49846-5298-4088-b73e-21dc1ea6b6a2","source":"Microsoft ML Buildings"},"geometry":{"type":"Polygon","coordinates":[[[72.322853,50.757699],[72.322794,50.757711],[72.322804,50.75773],[72.322741,50.757743],[72.322679,50.757626],[72.322801,50.7576],[72.322853,50.757699]]]}},{"type":"Feature","properties":{"id":"a1d079b2-66d3-473a-8734-19e82171b1f5","source":"Microsoft ML Buildings"},"geometry":{"type":"Polygon","coordinates":[[[72.322787,50.757594],[72.322741,50.757491],[72.322812,50.757479],[72.322857,50.757581],[72.322787,50.757594]]]}},{"type":"Feature","properties":{"id":"1a3196ff-c067-4fcb-a306-8c92681e2e6b","source":"Microsoft ML Buildings"},"geometry":{"type":"Polygon","coordinates":[[[72.322866,50.757926],[72.322975,50.757909],[72.323007,50.757992],[72.322898,50.758009],[72.322866,50.757926]]]}},{"type":"Feature","properties":{"id":"0327a083-e442-434d-9b9d-383bd1a7271b","source":"Microsoft ML Buildings"},"geometry":{"type":"Polygon","coordinates":[[[72.322809,50.757824],[72.322908,50.757809],[72.32293,50.757871],[72.322831,50.757885],[72.322809,50.757824]]]}},{"type":"Feature","properties":{"id":"e253b3a8-2a94-4e6f-a3dd-822b38628cea","source":"Microsoft ML Buildings"},"geometry":{"type":"Polygon","coordinates":[[[72.323028,50.757158],[72.322968,50.757177],[72.322886,50.757073],[72.322998,50.757038],[72.322994,50.757032],[72.323063,50.757011],[72.323226,50.757219],[72.323106,50.757257],[72.323028,50.757158]]]}},{"type":"Feature","properties":{"id":"021cb9ae-2f8c-40a5-99a8-10539ff6e1c2","source":"Microsoft ML Buildings"},"geometry":{"type":"Polygon","coordinates":[[[72.322999,50.756448],[72.323036,50.756439],[72.32306,50.756479],[72.323023,50.756488],[72.322999,50.756448]]]}},{"type":"Feature","properties":{"id":"30482fef-3599-47aa-aaa2-d17c7f4def7b","source":"Microsoft ML Buildings"},"geometry":{"type":"Polygon","coordinates":[[[72.323012,50.756832],[72.322881,50.756638],[72.323032,50.756597],[72.323163,50.756792],[72.323012,50.756832]]]}},{"type":"Feature","properties":{"id":"99e0e1e5-1c79-4f50-8fe6-db03f3ce7b99","source":"Microsoft ML Buildings"},"geometry":{"type":"Polygon","coordinates":[[[72.324154,50.758109],[72.324196,50.758092],[72.324232,50.758129],[72.32419,50.758145],[72.324154,50.758109]]]}},{"type":"Feature","properties":{"id":"4a9b1eee-7c2c-4998-b7aa-3b82d940a807","source":"Microsoft ML Buildings"},"geometry":{"type":"Polygon","coordinates":[[[72.323979,50.757835],[72.324143,50.757788],[72.324266,50.757957],[72.324102,50.758005],[72.323979,50.757835]]]}},{"type":"Feature","properties":{"id":"d1537fda-35d6-4ab4-a206-45c2c7abf184","source":"Microsoft ML Buildings"},"geometry":{"type":"Polygon","coordinates":[[[72.32373,50.757571],[72.32388,50.757519],[72.324012,50.757669],[72.32396,50.757687],[72.323985,50.757716],[72.323887,50.75775],[72.32373,50.757571]]]}},{"type":"Feature","properties":{"id":"abc2961f-bb11-4826-8d48-72eac4aa017b","source":"Microsoft ML Buildings"},"geometry":{"type":"Polygon","coordinates":[[[72.32379,50.757877],[72.323814,50.757904],[72.323864,50.757888],[72.324023,50.758079],[72.32387,50.75813],[72.32382,50.758069],[72.323799,50.758076],[72.32369,50.757946],[72.323727,50.757933],[72.323704,50.757906],[72.32379,50.757877]]]}},{"type":"Feature","properties":{"id":"647e7ad3-eb7b-4810-af09-6adc9562e3e4","source":"Microsoft ML Buildings"},"geometry":{"type":"Polygon","coordinates":[[[72.323491,50.757682],[72.323628,50.757638],[72.32378,50.757829],[72.323636,50.757875],[72.323521,50.75773],[72.323527,50.757728],[72.323491,50.757682]]]}},{"type":"Feature","properties":{"id":"aa608f30-54c4-4be1-9981-457e79734766","source":"Microsoft ML Buildings"},"geometry":{"type":"Polygon","coordinates":[[[72.323596,50.758011],[72.323666,50.758],[72.323688,50.758055],[72.323618,50.758066],[72.323596,50.758011]]]}},{"type":"Feature","properties":{"id":"a927e6b9-b538-4091-ae0e-6ef3e0656b96","source":"Microsoft ML Buildings"},"geometry":{"type":"Polygon","coordinates":[[[72.323629,50.757974],[72.323571,50.757992],[72.323554,50.75797],[72.323612,50.757952],[72.323629,50.757974]]]}},{"type":"Feature","properties":{"id":"76a9ef9e-2eb9-43a0-94e4-cd48655f6de1","source":"Microsoft ML Buildings"},"geometry":{"type":"Polygon","coordinates":[[[72.32348,50.757319],[72.323649,50.757268],[72.323768,50.757427],[72.3236,50.757478],[72.32348,50.757319]]]}},{"type":"Feature","properties":{"id":"3cbe2aed-b80c-4f73-82d5-41cd7aa2395b","source":"Microsoft ML Buildings"},"geometry":{"type":"Polygon","coordinates":[[[72.323467,50.75711],[72.323326,50.757155],[72.323179,50.756972],[72.323319,50.756926],[72.323467,50.75711]]]}},{"type":"Feature","properties":{"id":"63a8aeac-94a0-4470-b39e-201c9201f515","source":"Microsoft ML Buildings"},"geometry":{"type":"Polygon","coordinates":[[[72.3232,50.756968],[72.323162,50.756938],[72.32322,50.756909],[72.323258,50.75694],[72.3232,50.756968]]]}},{"type":"Feature","properties":{"id":"8bdbe5c5-5122-459b-ac86-23c38f017f46","source":"Microsoft ML Buildings"},"geometry":{"type":"Polygon","coordinates":[[[72.323461,50.757488],[72.32342,50.7575],[72.323447,50.757534],[72.323299,50.757581],[72.32324,50.757506],[72.323227,50.75751],[72.323156,50.757421],[72.323358,50.757357],[72.323461,50.757488]]]}},{"type":"Feature","properties":{"id":"2cb86da7-17a9-4ba6-ae9a-ac206e284dc7","source":"Microsoft ML Buildings"},"geometry":{"type":"Polygon","coordinates":[[[72.323205,50.758138],[72.32316,50.758147],[72.323215,50.758253],[72.323108,50.758276],[72.323086,50.758234],[72.323125,50.758226],[72.323082,50.758145],[72.323127,50.758136],[72.323102,50.758088],[72.323171,50.758074],[72.323205,50.758138]]]}},{"type":"Feature","properties":{"id":"5f4b5ae8-1180-4d45-b278-1b940583afb3","source":"Microsoft ML Buildings"},"geometry":{"type":"Polygon","coordinates":[[[72.32329,50.75855],[72.323279,50.758552],[72.323205,50.758415],[72.323302,50.758394],[72.323319,50.758426],[72.323426,50.758403],[72.323442,50.758432],[72.323474,50.758425],[72.323493,50.75846],[72.323457,50.758468],[72.323501,50.758548],[72.323311,50.758589],[72.32329,50.75855]]]}},{"type":"Feature","properties":{"id":"800c36e8-dda8-44a7-a48f-49a620f90477","source":"Microsoft ML Buildings"},"geometry":{"type":"Polygon","coordinates":[[[72.323452,50.759047],[72.323375,50.759068],[72.323351,50.759033],[72.323427,50.759012],[72.323452,50.759047]]]}},{"type":"Feature","properties":{"id":"b874be23-4740-4a73-afca-43496c76bd23","source":"Microsoft ML Buildings"},"geometry":{"type":"Polygon","coordinates":[[[72.323418,50.758872],[72.323205,50.758912],[72.323129,50.75875],[72.323272,50.758723],[72.323304,50.75879],[72.323318,50.758787],[72.323348,50.758851],[72.323403,50.75884],[72.323418,50.758872]]]}},{"type":"Feature","properties":{"id":"5b2949b9-5226-4c68-8343-01bf69538301","source":"Microsoft ML Buildings"},"geometry":{"type":"Polygon","coordinates":[[[72.32357,50.759334],[72.323608,50.759326],[72.323625,50.759357],[72.323541,50.759375],[72.323512,50.759321],[72.323558,50.759311],[72.32357,50.759334]]]}},{"type":"Feature","properties":{"id":"40baea2b-74f8-4eb0-b638-39f95d26673e","source":"Microsoft ML Buildings"},"geometry":{"type":"Polygon","coordinates":[[[72.323552,50.759403],[72.323583,50.759396],[72.323618,50.75946],[72.323587,50.759467],[72.323552,50.759403]]]}},{"type":"Feature","properties":{"id":"5e62a82a-555d-44a0-9714-33ecaf68ad68","source":"Microsoft ML Buildings"},"geometry":{"type":"Polygon","coordinates":[[[72.323792,50.759329],[72.323863,50.759316],[72.323923,50.75944],[72.32364,50.759494],[72.323591,50.759392],[72.323802,50.759351],[72.323792,50.759329]]]}},{"type":"Feature","properties":{"id":"1de5256d-cec0-4f2b-9fa8-97505040dafc","source":"Microsoft ML Buildings"},"geometry":{"type":"Polygon","coordinates":[[[72.323685,50.759176],[72.323759,50.759161],[72.323772,50.759188],[72.323699,50.759202],[72.323685,50.759176]]]}},{"type":"Feature","properties":{"id":"1b03ea18-5510-4dd1-a76b-048f5379b9eb","source":"Microsoft ML Buildings"},"geometry":{"type":"Polygon","coordinates":[[[72.323765,50.759073],[72.323819,50.75906],[72.323862,50.759131],[72.323709,50.759168],[72.323607,50.758996],[72.323782,50.758955],[72.323797,50.75898],[72.323721,50.758998],[72.323765,50.759073]]]}},{"type":"Feature","properties":{"id":"d654759d-78c4-45ef-8db3-e827b36941e3","source":"Microsoft ML Buildings"},"geometry":{"type":"Polygon","coordinates":[[[72.323715,50.758915],[72.323781,50.758897],[72.323799,50.758924],[72.323733,50.758942],[72.323715,50.758915]]]}},{"type":"Feature","properties":{"id":"75f2e823-1e88-4b1b-9b16-3b7c0bf13cdd","source":"Microsoft ML Buildings"},"geometry":{"type":"Polygon","coordinates":[[[72.323583,50.759147],[72.323445,50.759189],[72.323401,50.75913],[72.323539,50.759088],[72.323583,50.759147]]]}},{"type":"Feature","properties":{"id":"e83888bd-1a44-405f-a829-6bb0cf892e8f","source":"Microsoft ML Buildings"},"geometry":{"type":"Polygon","coordinates":[[[72.323584,50.758813],[72.323572,50.758781],[72.323633,50.758772],[72.323645,50.758804],[72.323584,50.758813]]]}},{"type":"Feature","properties":{"id":"0990a5ae-0dca-421b-8a23-3a6e96c69279","source":"Microsoft ML Buildings"},"geometry":{"type":"Polygon","coordinates":[[[72.323413,50.758733],[72.323376,50.758664],[72.323577,50.758622],[72.323627,50.758718],[72.323527,50.758739],[72.323513,50.758711],[72.323413,50.758733]]]}},{"type":"Feature","properties":{"id":"436f26da-9cd5-4edc-b297-4ab2155b9951","source":"Microsoft ML Buildings"},"geometry":{"type":"Polygon","coordinates":[[[72.323455,50.758401],[72.323495,50.758386],[72.323535,50.758429],[72.323495,50.758444],[72.323455,50.758401]]]}},{"type":"Feature","properties":{"id":"a6db54b7-59c7-47eb-8e10-c0437785b843","source":"Microsoft ML Buildings"},"geometry":{"type":"Polygon","coordinates":[[[72.323551,50.758436],[72.32359,50.758428],[72.323605,50.758459],[72.323566,50.758466],[72.323551,50.758436]]]}},{"type":"Feature","properties":{"id":"34e4d0d9-ac49-4d76-aa85-4929a4b52827","source":"Microsoft ML Buildings"},"geometry":{"type":"Polygon","coordinates":[[[72.323737,50.759282],[72.323702,50.759209],[72.32384,50.759183],[72.323857,50.759219],[72.323918,50.759207],[72.323901,50.75917],[72.323971,50.759157],[72.324004,50.759226],[72.323963,50.759234],[72.323974,50.759256],[72.323851,50.759279],[72.323843,50.759262],[72.323737,50.759282]]]}},{"type":"Feature","properties":{"id":"a07f2a24-f9b3-4f11-b324-dcf3e75b8293","source":"Microsoft ML Buildings"},"geometry":{"type":"Polygon","coordinates":[[[72.323814,50.759054],[72.323797,50.759019],[72.32388,50.759003],[72.323897,50.759038],[72.323814,50.759054]]]}},{"type":"Feature","properties":{"id":"32baed29-1d78-46e0-947c-eb2f622922fd","source":"Microsoft ML Buildings"},"geometry":{"type":"Polygon","coordinates":[[[72.324398,50.758559],[72.324377,50.758528],[72.324459,50.758506],[72.324479,50.758537],[72.324398,50.758559]]]}},{"type":"Feature","properties":{"id":"b6deeb7d-1051-4d6c-a008-bbf31263c6de","source":"Microsoft ML Buildings"},"geometry":{"type":"Polygon","coordinates":[[[72.324122,50.759064],[72.324288,50.759037],[72.324359,50.759214],[72.324286,50.759225],[72.324296,50.759249],[72.324223,50.759261],[72.324194,50.759189],[72.32405,50.759212],[72.324033,50.759168],[72.324163,50.759147],[72.324151,50.759115],[72.324143,50.759116],[72.324122,50.759064]]]}},{"type":"Feature","properties":{"id":"e8dfa25f-129d-48da-8c47-f8231fd9a43a","source":"Microsoft ML Buildings"},"geometry":{"type":"Polygon","coordinates":[[[72.324083,50.75936],[72.32406,50.759298],[72.324369,50.759253],[72.324408,50.759358],[72.324151,50.759395],[72.324135,50.759353],[72.324083,50.75936]]]}},{"type":"Feature","properties":{"id":"d7fd3277-314d-480b-95bc-3543844af84c","source":"Microsoft ML Buildings"},"geometry":{"type":"Polygon","coordinates":[[[72.32444,50.759963],[72.324396,50.759968],[72.324386,50.759934],[72.32443,50.759929],[72.32444,50.759963]]]}},{"type":"Feature","properties":{"id":"37042acd-54c2-41a4-bd2b-373fcfb88af8","source":"OpenStreetMap"},"geometry":{"type":"Polygon","coordinates":[[[72.323965,50.76103],[72.323858,50.761055],[72.323744,50.760853],[72.323851,50.760828],[72.323965,50.76103]]]}},{"type":"Feature","properties":{"id":"14cb1e3d-f11e-4c79-88e8-b873d4a465af","source":"Microsoft ML Buildings"},"geometry":{"type":"Polygon","coordinates":[[[72.324089,50.760534],[72.324005,50.760324],[72.324149,50.760301],[72.324175,50.760366],[72.324138,50.760372],[72.324167,50.760444],[72.324223,50.760435],[72.324236,50.760468],[72.324194,50.760475],[72.32421,50.760515],[72.324089,50.760534]]]}},{"type":"Feature","properties":{"id":"9d322600-904e-470a-9b82-d107cac5c0c4","source":"Microsoft ML Buildings"},"geometry":{"type":"Polygon","coordinates":[[[72.324336,50.76029],[72.324258,50.760302],[72.324241,50.760259],[72.32432,50.760247],[72.324336,50.76029]]]}},{"type":"Feature","properties":{"id":"2445d9e9-cfe8-4f99-a53c-f51a1bd3fd18","source":"Microsoft ML Buildings"},"geometry":{"type":"Polygon","coordinates":[[[72.324329,50.760408],[72.324369,50.760402],[72.324355,50.760367],[72.324416,50.760357],[72.324445,50.760433],[72.324344,50.760448],[72.324329,50.760408]]]}},{"type":"Feature","properties":{"id":"748e9bbd-cb5c-4649-b1f3-053fcb9e6125","source":"OpenStreetMap"},"geometry":{"type":"Polygon","coordinates":[[[72.324423,50.761863],[72.324328,50.761885],[72.324213,50.761684],[72.324308,50.761662],[72.324423,50.761863]]]}},{"type":"Feature","properties":{"id":"5eb4e9b0-b2f9-46c9-a207-23995bc4d466","source":"Microsoft ML Buildings"},"geometry":{"type":"Polygon","coordinates":[[[72.324121,50.761898],[72.324022,50.761919],[72.323963,50.761804],[72.324104,50.761776],[72.324133,50.761832],[72.324091,50.76184],[72.324121,50.761898]]]}},{"type":"Feature","properties":{"id":"ef7dacb5-74cf-461e-9aab-3da64cd1c7b9","source":"OpenStreetMap"},"geometry":{"type":"Polygon","coordinates":[[[72.324195,50.761449],[72.324094,50.761471],[72.323982,50.761267],[72.324083,50.761245],[72.324195,50.761449]]]}},{"type":"Feature","properties":{"id":"b237ca63-d684-4ffa-a025-fa54a1cc395c","source":"Microsoft ML Buildings"},"geometry":{"type":"Polygon","coordinates":[[[72.324007,50.761578],[72.323854,50.761608],[72.323834,50.761568],[72.323987,50.761538],[72.324007,50.761578]]]}},{"type":"Feature","properties":{"id":"653337db-f0e6-4914-9a84-6cd95acc7289","source":"Microsoft ML Buildings"},"geometry":{"type":"Polygon","coordinates":[[[72.323909,50.761387],[72.323886,50.76134],[72.323915,50.761334],[72.323938,50.761381],[72.323909,50.761387]]]}},{"type":"Feature","properties":{"id":"f0776303-305f-44e6-9f6a-bf2ed17eeeab","source":"Microsoft ML Buildings"},"geometry":{"type":"Polygon","coordinates":[[[72.323722,50.761373],[72.323893,50.761339],[72.323967,50.761489],[72.323796,50.761523],[72.323722,50.761373]]]}},{"type":"Feature","properties":{"id":"042846c1-a7e6-4db9-b365-677c31098698","source":"Microsoft ML Buildings"},"geometry":{"type":"Polygon","coordinates":[[[72.323785,50.761931],[72.323744,50.761938],[72.323728,50.761902],[72.323769,50.761895],[72.323785,50.761931]]]}},{"type":"Feature","properties":{"id":"e16029c5-2149-4212-a4f7-4c5e8664f760","source":"Microsoft ML Buildings"},"geometry":{"type":"Polygon","coordinates":[[[72.323649,50.760675],[72.323813,50.760649],[72.323836,50.760706],[72.323672,50.760732],[72.323649,50.760675]]]}},{"type":"Feature","properties":{"id":"dcbd49ae-a494-4dad-a78f-200815289e27","source":"Microsoft ML Buildings"},"geometry":{"type":"Polygon","coordinates":[[[72.323524,50.760434],[72.323647,50.760413],[72.323733,50.760619],[72.32361,50.760639],[72.323524,50.760434]]]}},{"type":"Feature","properties":{"id":"51a9b34d-c239-4264-a1f9-97caabf9401a","source":"Microsoft ML Buildings"},"geometry":{"type":"Polygon","coordinates":[[[72.323453,50.760725],[72.32354,50.760708],[72.323564,50.760756],[72.323516,50.760766],[72.323509,50.760752],[72.32347,50.760759],[72.323453,50.760725]]]}},{"type":"Feature","properties":{"id":"c2f9cf97-a130-4986-9689-e5e608a8d23f","source":"OpenStreetMap"},"geometry":{"type":"Polygon","coordinates":[[[72.323646,50.761075],[72.323549,50.761098],[72.323461,50.760948],[72.323557,50.760925],[72.323646,50.761075]]]}},{"type":"Feature","properties":{"id":"a17da133-fb01-4e7c-8823-6d290676ec55","source":"Microsoft ML Buildings"},"geometry":{"type":"Polygon","coordinates":[[[72.323169,50.760537],[72.323435,50.76049],[72.323505,50.76065],[72.323331,50.76068],[72.3233,50.760609],[72.323208,50.760626],[72.323169,50.760537]]]}},{"type":"Feature","properties":{"id":"0525788b-8203-4f9a-a9b1-5ea281762e1e","source":"OpenStreetMap"},"geometry":{"type":"Polygon","coordinates":[[[72.323055,50.761975],[72.322872,50.762015],[72.322652,50.761617],[72.322834,50.761576],[72.323055,50.761975]]]}},{"type":"Feature","properties":{"id":"21227441-3598-4247-93b1-2e565000a675","source":"OpenStreetMap"},"geometry":{"type":"Polygon","coordinates":[[[72.322892,50.761338],[72.32272,50.76138],[72.322585,50.76116],[72.322757,50.761118],[72.322892,50.761338]]]}},{"type":"Feature","properties":{"id":"ccb96af2-f994-4785-8ea0-32ee1c431298","source":"Microsoft ML Buildings"},"geometry":{"type":"Polygon","coordinates":[[[72.32244,50.760352],[72.32238,50.760246],[72.322511,50.760217],[72.32257,50.760322],[72.32244,50.760352]]]}},{"type":"Feature","properties":{"id":"82cb8b4b-2eb3-4e0c-a1b1-854074d09538","source":"OpenStreetMap"},"geometry":{"type":"Polygon","coordinates":[[[72.323209,50.761194],[72.323051,50.761228],[72.322966,50.761066],[72.323124,50.761032],[72.323209,50.761194]]]}},{"type":"Feature","properties":{"id":"49547cb0-9350-44e6-a3c3-046e3d614c54","source":"Microsoft ML Buildings"},"geometry":{"type":"Polygon","coordinates":[[[72.323039,50.76071],[72.322968,50.760716],[72.322962,50.760689],[72.323034,50.760684],[72.323039,50.76071]]]}},{"type":"Feature","properties":{"id":"e5cd655b-e52e-49fb-9e68-2e4a4c7dda36","source":"Microsoft ML Buildings"},"geometry":{"type":"Polygon","coordinates":[[[72.322931,50.759124],[72.323003,50.759107],[72.323104,50.759282],[72.322967,50.759313],[72.322978,50.759332],[72.32299,50.759329],[72.322985,50.759405],[72.32279,50.759449],[72.322761,50.759399],[72.322763,50.759381],[72.322745,50.759385],[72.322727,50.759352],[72.322675,50.759364],[72.322643,50.75931],[72.322686,50.7593],[72.322656,50.759247],[72.322658,50.759221],[72.322769,50.759195],[72.322811,50.759268],[72.322838,50.759268],[72.322911,50.759252],[72.322916,50.759261],[72.323054,50.759229],[72.322971,50.759227],[72.322947,50.759184],[72.322949,50.759155],[72.322931,50.759124]]]}},{"type":"Feature","properties":{"id":"acaa6b47-7061-4208-9ef1-1a65c1339373","source":"Microsoft ML Buildings"},"geometry":{"type":"Polygon","coordinates":[[[72.323101,50.758557],[72.323161,50.758542],[72.323195,50.758595],[72.323031,50.758636],[72.322929,50.758476],[72.323026,50.758451],[72.323039,50.758471],[72.323104,50.758454],[72.32313,50.758495],[72.323071,50.75851],[72.323101,50.758557]]]}},{"type":"Feature","properties":{"id":"1b2b0f9c-6a34-49d9-adf1-165945541cd0","source":"Microsoft ML Buildings"},"geometry":{"type":"Polygon","coordinates":[[[72.322909,50.758336],[72.322892,50.758308],[72.322815,50.758326],[72.322736,50.758192],[72.322828,50.75817],[72.322813,50.758144],[72.322877,50.75813],[72.322969,50.758287],[72.322998,50.75828],[72.323016,50.758311],[72.322909,50.758336]]]}},{"type":"Feature","properties":{"id":"6e1f0427-ccf3-4c9d-9e9e-464535bbe6cb","source":"Microsoft ML Buildings"},"geometry":{"type":"Polygon","coordinates":[[[72.322745,50.758868],[72.322733,50.758849],[72.322805,50.75883],[72.322922,50.759002],[72.32277,50.759043],[72.322733,50.758988],[72.322787,50.758974],[72.322751,50.758921],[72.322695,50.758936],[72.322664,50.75889],[72.322745,50.758868]]]}},{"type":"Feature","properties":{"id":"2ecf71f6-de1b-44a7-bac5-f69bbfe01c16","source":"Microsoft ML Buildings"},"geometry":{"type":"Polygon","coordinates":[[[72.322626,50.759113],[72.322613,50.759077],[72.322702,50.759064],[72.322715,50.759099],[72.322626,50.759113]]]}},{"type":"Feature","properties":{"id":"798f837e-7722-476d-9868-fce16b1e2494","source":"Microsoft ML Buildings"},"geometry":{"type":"Polygon","coordinates":[[[72.32248,50.75859],[72.32261,50.758554],[72.322718,50.758713],[72.322591,50.758748],[72.322541,50.758675],[72.322579,50.758665],[72.322559,50.758635],[72.322519,50.758647],[72.32248,50.75859]]]}},{"type":"Feature","properties":{"id":"0fc2a1ad-67f5-4d6f-b9a6-9d2a27a090e6","source":"Microsoft ML Buildings"},"geometry":{"type":"Polygon","coordinates":[[[72.322488,50.758986],[72.322372,50.759009],[72.322327,50.758918],[72.322469,50.75889],[72.322481,50.758916],[72.322566,50.758899],[72.322618,50.759005],[72.322508,50.759027],[72.322488,50.758986]]]}},{"type":"Feature","properties":{"id":"f0ae8d06-3179-45ad-a77a-12a51e4a71d4","source":"Microsoft ML Buildings"},"geometry":{"type":"Polygon","coordinates":[[[72.322564,50.759126],[72.322504,50.759141],[72.322433,50.759033],[72.322493,50.759017],[72.322564,50.759126]]]}},{"type":"Feature","properties":{"id":"ab1dabe5-9cbd-428d-bc23-b8c0061f8cb9","source":"Microsoft ML Buildings"},"geometry":{"type":"Polygon","coordinates":[[[72.322946,50.759626],[72.322661,50.759671],[72.322624,50.759577],[72.322909,50.759532],[72.322946,50.759626]]]}},{"type":"Feature","properties":{"id":"603c1327-829c-43ff-90e6-c75b1c6c84e1","source":"Microsoft ML Buildings"},"geometry":{"type":"Polygon","coordinates":[[[72.322155,50.759524],[72.322324,50.759493],[72.322351,50.759551],[72.322182,50.759582],[72.322155,50.759524]]]}},{"type":"Feature","properties":{"id":"5f34ad6a-139a-44d5-8422-6797ac40d5bc","source":"Microsoft ML Buildings"},"geometry":{"type":"Polygon","coordinates":[[[72.322079,50.759674],[72.32225,50.759654],[72.322243,50.759628],[72.322344,50.759616],[72.322377,50.75973],[72.322105,50.759762],[72.322079,50.759674]]]}},{"type":"Feature","properties":{"id":"76ed08f9-84b8-458e-8fce-9034a77bb333","source":"Microsoft ML Buildings"},"geometry":{"type":"Polygon","coordinates":[[[72.322121,50.759432],[72.322158,50.759426],[72.322173,50.759458],[72.322136,50.759465],[72.322121,50.759432]]]}},{"type":"Feature","properties":{"id":"c0e5f0f3-f92b-4bed-9001-55d77e1fb2cb","source":"Microsoft ML Buildings"},"geometry":{"type":"Polygon","coordinates":[[[72.322277,50.758299],[72.32244,50.758267],[72.322522,50.758434],[72.322373,50.758463],[72.322344,50.758404],[72.322383,50.758397],[72.32236,50.758349],[72.322307,50.758359],[72.322277,50.758299]]]}},{"type":"Feature","properties":{"id":"7da4e25d-a10d-49fd-baa6-d7df902b1a5f","source":"Microsoft ML Buildings"},"geometry":{"type":"Polygon","coordinates":[[[72.32225,50.75866],[72.322365,50.75863],[72.322461,50.758779],[72.32236,50.758804],[72.322296,50.758704],[72.322281,50.758708],[72.32225,50.75866]]]}},{"type":"Feature","properties":{"id":"c740fe3a-b411-44b0-8f05-f7f1b0834176","source":"Microsoft ML Buildings"},"geometry":{"type":"Polygon","coordinates":[[[72.322229,50.758757],[72.322187,50.758688],[72.322241,50.758675],[72.322284,50.758744],[72.322229,50.758757]]]}},{"type":"Feature","properties":{"id":"346cb1d4-a27d-4395-aa9e-6d34416dd07f","source":"Microsoft ML Buildings"},"geometry":{"type":"Polygon","coordinates":[[[72.32206,50.758355],[72.322186,50.758331],[72.322301,50.758572],[72.322231,50.758585],[72.322221,50.758563],[72.322101,50.758586],[72.322064,50.75851],[72.322121,50.758499],[72.322098,50.758451],[72.322105,50.75845],[72.32206,50.758355]]]}},{"type":"Feature","properties":{"id":"451bf6ea-7536-4032-bba8-26561855f3c7","source":"Microsoft ML Buildings"},"geometry":{"type":"Polygon","coordinates":[[[72.321829,50.759498],[72.321932,50.759474],[72.321994,50.759578],[72.321799,50.759624],[72.321719,50.759489],[72.32181,50.759467],[72.321829,50.759498]]]}},{"type":"Feature","properties":{"id":"abbdab84-30ea-45c0-8e25-c57ff48f94c9","source":"Microsoft ML Buildings"},"geometry":{"type":"Polygon","coordinates":[[[72.322028,50.759421],[72.322011,50.759389],[72.322059,50.759379],[72.322076,50.759411],[72.322028,50.759421]]]}},{"type":"Feature","properties":{"id":"91d07b63-2866-4ec3-819d-c86409ce545e","source":"Microsoft ML Buildings"},"geometry":{"type":"Polygon","coordinates":[[[72.322025,50.759897],[72.321944,50.759909],[72.321931,50.759873],[72.322012,50.759861],[72.322025,50.759897]]]}},{"type":"Feature","properties":{"id":"3ea1580a-08cc-4d94-a229-a77569369436","source":"Microsoft ML Buildings"},"geometry":{"type":"Polygon","coordinates":[[[72.32202,50.75985],[72.321928,50.759871],[72.321882,50.759791],[72.321974,50.759769],[72.32202,50.75985]]]}},{"type":"Feature","properties":{"id":"2a77c0fa-25a2-4e70-9526-49498259311d","source":"Microsoft ML Buildings"},"geometry":{"type":"Polygon","coordinates":[[[72.322026,50.760366],[72.322013,50.760337],[72.322345,50.760277],[72.322385,50.760365],[72.322284,50.760383],[72.32231,50.760441],[72.322233,50.760455],[72.322222,50.76043],[72.322166,50.76044],[72.322154,50.760415],[72.322014,50.760441],[72.321984,50.760374],[72.322026,50.760366]]]}},{"type":"Feature","properties":{"id":"71932c0e-c78f-4599-867b-d4114d4cac1f","source":"Microsoft ML Buildings"},"geometry":{"type":"Polygon","coordinates":[[[72.321917,50.762157],[72.32215,50.762108],[72.322172,50.76215],[72.321939,50.762199],[72.321917,50.762157]]]}},{"type":"Feature","properties":{"id":"ed6932b9-423a-466d-a4df-c7ef46dffc6e","source":"Microsoft ML Buildings"},"geometry":{"type":"Polygon","coordinates":[[[72.321944,50.7619],[72.321931,50.761852],[72.322059,50.761838],[72.322072,50.761886],[72.321944,50.7619]]]}},{"type":"Feature","properties":{"id":"62bf173e-2b52-4373-b34a-a17d9e237428","source":"Microsoft ML Buildings"},"geometry":{"type":"Polygon","coordinates":[[[72.321846,50.761975],[72.321992,50.761954],[72.322043,50.762094],[72.321896,50.762115],[72.321846,50.761975]]]}},{"type":"Feature","properties":{"id":"3c6d9e5b-3925-4915-85ac-b3a55fe173e3","source":"Microsoft ML Buildings"},"geometry":{"type":"Polygon","coordinates":[[[72.321875,50.762364],[72.321929,50.762351],[72.321981,50.762439],[72.321852,50.76247],[72.321793,50.76237],[72.321804,50.762367],[72.321787,50.762338],[72.32185,50.762323],[72.321875,50.762364]]]}},{"type":"Feature","properties":{"id":"a6e9f416-ebcc-4052-ab17-726b3d80beb7","source":"Microsoft ML Buildings"},"geometry":{"type":"Polygon","coordinates":[[[72.322028,50.76273],[72.321839,50.76277],[72.321756,50.762615],[72.321842,50.762597],[72.32185,50.762612],[72.321974,50.762586],[72.322026,50.762684],[72.322006,50.762688],[72.322028,50.76273]]]}},{"type":"Feature","properties":{"id":"fb6f8dda-3488-4c3d-9c0a-dbee1e81002a","source":"Microsoft ML Buildings"},"geometry":{"type":"Polygon","coordinates":[[[72.322014,50.762254],[72.322124,50.762238],[72.322147,50.762304],[72.32213,50.762307],[72.322136,50.762323],[72.322044,50.762337],[72.322014,50.762254]]]}},{"type":"Feature","properties":{"id":"66fd43c0-535d-45bd-91ee-149d9fb78435","source":"Microsoft ML Buildings"},"geometry":{"type":"Polygon","coordinates":[[[72.322046,50.762546],[72.322236,50.762517],[72.322266,50.762598],[72.322232,50.762603],[72.322245,50.762636],[72.322089,50.76266],[72.322046,50.762546]]]}},{"type":"Feature","properties":{"id":"dba38126-aed9-4304-8d09-0038fd5b0ea3","source":"Microsoft ML Buildings"},"geometry":{"type":"Polygon","coordinates":[[[72.322288,50.762425],[72.322222,50.762435],[72.322212,50.762408],[72.322278,50.762399],[72.322288,50.762425]]]}},{"type":"Feature","properties":{"id":"6fc56378-6766-4a91-9718-2caa8157c8a3","source":"Microsoft ML Buildings"},"geometry":{"type":"Polygon","coordinates":[[[72.322349,50.763024],[72.322339,50.762998],[72.322268,50.763008],[72.322216,50.762865],[72.32244,50.762832],[72.322492,50.762974],[72.322522,50.762969],[72.322532,50.762997],[72.322349,50.763024]]]}},{"type":"Feature","properties":{"id":"73787941-0db4-4391-9a54-65f78c26e929","source":"Microsoft ML Buildings"},"geometry":{"type":"Polygon","coordinates":[[[72.322289,50.763032],[72.322282,50.763009],[72.322338,50.763003],[72.322345,50.763026],[72.322289,50.763032]]]}},{"type":"Feature","properties":{"id":"be51c13d-8aed-484c-9647-557a41812559","source":"Microsoft ML Buildings"},"geometry":{"type":"Polygon","coordinates":[[[72.321812,50.763486],[72.322247,50.763438],[72.322181,50.763196],[72.322386,50.763173],[72.322423,50.763306],[72.322523,50.763295],[72.322556,50.763412],[72.322478,50.763421],[72.322529,50.763607],[72.322352,50.763627],[72.322348,50.763613],[72.321862,50.763666],[72.321812,50.763486]]]}},{"type":"Feature","properties":{"id":"e7fec0e4-4cba-40a7-9068-22429d5d7eb7","source":"Microsoft ML Buildings"},"geometry":{"type":"Polygon","coordinates":[[[72.322259,50.764038],[72.322262,50.764037],[72.322294,50.764158],[72.32207,50.764182],[72.321996,50.763908],[72.322218,50.763884],[72.322259,50.764038]]]}},{"type":"Feature","properties":{"id":"f48dafe7-0611-4476-afca-c4995b4024e3","source":"Microsoft ML Buildings"},"geometry":{"type":"Polygon","coordinates":[[[72.321813,50.763411],[72.321812,50.763346],[72.32189,50.763345],[72.321891,50.76341],[72.321813,50.763411]]]}},{"type":"Feature","properties":{"id":"d7497557-52e3-42b7-a4ac-a9b8db9e99a9","source":"Microsoft ML Buildings"},"geometry":{"type":"Polygon","coordinates":[[[72.322003,50.764437],[72.322061,50.764432],[72.322077,50.764507],[72.322019,50.764512],[72.322003,50.764437]]]}},{"type":"Feature","properties":{"id":"9afc03d1-c170-4db9-a24a-615e96a8fe91","source":"Microsoft ML Buildings"},"geometry":{"type":"Polygon","coordinates":[[[72.321948,50.765872],[72.321946,50.765842],[72.321873,50.765844],[72.321862,50.765669],[72.321954,50.765667],[72.322146,50.765662],[72.32215,50.765721],[72.322202,50.76572],[72.322204,50.765764],[72.322156,50.765765],[72.322162,50.765867],[72.321948,50.765872]]]}},{"type":"Feature","properties":{"id":"85cae655-69ae-4628-b437-54cf60d35e8c","source":"Microsoft ML Buildings"},"geometry":{"type":"Polygon","coordinates":[[[72.322131,50.76605],[72.322133,50.766109],[72.322088,50.76611],[72.322086,50.766011],[72.322214,50.76601],[72.322215,50.76605],[72.322131,50.76605]]]}},{"type":"Feature","properties":{"id":"12a6b339-7758-4e42-b338-b00b63cc56a0","source":"Microsoft ML Buildings"},"geometry":{"type":"Polygon","coordinates":[[[72.322075,50.766121],[72.322239,50.766118],[72.322245,50.766274],[72.322082,50.766277],[72.322075,50.766121]]]}},{"type":"Feature","properties":{"id":"10c8b90b-0c39-4c8b-bb34-4ebd62073698","source":"Microsoft ML Buildings"},"geometry":{"type":"Polygon","coordinates":[[[72.322245,50.766111],[72.322143,50.766113],[72.32214,50.766055],[72.322242,50.766053],[72.322245,50.766111]]]}},{"type":"Feature","properties":{"id":"ca99fee5-ce04-44b8-89ed-c1bd424dc224","source":"Microsoft ML Buildings"},"geometry":{"type":"Polygon","coordinates":[[[72.322369,50.765986],[72.322204,50.765989],[72.322201,50.765928],[72.322366,50.765926],[72.322369,50.765986]]]}},{"type":"Feature","properties":{"id":"8f320bcd-9984-406c-a419-3526b9ee00db","source":"Microsoft ML Buildings"},"geometry":{"type":"Polygon","coordinates":[[[72.322271,50.765999],[72.322388,50.765996],[72.322392,50.766052],[72.322274,50.766055],[72.322271,50.765999]]]}},{"type":"Feature","properties":{"id":"5a310c7c-edb1-467f-b871-dd47ac304dd2","source":"Microsoft ML Buildings"},"geometry":{"type":"Polygon","coordinates":[[[72.322321,50.765657],[72.322545,50.765656],[72.322547,50.765819],[72.322369,50.76582],[72.322368,50.76577],[72.322322,50.765771],[72.322321,50.765657]]]}},{"type":"Feature","properties":{"id":"9a7c5061-128a-42bc-a2c2-1dacfa0b9f10","source":"Microsoft ML Buildings"},"geometry":{"type":"Polygon","coordinates":[[[72.322214,50.764935],[72.322589,50.764922],[72.322597,50.765023],[72.322348,50.765032],[72.322351,50.765071],[72.322234,50.765075],[72.32223,50.765022],[72.322222,50.765023],[72.322214,50.764935]]]}},{"type":"Feature","properties":{"id":"ab353475-b806-4599-a699-86990a171eed","source":"Microsoft ML Buildings"},"geometry":{"type":"Polygon","coordinates":[[[72.322058,50.764382],[72.322224,50.764368],[72.32225,50.764491],[72.322084,50.764505],[72.322058,50.764382]]]}},{"type":"Feature","properties":{"id":"3f75b5b8-b036-4fbc-a413-2e6cb40db72f","source":"Microsoft ML Buildings"},"geometry":{"type":"Polygon","coordinates":[[[72.322104,50.764278],[72.322191,50.764272],[72.3222,50.764322],[72.322113,50.764328],[72.322104,50.764278]]]}},{"type":"Feature","properties":{"id":"06c6a1f8-e115-4c75-9d0c-76ddbfb77b78","source":"Microsoft ML Buildings"},"geometry":{"type":"Polygon","coordinates":[[[72.322348,50.764358],[72.322557,50.764336],[72.322587,50.76445],[72.322378,50.764472],[72.322348,50.764358]]]}},{"type":"Feature","properties":{"id":"1f274e2e-2e41-4e98-8548-34cf9b5e43a1","source":"Microsoft ML Buildings"},"geometry":{"type":"Polygon","coordinates":[[[72.322402,50.764745],[72.322568,50.764727],[72.322583,50.764779],[72.322417,50.764798],[72.322402,50.764745]]]}},{"type":"Feature","properties":{"id":"3a529740-063e-4667-a6d8-795e9c3d053a","source":"Microsoft ML Buildings"},"geometry":{"type":"Polygon","coordinates":[[[72.322584,50.765404],[72.322419,50.7654],[72.322426,50.765299],[72.322554,50.765302],[72.32255,50.76537],[72.322586,50.765371],[72.322584,50.765404]]]}},{"type":"Feature","properties":{"id":"411fe2dc-457a-4ee3-8a47-fe30e8d98f32","source":"Microsoft ML Buildings"},"geometry":{"type":"Polygon","coordinates":[[[72.322532,50.766153],[72.322575,50.766152],[72.322576,50.766222],[72.322372,50.766224],[72.32237,50.7661],[72.322531,50.766099],[72.322532,50.766153]]]}},{"type":"Feature","properties":{"id":"0f4593d8-8052-4e9f-a827-cc056c185025","source":"Microsoft ML Buildings"},"geometry":{"type":"Polygon","coordinates":[[[72.323041,50.762205],[72.322999,50.762206],[72.323003,50.762292],[72.322937,50.762293],[72.322933,50.762182],[72.32304,50.76218],[72.323041,50.762205]]]}},{"type":"Feature","properties":{"id":"c17a56a8-8790-4608-a77f-4637dae32dd5","source":"Microsoft ML Buildings"},"geometry":{"type":"Polygon","coordinates":[[[72.323052,50.762783],[72.323031,50.762443],[72.323203,50.762439],[72.323219,50.762716],[72.323281,50.762715],[72.323284,50.762778],[72.323052,50.762783]]]}},{"type":"Feature","properties":{"id":"5e72046e-ace9-4c21-8692-0c56d547d672","source":"Microsoft ML Buildings"},"geometry":{"type":"Polygon","coordinates":[[[72.323379,50.762475],[72.323318,50.762476],[72.323313,50.762403],[72.323374,50.762402],[72.323379,50.762475]]]}},{"type":"Feature","properties":{"id":"7e67ca47-f321-40fd-a245-387958abe8ea","source":"Microsoft ML Buildings"},"geometry":{"type":"Polygon","coordinates":[[[72.323301,50.762206],[72.32342,50.76219],[72.323456,50.762299],[72.323336,50.762315],[72.323301,50.762206]]]}},{"type":"Feature","properties":{"id":"7aff3e35-18bb-4b84-80aa-338637919086","source":"Microsoft ML Buildings"},"geometry":{"type":"Polygon","coordinates":[[[72.323341,50.762562],[72.323336,50.762479],[72.323468,50.762476],[72.323471,50.762538],[72.323541,50.762537],[72.323544,50.762581],[72.32349,50.762582],[72.323493,50.762623],[72.323436,50.762624],[72.323434,50.762589],[72.323399,50.762589],[72.323398,50.762561],[72.323341,50.762562]]]}},{"type":"Feature","properties":{"id":"c4cee85b-bc0c-4bad-aa33-f245873e56a2","source":"Microsoft ML Buildings"},"geometry":{"type":"Polygon","coordinates":[[[72.323386,50.762736],[72.323382,50.762653],[72.323517,50.76265],[72.323522,50.762733],[72.323386,50.762736]]]}},{"type":"Feature","properties":{"id":"de0a7e94-94d7-48f1-af04-50c2dafefbd3","source":"Microsoft ML Buildings"},"geometry":{"type":"Polygon","coordinates":[[[72.323143,50.763148],[72.323134,50.763082],[72.323201,50.763079],[72.323182,50.762938],[72.323268,50.762934],[72.323286,50.763068],[72.323374,50.763064],[72.323387,50.763159],[72.323304,50.763163],[72.323301,50.763139],[72.323143,50.763148]]]}},{"type":"Feature","properties":{"id":"216e1247-c44c-4ae1-8b94-b1814196574e","source":"Microsoft ML Buildings"},"geometry":{"type":"Polygon","coordinates":[[[72.323688,50.763786],[72.323801,50.763787],[72.323793,50.764018],[72.32368,50.764016],[72.323688,50.763786]]]}},{"type":"Feature","properties":{"id":"307a12ba-deec-45de-b777-d933fb3a75cd","source":"OpenStreetMap"},"geometry":{"type":"Polygon","coordinates":[[[72.323341,50.76365],[72.323317,50.763533],[72.323918,50.763482],[72.323943,50.7636],[72.323341,50.76365]]]}},{"type":"Feature","properties":{"id":"b173fbc4-4ca7-4503-af20-16b29f935fe3","source":"Microsoft ML Buildings"},"geometry":{"type":"Polygon","coordinates":[[[72.323676,50.763107],[72.323676,50.763106],[72.323614,50.763108],[72.323606,50.763016],[72.323775,50.763011],[72.323772,50.76298],[72.323887,50.762976],[72.323898,50.7631],[72.323676,50.763107]]]}},{"type":"Feature","properties":{"id":"565c5149-f9c5-4a05-816c-9c660feefa26","source":"Microsoft ML Buildings"},"geometry":{"type":"Polygon","coordinates":[[[72.323755,50.762869],[72.323648,50.762867],[72.32365,50.762832],[72.323757,50.762834],[72.323755,50.762869]]]}},{"type":"Feature","properties":{"id":"b23f8fbe-7744-4913-86f7-2e8297a051dc","source":"Microsoft ML Buildings"},"geometry":{"type":"Polygon","coordinates":[[[72.323722,50.762904],[72.323669,50.762905],[72.323668,50.762876],[72.323721,50.762875],[72.323722,50.762904]]]}},{"type":"Feature","properties":{"id":"90e03e29-3c3d-4a3e-a4b9-73eef5f4f68f","source":"Microsoft ML Buildings"},"geometry":{"type":"Polygon","coordinates":[[[72.323437,50.76297],[72.323438,50.762916],[72.323505,50.762917],[72.323504,50.762971],[72.323437,50.76297]]]}},{"type":"Feature","properties":{"id":"a05bdd85-23db-49a3-a057-f0a87f71af0e","source":"Microsoft ML Buildings"},"geometry":{"type":"Polygon","coordinates":[[[72.324155,50.762885],[72.324084,50.762887],[72.324082,50.762839],[72.324153,50.762838],[72.324155,50.762885]]]}},{"type":"Feature","properties":{"id":"e9f99538-d6cf-4c2a-8c7a-33b637e11834","source":"OpenStreetMap"},"geometry":{"type":"Polygon","coordinates":[[[72.324546,50.762793],[72.324397,50.762808],[72.324363,50.762675],[72.323941,50.762718],[72.323915,50.762615],[72.324325,50.762573],[72.324289,50.762429],[72.324449,50.762413],[72.324546,50.762793]]]}},{"type":"Feature","properties":{"id":"bb17cbf0-1043-412d-bb9d-a2efc58a49dc","source":"OpenStreetMap"},"geometry":{"type":"Polygon","coordinates":[[[72.324125,50.76307],[72.324102,50.76295],[72.324476,50.762921],[72.3245,50.763042],[72.324125,50.76307]]]}},{"type":"Feature","properties":{"id":"cf3a924e-cefa-406a-b576-8b1152d0df1a","source":"Microsoft ML Buildings"},"geometry":{"type":"Polygon","coordinates":[[[72.3238,50.763762],[72.323842,50.763761],[72.323845,50.763815],[72.323803,50.763816],[72.3238,50.763762]]]}},{"type":"Feature","properties":{"id":"b7657d26-6a16-4186-876a-81dfcc007f6a","source":"Microsoft ML Buildings"},"geometry":{"type":"Polygon","coordinates":[[[72.323775,50.764527],[72.323773,50.7645],[72.32383,50.764499],[72.323833,50.764525],[72.323775,50.764527]]]}},{"type":"Feature","properties":{"id":"812a3300-f6c3-46b0-bdc0-0c378554b5a4","source":"Microsoft ML Buildings"},"geometry":{"type":"Polygon","coordinates":[[[72.323915,50.765603],[72.323909,50.765554],[72.324108,50.765543],[72.324092,50.76543],[72.324326,50.765417],[72.324337,50.765495],[72.3243,50.765497],[72.324305,50.765529],[72.324121,50.765539],[72.324128,50.765591],[72.323915,50.765603]]]}},{"type":"Feature","properties":{"id":"e6398c5e-9d2b-4d24-baaa-63ba9e79b9b1","source":"Microsoft ML Buildings"},"geometry":{"type":"Polygon","coordinates":[[[72.324141,50.765689],[72.324082,50.765691],[72.324076,50.765626],[72.324352,50.765616],[72.324358,50.765682],[72.324451,50.765679],[72.324459,50.765762],[72.324149,50.765773],[72.324141,50.765689]]]}},{"type":"Feature","properties":{"id":"94243da1-73b1-4c7f-adeb-2d6bb1c847ce","source":"Microsoft ML Buildings"},"geometry":{"type":"Polygon","coordinates":[[[72.324241,50.76539],[72.324171,50.76539],[72.324171,50.765372],[72.324241,50.765371],[72.324241,50.76539]]]}},{"type":"Feature","properties":{"id":"eea433b2-7b48-4461-9432-b67ccdfa2061","source":"Microsoft ML Buildings"},"geometry":{"type":"Polygon","coordinates":[[[72.323475,50.766101],[72.323475,50.766123],[72.323608,50.766122],[72.323609,50.766142],[72.323745,50.766141],[72.323747,50.766202],[72.323228,50.766207],[72.323226,50.766129],[72.323316,50.766128],[72.323315,50.766084],[72.323375,50.766083],[72.323375,50.766102],[72.323475,50.766101]]]}},{"type":"Feature","properties":{"id":"e7fede81-2e18-4483-9335-8c12dd5db668","source":"Microsoft ML Buildings"},"geometry":{"type":"Polygon","coordinates":[[[72.323535,50.765977],[72.323438,50.765987],[72.32343,50.765956],[72.323527,50.765946],[72.323535,50.765977]]]}},{"type":"Feature","properties":{"id":"812d21fe-bf86-4380-b3ec-0e6cdf301ddd","source":"Microsoft ML Buildings"},"geometry":{"type":"Polygon","coordinates":[[[72.323519,50.765804],[72.323554,50.765802],[72.323558,50.76585],[72.323523,50.765851],[72.323519,50.765804]]]}},{"type":"Feature","properties":{"id":"c1fb289a-c1f8-4fcb-937a-84a50af2e67d","source":"Microsoft ML Buildings"},"geometry":{"type":"Polygon","coordinates":[[[72.323628,50.765802],[72.323542,50.7658],[72.323545,50.765756],[72.323632,50.765758],[72.323628,50.765802]]]}},{"type":"Feature","properties":{"id":"f65b88a7-8320-4e07-b0b8-1f4b10c2a8ca","source":"Microsoft ML Buildings"},"geometry":{"type":"Polygon","coordinates":[[[72.323659,50.765556],[72.323661,50.765588],[72.323604,50.76559],[72.323601,50.765558],[72.323659,50.765556]]]}},{"type":"Feature","properties":{"id":"cd09603d-ec7e-4adf-9038-68f23eb3d2a6","source":"Microsoft ML Buildings"},"geometry":{"type":"Polygon","coordinates":[[[72.323771,50.765704],[72.323492,50.765708],[72.323489,50.765616],[72.323768,50.765613],[72.323771,50.765704]]]}},{"type":"Feature","properties":{"id":"bdbc509b-06d4-4415-9437-645f6b3af7b1","source":"Microsoft ML Buildings"},"geometry":{"type":"Polygon","coordinates":[[[72.323732,50.765155],[72.323673,50.765154],[72.323671,50.765218],[72.323577,50.765217],[72.323583,50.765079],[72.323736,50.765082],[72.323732,50.765155]]]}},{"type":"Feature","properties":{"id":"2118aa5e-87d1-48c8-8527-538bcee07969","source":"Microsoft ML Buildings"},"geometry":{"type":"Polygon","coordinates":[[[72.323666,50.764857],[72.323667,50.764891],[72.323578,50.764891],[72.323578,50.764857],[72.323666,50.764857]]]}},{"type":"Feature","properties":{"id":"3121b2f4-2fb5-4133-a206-6a632b5bbf8b","source":"Microsoft ML Buildings"},"geometry":{"type":"Polygon","coordinates":[[[72.323697,50.764638],[72.323695,50.764598],[72.323757,50.764597],[72.323759,50.764637],[72.323697,50.764638]]]}},{"type":"Feature","properties":{"id":"227b6c48-1ca6-4aba-ac82-4867bb2566ae","source":"Microsoft ML Buildings"},"geometry":{"type":"Polygon","coordinates":[[[72.323724,50.764452],[72.32372,50.764527],[72.32376,50.764528],[72.323757,50.764594],[72.323582,50.76459],[72.323592,50.764424],[72.323683,50.764426],[72.323681,50.764451],[72.323724,50.764452]]]}},{"type":"Feature","properties":{"id":"a34609f7-6050-4958-ab9a-f8deb4a3b60c","source":"Microsoft ML Buildings"},"geometry":{"type":"Polygon","coordinates":[[[72.323472,50.764536],[72.323362,50.764534],[72.323364,50.764473],[72.323578,50.764477],[72.323574,50.764576],[72.32347,50.764574],[72.323472,50.764536]]]}},{"type":"Feature","properties":{"id":"dabe794b-daae-4f33-a650-2f723e70bd4b","source":"Microsoft ML Buildings"},"geometry":{"type":"Polygon","coordinates":[[[72.323408,50.76522],[72.323226,50.765218],[72.323229,50.765114],[72.323411,50.765116],[72.323408,50.76522]]]}},{"type":"Feature","properties":{"id":"bd6f5a77-931b-4629-a3c8-2d38e588846c","source":"Microsoft ML Buildings"},"geometry":{"type":"Polygon","coordinates":[[[72.323433,50.764986],[72.323374,50.764985],[72.323376,50.764959],[72.32325,50.764956],[72.323257,50.764847],[72.323442,50.764852],[72.323433,50.764986]]]}},{"type":"Feature","properties":{"id":"4b58efc8-3835-4d82-8bc1-2da0da24b8f3","source":"Microsoft ML Buildings"},"geometry":{"type":"Polygon","coordinates":[[[72.323424,50.764585],[72.323457,50.764588],[72.32345,50.764626],[72.323417,50.764624],[72.323424,50.764585]]]}},{"type":"Feature","properties":{"id":"9f5f7a8b-77f5-48dd-8ba6-8a2cbd98c1da","source":"Microsoft ML Buildings"},"geometry":{"type":"Polygon","coordinates":[[[72.323458,50.764539],[72.323457,50.764587],[72.323415,50.764587],[72.323414,50.764625],[72.323273,50.764623],[72.323275,50.764537],[72.323458,50.764539]]]}},{"type":"Feature","properties":{"id":"31b22817-9a0c-48a9-8744-3e11e697d772","source":"Microsoft ML Buildings"},"geometry":{"type":"Polygon","coordinates":[[[72.323199,50.764578],[72.323269,50.764577],[72.323271,50.764625],[72.323201,50.764626],[72.323199,50.764578]]]}},{"type":"Feature","properties":{"id":"acbc7d84-0450-4993-96cd-cb4bbcba11c1","source":"Microsoft ML Buildings"},"geometry":{"type":"Polygon","coordinates":[[[72.323355,50.765583],[72.323449,50.765581],[72.323454,50.765714],[72.323253,50.765717],[72.323249,50.765619],[72.323357,50.765617],[72.323355,50.765583]]]}},{"type":"Feature","properties":{"id":"b4a29708-e839-4ccf-ab5a-6d2319c8af3a","source":"Microsoft ML Buildings"},"geometry":{"type":"Polygon","coordinates":[[[72.323419,50.765831],[72.323422,50.765903],[72.323207,50.765905],[72.323206,50.765851],[72.32328,50.76585],[72.323279,50.765833],[72.323419,50.765831]]]}},{"type":"Feature","properties":{"id":"7caafb26-ebe0-481e-af46-46ba69d453ba","source":"Microsoft ML Buildings"},"geometry":{"type":"Polygon","coordinates":[[[72.32324,50.766328],[72.323383,50.766331],[72.323378,50.766436],[72.323236,50.766433],[72.32324,50.766328]]]}},{"type":"Feature","properties":{"id":"f80f6d6c-0db2-4484-b080-08f4fa94456a","source":"Microsoft ML Buildings"},"geometry":{"type":"Polygon","coordinates":[[[72.323396,50.766603],[72.323215,50.7666],[72.323219,50.766519],[72.323318,50.766521],[72.32332,50.766493],[72.323438,50.766495],[72.323435,50.766556],[72.323399,50.766555],[72.323396,50.766603]]]}},{"type":"Feature","properties":{"id":"deb79685-a36b-47c4-9e7c-5f80d30ab938","source":"Microsoft ML Buildings"},"geometry":{"type":"Polygon","coordinates":[[[72.323332,50.767576],[72.323179,50.767572],[72.323182,50.767538],[72.323334,50.767542],[72.323332,50.767576]]]}},{"type":"Feature","properties":{"id":"64bd27e5-943b-4ee6-a76e-890a61bc69d0","source":"Microsoft ML Buildings"},"geometry":{"type":"Polygon","coordinates":[[[72.323389,50.767598],[72.323387,50.767662],[72.32319,50.767659],[72.323192,50.767595],[72.323389,50.767598]]]}},{"type":"Feature","properties":{"id":"67348622-cb92-4934-bbc3-ccdef518f654","source":"Microsoft ML Buildings"},"geometry":{"type":"Polygon","coordinates":[[[72.323299,50.767381],[72.323284,50.767254],[72.323459,50.767246],[72.323469,50.767334],[72.323545,50.767331],[72.323549,50.76737],[72.323299,50.767381]]]}},{"type":"Feature","properties":{"id":"f8b4033c-1d4f-4c13-a8d5-8679de69172b","source":"Microsoft ML Buildings"},"geometry":{"type":"Polygon","coordinates":[[[72.323603,50.767273],[72.323705,50.767263],[72.323724,50.767343],[72.323621,50.767352],[72.323603,50.767273]]]}},{"type":"Feature","properties":{"id":"9e88c5b3-0790-4ca5-bb37-304a451bef51","source":"Microsoft ML Buildings"},"geometry":{"type":"Polygon","coordinates":[[[72.323802,50.76734],[72.323733,50.767342],[72.323725,50.767225],[72.323795,50.767223],[72.323802,50.76734]]]}},{"type":"Feature","properties":{"id":"0d97f0c3-df6c-46b7-8d92-3c1c963293e4","source":"Microsoft ML Buildings"},"geometry":{"type":"Polygon","coordinates":[[[72.323726,50.767107],[72.32362,50.767105],[72.323622,50.767061],[72.323727,50.767063],[72.323726,50.767107]]]}},{"type":"Feature","properties":{"id":"5b8a34d0-9ea1-4ef3-a881-cdb0375f6835","source":"Microsoft ML Buildings"},"geometry":{"type":"Polygon","coordinates":[[[72.323537,50.766978],[72.323585,50.766977],[72.323587,50.767007],[72.323539,50.767009],[72.323537,50.766978]]]}},{"type":"Feature","properties":{"id":"e757907a-5197-4af3-9376-e5e95714bd2b","source":"Microsoft ML Buildings"},"geometry":{"type":"Polygon","coordinates":[[[72.323372,50.76706],[72.323603,50.767055],[72.323606,50.767109],[72.323375,50.767114],[72.323372,50.76706]]]}},{"type":"Feature","properties":{"id":"e90609a2-dfe1-4fc4-95c8-4a6994603888","source":"Microsoft ML Buildings"},"geometry":{"type":"Polygon","coordinates":[[[72.323618,50.766289],[72.323697,50.766288],[72.323698,50.766343],[72.323409,50.766345],[72.323407,50.766255],[72.323617,50.766253],[72.323618,50.766289]]]}},{"type":"Feature","properties":{"id":"71b0cedc-cffc-48be-95b8-b48bb244aa57","source":"Microsoft ML Buildings"},"geometry":{"type":"Polygon","coordinates":[[[72.32356,50.766479],[72.323569,50.766433],[72.323631,50.766438],[72.323622,50.766484],[72.32356,50.766479]]]}},{"type":"Feature","properties":{"id":"64e8f077-2913-4fe8-b790-eb178489253c","source":"Microsoft ML Buildings"},"geometry":{"type":"Polygon","coordinates":[[[72.323728,50.766235],[72.32373,50.766284],[72.323642,50.766286],[72.323639,50.766237],[72.323728,50.766235]]]}},{"type":"Feature","properties":{"id":"ac2b7b15-a1dd-47f9-ad82-39fc2da8f17b","source":"Microsoft ML Buildings"},"geometry":{"type":"Polygon","coordinates":[[[72.323671,50.766436],[72.323618,50.766436],[72.323618,50.766402],[72.323671,50.766402],[72.323671,50.766436]]]}},{"type":"Feature","properties":{"id":"a80a3c77-74b6-4e61-9ae1-596ef34928aa","source":"Microsoft ML Buildings"},"geometry":{"type":"Polygon","coordinates":[[[72.323099,50.769772],[72.323047,50.769791],[72.323028,50.769771],[72.32308,50.769752],[72.323099,50.769772]]]}},{"type":"Feature","properties":{"id":"05fedc78-dc16-4f6d-9a11-0fcf0431b33e","source":"Microsoft ML Buildings"},"geometry":{"type":"Polygon","coordinates":[[[72.322489,50.766493],[72.322485,50.766376],[72.322605,50.766374],[72.322608,50.766463],[72.322646,50.766462],[72.322647,50.766491],[72.322489,50.766493]]]}},{"type":"Feature","properties":{"id":"6b346148-fdb1-482e-bccf-ce86543eed60","source":"Microsoft ML Buildings"},"geometry":{"type":"Polygon","coordinates":[[[72.322672,50.766945],[72.322522,50.76695],[72.322511,50.766809],[72.32266,50.766804],[72.322672,50.766945]]]}},{"type":"Feature","properties":{"id":"a3d9ef5f-7436-4610-b620-29ffa8031135","source":"Microsoft ML Buildings"},"geometry":{"type":"Polygon","coordinates":[[[72.32251,50.76711],[72.322507,50.76707],[72.322678,50.767064],[72.322689,50.767192],[72.322534,50.767198],[72.322526,50.76711],[72.32251,50.76711]]]}},{"type":"Feature","properties":{"id":"7d6f8520-d26a-4033-b374-7519f730f707","source":"Microsoft ML Buildings"},"geometry":{"type":"Polygon","coordinates":[[[72.322415,50.767031],[72.3224,50.766954],[72.322488,50.766947],[72.322504,50.767024],[72.322415,50.767031]]]}},{"type":"Feature","properties":{"id":"e8f5d0e2-3206-415a-8528-77e3a355b7e3","source":"Microsoft ML Buildings"},"geometry":{"type":"Polygon","coordinates":[[[72.322313,50.767098],[72.322392,50.767096],[72.322403,50.767278],[72.322439,50.767277],[72.322442,50.767319],[72.322327,50.767322],[72.322313,50.767098]]]}},{"type":"Feature","properties":{"id":"8048317f-1bfc-41a0-a49a-8eaf3144e6da","source":"Microsoft ML Buildings"},"geometry":{"type":"Polygon","coordinates":[[[72.322355,50.766518],[72.322399,50.766516],[72.322406,50.766568],[72.322253,50.766576],[72.322232,50.766409],[72.322341,50.766403],[72.322355,50.766518]]]}},{"type":"Feature","properties":{"id":"321a48aa-8290-4000-a6f3-a3026a7a71ee","source":"Microsoft ML Buildings"},"geometry":{"type":"Polygon","coordinates":[[[72.321601,50.766056],[72.321528,50.766054],[72.321529,50.766035],[72.321602,50.766037],[72.321601,50.766056]]]}},{"type":"Feature","properties":{"id":"122cacc7-320e-4d2f-ac85-97625bd14a8e","source":"Microsoft ML Buildings"},"geometry":{"type":"Polygon","coordinates":[[[72.321617,50.762925],[72.321611,50.762894],[72.321666,50.762889],[72.321672,50.762921],[72.321617,50.762925]]]}},{"type":"Feature","properties":{"id":"d800c8eb-c97d-41ba-9173-9d37442cd67d","source":"Microsoft ML Buildings"},"geometry":{"type":"Polygon","coordinates":[[[72.321731,50.762754],[72.321692,50.762761],[72.321676,50.762718],[72.321715,50.762712],[72.321731,50.762754]]]}},{"type":"Feature","properties":{"id":"ddb01d09-ad18-4420-8c96-68e7b3509814","source":"Microsoft ML Buildings"},"geometry":{"type":"Polygon","coordinates":[[[72.32173,50.762905],[72.321699,50.762843],[72.321784,50.762826],[72.321815,50.762887],[72.32173,50.762905]]]}},{"type":"Feature","properties":{"id":"09e0c518-6e90-4d5a-85df-87ec14a05413","source":"Microsoft ML Buildings"},"geometry":{"type":"Polygon","coordinates":[[[72.3217,50.762698],[72.321657,50.76271],[72.32162,50.762658],[72.321663,50.762646],[72.3217,50.762698]]]}},{"type":"Feature","properties":{"id":"21b13383-d409-43f2-8a12-3559fab18b51","source":"Microsoft ML Buildings"},"geometry":{"type":"Polygon","coordinates":[[[72.321462,50.762675],[72.321513,50.762662],[72.321498,50.762638],[72.321593,50.762614],[72.321689,50.762768],[72.321736,50.762757],[72.321753,50.762784],[72.321561,50.762833],[72.321462,50.762675]]]}},{"type":"Feature","properties":{"id":"ded35024-91b0-4e56-a33a-df15ff7f0e71","source":"Microsoft ML Buildings"},"geometry":{"type":"Polygon","coordinates":[[[72.321645,50.762843],[72.321595,50.762859],[72.321578,50.762836],[72.321627,50.762821],[72.321645,50.762843]]]}},{"type":"Feature","properties":{"id":"97b32d6c-44ca-4257-b1d7-65e265422e0d","source":"Microsoft ML Buildings"},"geometry":{"type":"Polygon","coordinates":[[[72.321202,50.762708],[72.321384,50.762671],[72.321464,50.76283],[72.321281,50.762867],[72.321229,50.762762],[72.321202,50.762708]]]}}]}