<?xml version="1.0" encoding="UTF-8"?>
<osm version="0.6" generator="openstreetmap-cgimap 2.1.0 (3498758 spike-06.openstreetmap.org)" copyright="OpenStreetMap and contributors" attribution="http://www.openstreetmap.org/copyright" license="http://opendatacommons.org/licenses/odbl/1-0/">
 <bounds minlat="50.7350000" minlon="72.2800000" maxlat="50.7850000" maxlon="72.3700000"/>
 <node id="276273178" visible="true" version="5" changeset="49536088" timestamp="2017-06-14T17:50:56Z" user="chnav" uid="248768" lat="50.7899522" lon="72.2217701"/>
 <node id="276273223" visible="true" version="4" changeset="49536088" timestamp="2017-06-14T17:50:56Z" user="chnav" uid="248768" lat="50.7001349" lon="72.3449774"/>
 <node id="276273225" visible="true" version="4" changeset="49536088" timestamp="2017-06-14T17:50:56Z" user="chnav" uid="248768" lat="50.6987690" lon="72.3470480"/>
 <node id="445971979" visible="true" version="1" changeset="1910853" timestamp="2009-07-23T03:59:52Z" user="SEVEN" uid="127989" lat="50.8150224" lon="72.2240507"/>
 <node id="445971980" visible="true" version="1" changeset="1910853" timestamp="2009-07-23T03:59:52Z" user="SEVEN" uid="127989" lat="50.8124193" lon="72.2221624"/>
 <node id="445971981" visible="true" version="1" changeset="1910853" timestamp="2009-07-23T03:59:52Z" user="SEVEN" uid="127989" lat="50.8086228" lon="72.2216474"/>
 <node id="445971982" visible="true" version="1" changeset="1910853" timestamp="2009-07-23T03:59:52Z" user="SEVEN" uid="127989" lat="50.8049345" lon="72.2216474"/>
 <node id="445971983" visible="true" version="2" changeset="74661016" timestamp="2019-09-19T09:05:27Z" user="ksairus" uid="2446129" lat="50.7998897" lon="72.2196304"/>
 <node id="445971984" visible="true" version="2" changeset="74661016" timestamp="2019-09-19T09:05:27Z" user="ksairus" uid="2446129" lat="50.7971366" lon="72.2182572"/>
 <node id="445971985" visible="true" version="1" changeset="1910853" timestamp="2009-07-23T03:59:53Z" user="SEVEN" uid="127989" lat="50.7947359" lon="72.2195875"/>
 <node id="445971986" visible="true" version="2" changeset="74661016" timestamp="2019-09-19T09:05:27Z" user="ksairus" uid="2446129" lat="50.7934474" lon="72.2215401"/>
 <node id="445971987" visible="true" version="2" changeset="74661016" timestamp="2019-09-19T09:05:27Z" user="ksairus" uid="2446129" lat="50.7929184" lon="72.2311532"/>
 <node id="445971988" visible="true" version="1" changeset="1910853" timestamp="2009-07-23T03:59:53Z" user="SEVEN" uid="127989" lat="50.7937594" lon="72.2357237"/>
 <node id="445971989" visible="true" version="1" changeset="1910853" timestamp="2009-07-23T03:59:53Z" user="SEVEN" uid="127989" lat="50.7961465" lon="72.2391569"/>
 <node id="445971990" visible="true" version="2" changeset="74661016" timestamp="2019-09-19T09:05:27Z" user="ksairus" uid="2446129" lat="50.7969602" lon="72.2449076"/>
 <node id="445971991" visible="true" version="2" changeset="74704733" timestamp="2019-09-20T05:30:52Z" user="ksairus" uid="2446129" lat="50.7970009" lon="72.2489630"/>
 <node id="445971992" visible="true" version="2" changeset="74661016" timestamp="2019-09-19T09:05:27Z" user="ksairus" uid="2446129" lat="50.7938408" lon="72.2528683"/>
 <node id="445971993" visible="true" version="2" changeset="74661016" timestamp="2019-09-19T09:05:27Z" user="ksairus" uid="2446129" lat="50.7877638" lon="72.2546494"/>
 <node id="445971994" visible="true" version="2" changeset="74661016" timestamp="2019-09-19T09:05:27Z" user="ksairus" uid="2446129" lat="50.7827443" lon="72.2556579"/>
 <node id="445971995" visible="true" version="1" changeset="1910853" timestamp="2009-07-23T03:59:53Z" user="SEVEN" uid="127989" lat="50.7805193" lon="72.2604429"/>
 <node id="445971996" visible="true" version="2" changeset="74662460" timestamp="2019-09-19T09:40:50Z" user="ksairus" uid="2446129" lat="50.7792711" lon="72.2670733"/>
 <node id="445971997" visible="true" version="2" changeset="74662460" timestamp="2019-09-19T09:40:50Z" user="ksairus" uid="2446129" lat="50.7834363" lon="72.2760427"/>
 <node id="445971998" visible="true" version="2" changeset="74662460" timestamp="2019-09-19T09:40:50Z" user="ksairus" uid="2446129" lat="50.7845080" lon="72.2815144"/>
 <node id="445971999" visible="true" version="1" changeset="1910853" timestamp="2009-07-23T03:59:53Z" user="SEVEN" uid="127989" lat="50.7833413" lon="72.2863638"/>
 <node id="445972000" visible="true" version="1" changeset="1910853" timestamp="2009-07-23T03:59:53Z" user="SEVEN" uid="127989" lat="50.7808450" lon="72.2918569"/>
 <node id="445972001" visible="true" version="1" changeset="1910853" timestamp="2009-07-23T03:59:53Z" user="SEVEN" uid="127989" lat="50.7798681" lon="72.2935736"/>
 <node id="445972002" visible="true" version="1" changeset="1910853" timestamp="2009-07-23T03:59:54Z" user="SEVEN" uid="127989" lat="50.7744407" lon="72.2966635"/>
 <node id="445972003" visible="true" version="1" changeset="1910853" timestamp="2009-07-23T03:59:54Z" user="SEVEN" uid="127989" lat="50.7640183" lon="72.3024999"/>
 <node id="445972004" visible="true" version="2" changeset="74661016" timestamp="2019-09-19T09:05:27Z" user="ksairus" uid="2446129" lat="50.7606523" lon="72.3059117"/>
 <node id="445972005" visible="true" version="2" changeset="74661016" timestamp="2019-09-19T09:05:27Z" user="ksairus" uid="2446129" lat="50.7611137" lon="72.3102033"/>
 <node id="445972006" visible="true" version="2" changeset="74661016" timestamp="2019-09-19T09:05:27Z" user="ksairus" uid="2446129" lat="50.7647647" lon="72.3154174"/>
 <node id="445972007" visible="true" version="1" changeset="1910853" timestamp="2009-07-23T03:59:54Z" user="SEVEN" uid="127989" lat="50.7698812" lon="72.3222410"/>
 <node id="445972008" visible="true" version="2" changeset="74661016" timestamp="2019-09-19T09:05:27Z" user="ksairus" uid="2446129" lat="50.7718896" lon="72.3260604"/>
 <node id="445972009" visible="true" version="2" changeset="21011995" timestamp="2014-03-09T19:05:00Z" user="Alexkravkaa28" uid="1725868" lat="50.7692917" lon="72.3327933"/>
 <node id="445972010" visible="true" version="2" changeset="21011995" timestamp="2014-03-09T19:05:00Z" user="Alexkravkaa28" uid="1725868" lat="50.7671872" lon="72.3357696"/>
 <node id="445972011" visible="true" version="1" changeset="1910853" timestamp="2009-07-23T03:59:54Z" user="SEVEN" uid="127989" lat="50.7653212" lon="72.3346006"/>
 <node id="445972012" visible="true" version="2" changeset="74661016" timestamp="2019-09-19T09:05:27Z" user="ksairus" uid="2446129" lat="50.7641269" lon="72.3309743"/>
 <node id="445972013" visible="true" version="2" changeset="74661016" timestamp="2019-09-19T09:05:27Z" user="ksairus" uid="2446129" lat="50.7614395" lon="72.3320257"/>
 <node id="445972014" visible="true" version="1" changeset="1910853" timestamp="2009-07-23T03:59:55Z" user="SEVEN" uid="127989" lat="50.7602179" lon="72.3363172"/>
 <node id="445972015" visible="true" version="2" changeset="74661016" timestamp="2019-09-19T09:05:27Z" user="ksairus" uid="2446129" lat="50.7597428" lon="72.3372829"/>
 <node id="445972016" visible="true" version="1" changeset="1910853" timestamp="2009-07-23T03:59:55Z" user="SEVEN" uid="127989" lat="50.7568516" lon="72.3400938"/>
 <node id="445972017" visible="true" version="1" changeset="1910853" timestamp="2009-07-23T03:59:55Z" user="SEVEN" uid="127989" lat="50.7475115" lon="72.3416387"/>
 <node id="445972018" visible="true" version="1" changeset="1910853" timestamp="2009-07-23T03:59:55Z" user="SEVEN" uid="127989" lat="50.7455563" lon="72.3442137"/>
 <node id="445972019" visible="true" version="1" changeset="1910853" timestamp="2009-07-23T03:59:55Z" user="SEVEN" uid="127989" lat="50.7424062" lon="72.3473036"/>
 <node id="445972020" visible="true" version="1" changeset="1910853" timestamp="2009-07-23T03:59:55Z" user="SEVEN" uid="127989" lat="50.7349102" lon="72.3534834"/>
 <node id="445972021" visible="true" version="1" changeset="1910853" timestamp="2009-07-23T03:59:55Z" user="SEVEN" uid="127989" lat="50.7326286" lon="72.3574316"/>
 <node id="445972022" visible="true" version="2" changeset="72510927" timestamp="2019-07-22T11:31:14Z" user="ksairus" uid="2446129" lat="50.7298851" lon="72.3631822"/>
 <node id="445972023" visible="true" version="2" changeset="72510927" timestamp="2019-07-22T11:31:14Z" user="ksairus" uid="2446129" lat="50.7314606" lon="72.3685467"/>
 <node id="445972024" visible="true" version="2" changeset="72510927" timestamp="2019-07-22T11:31:14Z" user="ksairus" uid="2446129" lat="50.7304555" lon="72.3825800"/>
 <node id="445972025" visible="true" version="1" changeset="1910853" timestamp="2009-07-23T03:59:55Z" user="SEVEN" uid="127989" lat="50.7279563" lon="72.3860990"/>
 <node id="445972026" visible="true" version="1" changeset="1910853" timestamp="2009-07-23T03:59:55Z" user="SEVEN" uid="127989" lat="50.7275217" lon="72.3931372"/>
 <node id="445972027" visible="true" version="2" changeset="72510927" timestamp="2019-07-22T11:31:14Z" user="ksairus" uid="2446129" lat="50.7309037" lon="72.4022996"/>
 <node id="445972028" visible="true" version="2" changeset="72510927" timestamp="2019-07-22T11:31:14Z" user="ksairus" uid="2446129" lat="50.7314198" lon="72.4089515"/>
 <node id="445972029" visible="true" version="2" changeset="72510927" timestamp="2019-07-22T11:31:14Z" user="ksairus" uid="2446129" lat="50.7289071" lon="72.4125563"/>
 <node id="445972030" visible="true" version="1" changeset="1910853" timestamp="2009-07-23T03:59:55Z" user="SEVEN" uid="127989" lat="50.7284996" lon="72.4161398"/>
 <node id="445972031" visible="true" version="2" changeset="72510927" timestamp="2019-07-22T11:31:14Z" user="ksairus" uid="2446129" lat="50.7304419" lon="72.4180925"/>
 <node id="445972032" visible="true" version="1" changeset="1910853" timestamp="2009-07-23T03:59:56Z" user="SEVEN" uid="127989" lat="50.7317594" lon="72.4247228"/>
 <node id="445972033" visible="true" version="2" changeset="72510927" timestamp="2019-07-22T11:31:14Z" user="ksairus" uid="2446129" lat="50.7284997" lon="72.4298083"/>
 <node id="445972034" visible="true" version="2" changeset="72510927" timestamp="2019-07-22T11:31:14Z" user="ksairus" uid="2446129" lat="50.7321940" lon="72.4342072"/>
 <node id="445972035" visible="true" version="1" changeset="1910853" timestamp="2009-07-23T03:59:56Z" user="SEVEN" uid="127989" lat="50.7326286" lon="72.4401724"/>
 <node id="445972036" visible="true" version="1" changeset="1910853" timestamp="2009-07-23T03:59:56Z" user="SEVEN" uid="127989" lat="50.7300209" lon="72.4482405"/>
 <node id="445972037" visible="true" version="2" changeset="72510927" timestamp="2019-07-22T11:31:14Z" user="ksairus" uid="2446129" lat="50.7290293" lon="72.4566089"/>
 <node id="445972038" visible="true" version="2" changeset="72510927" timestamp="2019-07-22T11:31:14Z" user="ksairus" uid="2446129" lat="50.7315800" lon="72.4694566"/>
 <node id="445972039" visible="true" version="1" changeset="1910853" timestamp="2009-07-23T03:59:56Z" user="SEVEN" uid="127989" lat="50.7293689" lon="72.4729597"/>
 <node id="445972040" visible="true" version="1" changeset="1910853" timestamp="2009-07-23T03:59:56Z" user="SEVEN" uid="127989" lat="50.7235010" lon="72.4782812"/>
 <node id="445972041" visible="true" version="1" changeset="1910853" timestamp="2009-07-23T03:59:56Z" user="SEVEN" uid="127989" lat="50.7194799" lon="72.4829161"/>
 <node id="445972042" visible="true" version="1" changeset="1910853" timestamp="2009-07-23T03:59:56Z" user="SEVEN" uid="127989" lat="50.7177410" lon="72.4877226"/>
 <node id="445972043" visible="true" version="1" changeset="1910853" timestamp="2009-07-23T03:59:56Z" user="SEVEN" uid="127989" lat="50.7194799" lon="72.4947607"/>
 <node id="445972044" visible="true" version="1" changeset="1910853" timestamp="2009-07-23T03:59:57Z" user="SEVEN" uid="127989" lat="50.7228489" lon="72.4993955"/>
 <node id="445972045" visible="true" version="1" changeset="1910853" timestamp="2009-07-23T03:59:57Z" user="SEVEN" uid="127989" lat="50.7227403" lon="72.5057470"/>
 <node id="445972046" visible="true" version="1" changeset="1910853" timestamp="2009-07-23T03:59:57Z" user="SEVEN" uid="127989" lat="50.7212188" lon="72.5096952"/>
 <node id="445972047" visible="true" version="1" changeset="1910853" timestamp="2009-07-23T03:59:57Z" user="SEVEN" uid="127989" lat="50.7162194" lon="72.5131285"/>
 <node id="445972048" visible="true" version="2" changeset="72552871" timestamp="2019-07-23T11:28:24Z" user="ksairus" uid="2446129" lat="50.7134341" lon="72.5134289"/>
 <node id="445972049" visible="true" version="1" changeset="1910853" timestamp="2009-07-23T03:59:57Z" user="SEVEN" uid="127989" lat="50.7118716" lon="72.5153601"/>
 <node id="445972050" visible="true" version="1" changeset="1910853" timestamp="2009-07-23T03:59:57Z" user="SEVEN" uid="127989" lat="50.7121977" lon="72.5218832"/>
 <node id="445972051" visible="true" version="1" changeset="1910853" timestamp="2009-07-23T03:59:57Z" user="SEVEN" uid="127989" lat="50.7121977" lon="72.5268614"/>
 <node id="445972052" visible="true" version="1" changeset="1910853" timestamp="2009-07-23T03:59:57Z" user="SEVEN" uid="127989" lat="50.7083931" lon="72.5332128"/>
 <node id="445972053" visible="true" version="1" changeset="1910853" timestamp="2009-07-23T03:59:57Z" user="SEVEN" uid="127989" lat="50.7091540" lon="72.5368177"/>
 <node id="445972054" visible="true" version="1" changeset="1910853" timestamp="2009-07-23T03:59:57Z" user="SEVEN" uid="127989" lat="50.7131760" lon="72.5383627"/>
 <node id="445972055" visible="true" version="1" changeset="1910853" timestamp="2009-07-23T03:59:57Z" user="SEVEN" uid="127989" lat="50.7133933" lon="72.5431692"/>
 <node id="445972056" visible="true" version="1" changeset="1910853" timestamp="2009-07-23T03:59:57Z" user="SEVEN" uid="127989" lat="50.7108933" lon="72.5441992"/>
 <node id="445972057" visible="true" version="1" changeset="1910853" timestamp="2009-07-23T03:59:58Z" user="SEVEN" uid="127989" lat="50.7071973" lon="72.5405943"/>
 <node id="445972058" visible="true" version="1" changeset="1910853" timestamp="2009-07-23T03:59:58Z" user="SEVEN" uid="127989" lat="50.7049143" lon="72.5412809"/>
 <node id="445972059" visible="true" version="1" changeset="1910853" timestamp="2009-07-23T03:59:58Z" user="SEVEN" uid="127989" lat="50.7051317" lon="72.5467741"/>
 <node id="445972060" visible="true" version="1" changeset="1910853" timestamp="2009-07-23T03:59:58Z" user="SEVEN" uid="127989" lat="50.7060014" lon="72.5536405"/>
 <node id="445972061" visible="true" version="1" changeset="1910853" timestamp="2009-07-23T03:59:58Z" user="SEVEN" uid="127989" lat="50.7074147" lon="72.5570738"/>
 <node id="445972062" visible="true" version="1" changeset="1910853" timestamp="2009-07-23T03:59:58Z" user="SEVEN" uid="127989" lat="50.7057840" lon="72.5615370"/>
 <node id="445972063" visible="true" version="1" changeset="1910853" timestamp="2009-07-23T03:59:58Z" user="SEVEN" uid="127989" lat="50.7021963" lon="72.5613653"/>
 <node id="445972064" visible="true" version="1" changeset="1910853" timestamp="2009-07-23T03:59:58Z" user="SEVEN" uid="127989" lat="50.6984996" lon="72.5608503"/>
 <node id="445972065" visible="true" version="1" changeset="1910853" timestamp="2009-07-23T03:59:58Z" user="SEVEN" uid="127989" lat="50.6968686" lon="72.5627386"/>
 <node id="445972066" visible="true" version="1" changeset="1910853" timestamp="2009-07-23T03:59:58Z" user="SEVEN" uid="127989" lat="50.6957813" lon="72.5682318"/>
 <node id="445972067" visible="true" version="1" changeset="1910853" timestamp="2009-07-23T03:59:58Z" user="SEVEN" uid="127989" lat="50.6988258" lon="72.5713217"/>
 <node id="445972068" visible="true" version="1" changeset="1910853" timestamp="2009-07-23T03:59:58Z" user="SEVEN" uid="127989" lat="50.7021963" lon="72.5750982"/>
 <node id="445972069" visible="true" version="1" changeset="1910853" timestamp="2009-07-23T03:59:58Z" user="SEVEN" uid="127989" lat="50.7054579" lon="72.5804197"/>
 <node id="445972070" visible="true" version="1" changeset="1910853" timestamp="2009-07-23T03:59:58Z" user="SEVEN" uid="127989" lat="50.7036097" lon="72.5860845"/>
 <node id="445972071" visible="true" version="1" changeset="1910853" timestamp="2009-07-23T03:59:58Z" user="SEVEN" uid="127989" lat="50.7024138" lon="72.5881445"/>
 <node id="445972072" visible="true" version="2" changeset="115382849" timestamp="2021-12-26T11:22:44Z" user="Мықтыбек Оразтайұлы" uid="10370743" lat="50.7043299" lon="72.5912130"/>
 <node id="533233888" visible="true" version="4" changeset="49538228" timestamp="2017-06-14T19:12:12Z" user="chnav" uid="248768" lat="50.7374332" lon="72.3057329"/>
 <node id="533234155" visible="true" version="3" changeset="31415250" timestamp="2015-05-24T09:39:44Z" user="chnav" uid="248768" lat="50.7525898" lon="72.3200499"/>
 <node id="697276928" visible="true" version="2" changeset="31415666" timestamp="2015-05-24T09:59:19Z" user="chnav" uid="248768" lat="50.6895895" lon="72.3629299"/>
 <node id="697276933" visible="true" version="2" changeset="49536088" timestamp="2017-06-14T17:50:56Z" user="chnav" uid="248768" lat="50.6980895" lon="72.3481531"/>
 <node id="697276934" visible="true" version="3" changeset="49536088" timestamp="2017-06-14T17:50:56Z" user="chnav" uid="248768" lat="50.6993874" lon="72.3460771"/>
 <node id="1795321170" visible="true" version="3" changeset="37311481" timestamp="2016-02-19T15:59:53Z" user="chnav" uid="248768" lat="50.7582714" lon="72.3254312"/>
 <node id="1795321179" visible="true" version="3" changeset="37311481" timestamp="2016-02-19T15:59:53Z" user="chnav" uid="248768" lat="50.7618683" lon="72.3270592"/>
 <node id="1795321181" visible="true" version="3" changeset="37311481" timestamp="2016-02-19T15:59:53Z" user="chnav" uid="248768" lat="50.7629383" lon="72.3272459"/>
 <node id="1795321184" visible="true" version="4" changeset="37311481" timestamp="2016-02-19T15:59:53Z" user="chnav" uid="248768" lat="50.7663088" lon="72.3274206"/>
 <node id="1795321186" visible="true" version="4" changeset="37311481" timestamp="2016-02-19T15:59:53Z" user="chnav" uid="248768" lat="50.7663842" lon="72.3289176"/>
 <node id="1795321201" visible="true" version="3" changeset="37311481" timestamp="2016-02-19T15:59:53Z" user="chnav" uid="248768" lat="50.7688202" lon="72.3381894"/>
 <node id="1795321203" visible="true" version="1" changeset="11955729" timestamp="2012-06-20T08:03:23Z" user="parchom" uid="466700" lat="50.7692544" lon="72.3389419"/>
 <node id="1795321204" visible="true" version="2" changeset="21011995" timestamp="2014-03-09T19:04:58Z" user="Alexkravkaa28" uid="1725868" lat="50.7697663" lon="72.3395678"/>
 <node id="1795321220" visible="true" version="1" changeset="11955729" timestamp="2012-06-20T08:03:24Z" user="parchom" uid="466700" lat="50.7761701" lon="72.3461578"/>
 <node id="1795321230" visible="true" version="2" changeset="21011995" timestamp="2014-03-09T19:04:58Z" user="Alexkravkaa28" uid="1725868" lat="50.7832988" lon="72.3537636"/>
 <node id="1795321240" visible="true" version="2" changeset="21011995" timestamp="2014-03-09T19:04:58Z" user="Alexkravkaa28" uid="1725868" lat="50.7943953" lon="72.3651416"/>
 <node id="1795321244" visible="true" version="2" changeset="21011995" timestamp="2014-03-09T19:04:58Z" user="Alexkravkaa28" uid="1725868" lat="50.7984332" lon="72.3700775"/>
 <node id="1795321245" visible="true" version="2" changeset="21011995" timestamp="2014-03-09T19:04:58Z" user="Alexkravkaa28" uid="1725868" lat="50.7987097" lon="72.3709808"/>
 <node id="1795321246" visible="true" version="3" changeset="46270384" timestamp="2017-02-21T10:38:26Z" user="andrei77731" uid="3909327" lat="50.7988767" lon="72.3933057"/>
 <node id="1795321260" visible="true" version="2" changeset="21011995" timestamp="2014-03-09T19:04:58Z" user="Alexkravkaa28" uid="1725868" lat="50.7989572" lon="72.3722164"/>
 <node id="1795321292" visible="true" version="1" changeset="11955729" timestamp="2012-06-20T08:03:25Z" user="parchom" uid="466700" lat="50.8172682" lon="72.2209247"/>
 <node id="1795321296" visible="true" version="1" changeset="11955729" timestamp="2012-06-20T08:03:25Z" user="parchom" uid="466700" lat="50.8184481" lon="72.2151595"/>
 <node id="1795321329" visible="true" version="2" changeset="44442924" timestamp="2016-12-16T09:50:12Z" user="Porphyrion" uid="706159" lat="50.8204831" lon="72.2058137"/>
 <node id="1795321331" visible="true" version="1" changeset="11955729" timestamp="2012-06-20T08:03:25Z" user="parchom" uid="466700" lat="50.8216799" lon="72.1959151"/>
 <node id="1795321332" visible="true" version="2" changeset="11991102" timestamp="2012-06-23T16:51:41Z" user="Тимур_КЗ" uid="669545" lat="50.8232411" lon="72.1932973"/>
 <node id="1795321333" visible="true" version="1" changeset="11955729" timestamp="2012-06-20T08:03:25Z" user="parchom" uid="466700" lat="50.8221929" lon="72.2020051"/>
 <node id="1795321343" visible="true" version="2" changeset="11991102" timestamp="2012-06-23T16:51:41Z" user="Тимур_КЗ" uid="669545" lat="50.8263317" lon="72.1922869"/>
 <node id="1795321355" visible="true" version="2" changeset="11991102" timestamp="2012-06-23T16:51:41Z" user="Тимур_КЗ" uid="669545" lat="50.8292279" lon="72.1889317"/>
 <node id="1795321364" visible="true" version="2" changeset="22562645" timestamp="2014-05-26T13:14:26Z" user="Helmchen42" uid="1817244" lat="50.8329757" lon="72.1880051"/>
 <node id="1795321378" visible="true" version="2" changeset="11991102" timestamp="2012-06-23T16:51:41Z" user="Тимур_КЗ" uid="669545" lat="50.8341609" lon="72.1862480"/>
 <node id="1795321383" visible="true" version="1" changeset="11955729" timestamp="2012-06-20T08:03:26Z" user="parchom" uid="466700" lat="50.8359383" lon="72.1865771"/>
 <node id="1795321384" visible="true" version="2" changeset="11991102" timestamp="2012-06-23T16:51:41Z" user="Тимур_КЗ" uid="669545" lat="50.8367505" lon="72.1879982"/>
 <node id="1795321392" visible="true" version="2" changeset="11991102" timestamp="2012-06-23T16:51:41Z" user="Тимур_КЗ" uid="669545" lat="50.8382385" lon="72.1889340"/>
 <node id="1795321417" visible="true" version="1" changeset="11955729" timestamp="2012-06-20T08:03:26Z" user="parchom" uid="466700" lat="50.8426685" lon="72.1850427"/>
 <node id="1795321423" visible="true" version="2" changeset="11991102" timestamp="2012-06-23T16:51:41Z" user="Тимур_КЗ" uid="669545" lat="50.8440926" lon="72.1782950"/>
 <node id="1795321425" visible="true" version="2" changeset="22562645" timestamp="2014-05-26T13:14:26Z" user="Helmchen42" uid="1817244" lat="50.8440824" lon="72.1828526"/>
 <node id="1795321431" visible="true" version="2" changeset="11991102" timestamp="2012-06-23T16:51:41Z" user="Тимур_КЗ" uid="669545" lat="50.8446245" lon="72.1758156"/>
 <node id="1795321433" visible="true" version="1" changeset="11955729" timestamp="2012-06-20T08:03:27Z" user="parchom" uid="466700" lat="50.8445143" lon="72.1798459"/>
 <node id="1795321443" visible="true" version="2" changeset="11991102" timestamp="2012-06-23T16:51:41Z" user="Тимур_КЗ" uid="669545" lat="50.8473744" lon="72.1717172"/>
 <node id="1795321445" visible="true" version="1" changeset="11955729" timestamp="2012-06-20T08:03:27Z" user="parchom" uid="466700" lat="50.8505896" lon="72.1662043"/>
 <node id="1795321447" visible="true" version="1" changeset="11955729" timestamp="2012-06-20T08:03:27Z" user="parchom" uid="466700" lat="50.8517625" lon="72.1656814"/>
 <node id="1795321449" visible="true" version="1" changeset="11955729" timestamp="2012-06-20T08:03:27Z" user="parchom" uid="466700" lat="50.8538643" lon="72.1630424"/>
 <node id="1795321451" visible="true" version="1" changeset="11955729" timestamp="2012-06-20T08:03:27Z" user="parchom" uid="466700" lat="50.8540437" lon="72.1614184"/>
 <node id="1795321453" visible="true" version="1" changeset="11955729" timestamp="2012-06-20T08:03:27Z" user="parchom" uid="466700" lat="50.8550945" lon="72.1603222"/>
 <node id="1795321455" visible="true" version="1" changeset="11955729" timestamp="2012-06-20T08:03:27Z" user="parchom" uid="466700" lat="50.8580932" lon="72.1617838"/>
 <node id="1795321461" visible="true" version="2" changeset="11991102" timestamp="2012-06-23T16:51:41Z" user="Тимур_КЗ" uid="669545" lat="50.8629008" lon="72.1650117"/>
 <node id="1795321463" visible="true" version="2" changeset="11991102" timestamp="2012-06-23T16:51:41Z" user="Тимур_КЗ" uid="669545" lat="50.8648605" lon="72.1664371"/>
 <node id="1795321464" visible="true" version="1" changeset="11955729" timestamp="2012-06-20T08:03:27Z" user="parchom" uid="466700" lat="50.8679078" lon="72.1666558"/>
 <node id="1795321467" visible="true" version="1" changeset="11955729" timestamp="2012-06-20T08:03:27Z" user="parchom" uid="466700" lat="50.8730834" lon="72.1638138"/>
 <node id="1795321469" visible="true" version="1" changeset="11955729" timestamp="2012-06-20T08:03:27Z" user="parchom" uid="466700" lat="50.8741594" lon="72.1600380"/>
 <node id="1795321471" visible="true" version="1" changeset="11955729" timestamp="2012-06-20T08:03:27Z" user="parchom" uid="466700" lat="50.8755173" lon="72.1588200"/>
 <node id="1795321473" visible="true" version="1" changeset="11955729" timestamp="2012-06-20T08:03:27Z" user="parchom" uid="466700" lat="50.8791294" lon="72.1581704"/>
 <node id="1795321474" visible="true" version="1" changeset="11955729" timestamp="2012-06-20T08:03:27Z" user="parchom" uid="466700" lat="50.8830998" lon="72.1589418"/>
 <node id="1795321476" visible="true" version="1" changeset="11955729" timestamp="2012-06-20T08:03:27Z" user="parchom" uid="466700" lat="50.8895799" lon="72.1624334"/>
 <node id="1795321478" visible="true" version="2" changeset="74887485" timestamp="2019-09-25T05:35:45Z" user="ksairus" uid="2446129" lat="50.8916944" lon="72.1646252"/>
 <node id="1795321480" visible="true" version="2" changeset="74887485" timestamp="2019-09-25T05:35:45Z" user="ksairus" uid="2446129" lat="50.8941863" lon="72.1675427"/>
 <node id="1795321483" visible="true" version="3" changeset="119352400" timestamp="2022-04-05T16:45:24Z" user="ViktorFO" uid="9494370" lat="50.8962917" lon="72.1694823"/>
 <node id="1799605670" visible="true" version="1" changeset="11991102" timestamp="2012-06-23T16:51:22Z" user="Тимур_КЗ" uid="669545" lat="50.8219219" lon="72.1944247"/>
 <node id="1799605671" visible="true" version="1" changeset="11991102" timestamp="2012-06-23T16:51:22Z" user="Тимур_КЗ" uid="669545" lat="50.8224255" lon="72.1935913"/>
 <node id="1799605705" visible="true" version="2" changeset="21011995" timestamp="2014-03-09T19:04:59Z" user="Alexkravkaa28" uid="1725868" lat="50.8271920" lon="72.1917065"/>
 <node id="1799605707" visible="true" version="1" changeset="11991102" timestamp="2012-06-23T16:51:23Z" user="Тимур_КЗ" uid="669545" lat="50.8274369" lon="72.1911193"/>
 <node id="1799605714" visible="true" version="1" changeset="11991102" timestamp="2012-06-23T16:51:24Z" user="Тимур_КЗ" uid="669545" lat="50.8281975" lon="72.1895564"/>
 <node id="1799605737" visible="true" version="1" changeset="11991102" timestamp="2012-06-23T16:51:24Z" user="Тимур_КЗ" uid="669545" lat="50.8327395" lon="72.1881790"/>
 <node id="1799605746" visible="true" version="1" changeset="11991102" timestamp="2012-06-23T16:51:25Z" user="Тимур_КЗ" uid="669545" lat="50.8333818" lon="72.1869868"/>
 <node id="1799605751" visible="true" version="1" changeset="11991102" timestamp="2012-06-23T16:51:25Z" user="Тимур_КЗ" uid="669545" lat="50.8337297" lon="72.1867241"/>
 <node id="1799605759" visible="true" version="1" changeset="11991102" timestamp="2012-06-23T16:51:25Z" user="Тимур_КЗ" uid="669545" lat="50.8346844" lon="72.1858659"/>
 <node id="1799605762" visible="true" version="1" changeset="11991102" timestamp="2012-06-23T16:51:25Z" user="Тимур_КЗ" uid="669545" lat="50.8351981" lon="72.1859299"/>
 <node id="1799605768" visible="true" version="1" changeset="11991102" timestamp="2012-06-23T16:51:25Z" user="Тимур_КЗ" uid="669545" lat="50.8357240" lon="72.1862374"/>
 <node id="1799605838" visible="true" version="1" changeset="11991102" timestamp="2012-06-23T16:51:28Z" user="Тимур_КЗ" uid="669545" lat="50.8434731" lon="72.1840302"/>
 <node id="1799605843" visible="true" version="1" changeset="11991102" timestamp="2012-06-23T16:51:28Z" user="Тимур_КЗ" uid="669545" lat="50.8444111" lon="72.1814758"/>
 <node id="1799605844" visible="true" version="1" changeset="11991102" timestamp="2012-06-23T16:51:28Z" user="Тимур_КЗ" uid="669545" lat="50.8455664" lon="72.1737762"/>
 <node id="1799605845" visible="true" version="1" changeset="11991102" timestamp="2012-06-23T16:51:28Z" user="Тимур_КЗ" uid="669545" lat="50.8481973" lon="72.1706783"/>
 <node id="1799605846" visible="true" version="1" changeset="11991102" timestamp="2012-06-23T16:51:28Z" user="Тимур_КЗ" uid="669545" lat="50.8490209" lon="72.1693015"/>
 <node id="1799605851" visible="true" version="1" changeset="11991102" timestamp="2012-06-23T16:51:28Z" user="Тимур_КЗ" uid="669545" lat="50.8532871" lon="72.1642107"/>
 <node id="1799605853" visible="true" version="1" changeset="11991102" timestamp="2012-06-23T16:51:29Z" user="Тимур_КЗ" uid="669545" lat="50.8541106" lon="72.1621817"/>
 <node id="2657227730" visible="true" version="24" changeset="181711821" timestamp="2026-04-23T10:48:33Z" user="MNbrn" uid="6319160" lat="50.7601195" lon="72.3233854">
  <tag k="addr:country" v="KZ"/>
  <tag k="addr:district" v="Аршалы ауданы"/>
  <tag k="addr:postcode" v="020214"/>
  <tag k="addr:region" v="Ақмола облысы"/>
  <tag k="addr:subdistrict" v="сельский округ Турген"/>
  <tag k="name" v="Турген"/>
  <tag k="name:kk" v="Түрген"/>
  <tag k="name:ru" v="Турген"/>
  <tag k="old_name" v="Тургеневка"/>
  <tag k="place" v="village"/>
  <tag k="population" v="713"/>
  <tag k="population:date" v="2021"/>
  <tag k="wikidata" v="Q6362301"/>
  <tag k="wikipedia" v="ru:Турген (Акмолинская область)"/>
 </node>
 <node id="2704249092" visible="true" version="3" changeset="37311481" timestamp="2016-02-19T15:59:53Z" user="chnav" uid="248768" lat="50.7664796" lon="72.3296641"/>
 <node id="2704249096" visible="true" version="3" changeset="37311481" timestamp="2016-02-19T15:59:53Z" user="chnav" uid="248768" lat="50.7669819" lon="72.3326700"/>
 <node id="2709480082" visible="true" version="2" changeset="37311481" timestamp="2016-02-19T15:59:53Z" user="chnav" uid="248768" lat="50.7592535" lon="72.3262333"/>
 <node id="2709480093" visible="true" version="1" changeset="21011995" timestamp="2014-03-09T19:04:04Z" user="Alexkravkaa28" uid="1725868" lat="50.7661455" lon="72.3359521"/>
 <node id="2709480094" visible="true" version="1" changeset="21011995" timestamp="2014-03-09T19:04:04Z" user="Alexkravkaa28" uid="1725868" lat="50.7667809" lon="72.3359521"/>
 <node id="2709480095" visible="true" version="2" changeset="37311481" timestamp="2016-02-19T15:59:53Z" user="chnav" uid="248768" lat="50.7674440" lon="72.3344013"/>
 <node id="2709480096" visible="true" version="2" changeset="37311481" timestamp="2016-02-19T15:59:53Z" user="chnav" uid="248768" lat="50.7680015" lon="72.3360929"/>
 <node id="2709480097" visible="true" version="2" changeset="37311481" timestamp="2016-02-19T15:59:53Z" user="chnav" uid="248768" lat="50.7683104" lon="72.3370617"/>
 <node id="2709480108" visible="true" version="1" changeset="21011995" timestamp="2014-03-09T19:04:04Z" user="Alexkravkaa28" uid="1725868" lat="50.7779410" lon="72.5657744"/>
 <node id="2709480110" visible="true" version="1" changeset="21011995" timestamp="2014-03-09T19:04:04Z" user="Alexkravkaa28" uid="1725868" lat="50.7779540" lon="72.5671021"/>
 <node id="2709480114" visible="true" version="1" changeset="21011995" timestamp="2014-03-09T19:04:04Z" user="Alexkravkaa28" uid="1725868" lat="50.7779855" lon="72.5520885"/>
 <node id="2709480120" visible="true" version="1" changeset="21011995" timestamp="2014-03-09T19:04:04Z" user="Alexkravkaa28" uid="1725868" lat="50.7779996" lon="72.5515386"/>
 <node id="2709480132" visible="true" version="1" changeset="21011995" timestamp="2014-03-09T19:04:05Z" user="Alexkravkaa28" uid="1725868" lat="50.7780824" lon="72.5511086"/>
 <node id="2709480144" visible="true" version="1" changeset="21011995" timestamp="2014-03-09T19:04:05Z" user="Alexkravkaa28" uid="1725868" lat="50.7782153" lon="72.5620716"/>
 <node id="2709480146" visible="true" version="1" changeset="21011995" timestamp="2014-03-09T19:04:05Z" user="Alexkravkaa28" uid="1725868" lat="50.7782259" lon="72.5684795"/>
 <node id="2709480152" visible="true" version="1" changeset="21011995" timestamp="2014-03-09T19:04:05Z" user="Alexkravkaa28" uid="1725868" lat="50.7782527" lon="72.5600705"/>
 <node id="2709480158" visible="true" version="1" changeset="21011995" timestamp="2014-03-09T19:04:05Z" user="Alexkravkaa28" uid="1725868" lat="50.7785943" lon="72.5697370"/>
 <node id="2709480164" visible="true" version="1" changeset="21011995" timestamp="2014-03-09T19:04:05Z" user="Alexkravkaa28" uid="1725868" lat="50.7792128" lon="72.5716335"/>
 <node id="2709480172" visible="true" version="1" changeset="21011995" timestamp="2014-03-09T19:04:05Z" user="Alexkravkaa28" uid="1725868" lat="50.7796407" lon="72.5723804"/>
 <node id="2709480202" visible="true" version="1" changeset="21011995" timestamp="2014-03-09T19:04:05Z" user="Alexkravkaa28" uid="1725868" lat="50.7845379" lon="72.5792281"/>
 <node id="2709480213" visible="true" version="1" changeset="21011995" timestamp="2014-03-09T19:04:05Z" user="Alexkravkaa28" uid="1725868" lat="50.7871608" lon="72.5832045"/>
 <node id="2709480217" visible="true" version="2" changeset="45280410" timestamp="2017-01-18T20:09:15Z" user="Alexkravkaa28" uid="1725868" lat="50.7874460" lon="72.5196039"/>
 <node id="2709480237" visible="true" version="2" changeset="45280410" timestamp="2017-01-18T20:09:15Z" user="Alexkravkaa28" uid="1725868" lat="50.7901201" lon="72.5150817"/>
 <node id="2709480248" visible="true" version="2" changeset="45280410" timestamp="2017-01-18T20:09:15Z" user="Alexkravkaa28" uid="1725868" lat="50.7926430" lon="72.4801191"/>
 <node id="2709480252" visible="true" version="2" changeset="45280410" timestamp="2017-01-18T20:09:15Z" user="Alexkravkaa28" uid="1725868" lat="50.7927549" lon="72.4833727"/>
 <node id="2709480256" visible="true" version="1" changeset="21011995" timestamp="2014-03-09T19:04:06Z" user="Alexkravkaa28" uid="1725868" lat="50.7928522" lon="72.5915259"/>
 <node id="2709480284" visible="true" version="2" changeset="45280410" timestamp="2017-01-18T20:09:15Z" user="Alexkravkaa28" uid="1725868" lat="50.7943792" lon="72.5065684"/>
 <node id="2709480293" visible="true" version="2" changeset="45280410" timestamp="2017-01-18T20:09:15Z" user="Alexkravkaa28" uid="1725868" lat="50.7946742" lon="72.5050530"/>
 <node id="2709480295" visible="true" version="2" changeset="45280410" timestamp="2017-01-18T20:09:15Z" user="Alexkravkaa28" uid="1725868" lat="50.7945470" lon="72.5011986"/>
 <node id="2709480301" visible="true" version="2" changeset="45280410" timestamp="2017-01-18T20:09:15Z" user="Alexkravkaa28" uid="1725868" lat="50.7947454" lon="72.5034436"/>
 <node id="2709480315" visible="true" version="2" changeset="46270384" timestamp="2017-02-21T10:38:26Z" user="andrei77731" uid="3909327" lat="50.7965550" lon="72.4318873"/>
 <node id="2709480329" visible="true" version="2" changeset="46270384" timestamp="2017-02-21T10:38:26Z" user="andrei77731" uid="3909327" lat="50.7975328" lon="72.4207089"/>
 <node id="2709480335" visible="true" version="1" changeset="21011995" timestamp="2014-03-09T19:04:07Z" user="Alexkravkaa28" uid="1725868" lat="50.7976864" lon="72.3686088"/>
 <node id="2709480349" visible="true" version="2" changeset="46270384" timestamp="2017-02-21T10:38:26Z" user="andrei77731" uid="3909327" lat="50.7983536" lon="72.4128264"/>
 <node id="2709480355" visible="true" version="2" changeset="46270384" timestamp="2017-02-21T10:38:26Z" user="andrei77731" uid="3909327" lat="50.7985051" lon="72.4083907"/>
 <node id="2709480374" visible="true" version="2" changeset="46270384" timestamp="2017-02-21T10:38:26Z" user="andrei77731" uid="3909327" lat="50.7989051" lon="72.3885084"/>
 <node id="2709480382" visible="true" version="2" changeset="46270384" timestamp="2017-02-21T10:38:26Z" user="andrei77731" uid="3909327" lat="50.7990870" lon="72.3779212"/>
 <node id="2709480386" visible="true" version="1" changeset="21011995" timestamp="2014-03-09T19:04:07Z" user="Alexkravkaa28" uid="1725868" lat="50.7990973" lon="72.3746196"/>
 <node id="2709480388" visible="true" version="1" changeset="21011995" timestamp="2014-03-09T19:04:07Z" user="Alexkravkaa28" uid="1725868" lat="50.8000324" lon="72.6022325"/>
 <node id="2709480392" visible="true" version="1" changeset="21011995" timestamp="2014-03-09T19:04:08Z" user="Alexkravkaa28" uid="1725868" lat="50.8022690" lon="72.6054211"/>
 <node id="2709480400" visible="true" version="1" changeset="21011995" timestamp="2014-03-09T19:04:08Z" user="Alexkravkaa28" uid="1725868" lat="50.8169080" lon="72.6270709"/>
 <node id="2709480404" visible="true" version="1" changeset="21011995" timestamp="2014-03-09T19:04:08Z" user="Alexkravkaa28" uid="1725868" lat="50.8172846" lon="72.6277252"/>
 <node id="2709480407" visible="true" version="1" changeset="21011995" timestamp="2014-03-09T19:04:08Z" user="Alexkravkaa28" uid="1725868" lat="50.8174967" lon="72.6281877"/>
 <node id="2709480411" visible="true" version="1" changeset="21011995" timestamp="2014-03-09T19:04:08Z" user="Alexkravkaa28" uid="1725868" lat="50.8179193" lon="72.6295282"/>
 <node id="2709480439" visible="true" version="1" changeset="21011995" timestamp="2014-03-09T19:04:08Z" user="Alexkravkaa28" uid="1725868" lat="50.8264342" lon="72.6609524"/>
 <node id="2709480441" visible="true" version="1" changeset="21011995" timestamp="2014-03-09T19:04:08Z" user="Alexkravkaa28" uid="1725868" lat="50.8266084" lon="72.6613722"/>
 <node id="2709480445" visible="true" version="1" changeset="21011995" timestamp="2014-03-09T19:04:08Z" user="Alexkravkaa28" uid="1725868" lat="50.8269266" lon="72.6618810"/>
 <node id="2709480461" visible="true" version="1" changeset="21011995" timestamp="2014-03-09T19:04:08Z" user="Alexkravkaa28" uid="1725868" lat="50.8285479" lon="72.6636395"/>
 <node id="2709480465" visible="true" version="1" changeset="21011995" timestamp="2014-03-09T19:04:08Z" user="Alexkravkaa28" uid="1725868" lat="50.8289350" lon="72.6642646"/>
 <node id="2709480467" visible="true" version="1" changeset="21011995" timestamp="2014-03-09T19:04:08Z" user="Alexkravkaa28" uid="1725868" lat="50.8290865" lon="72.6646668"/>
 <node id="2709480481" visible="true" version="1" changeset="21011995" timestamp="2014-03-09T19:04:08Z" user="Alexkravkaa28" uid="1725868" lat="50.8349312" lon="72.6837476"/>
 <node id="2709480497" visible="true" version="1" changeset="21011995" timestamp="2014-03-09T19:04:09Z" user="Alexkravkaa28" uid="1725868" lat="50.8389582" lon="72.6954193"/>
 <node id="2709480503" visible="true" version="3" changeset="37324865" timestamp="2016-02-20T09:28:38Z" user="chnav" uid="248768" lat="50.8410511" lon="72.7003894"/>
 <node id="2881683724" visible="true" version="1" changeset="22562645" timestamp="2014-05-26T13:14:06Z" user="Helmchen42" uid="1817244" lat="50.8386986" lon="72.1886161"/>
 <node id="2881683743" visible="true" version="1" changeset="22562645" timestamp="2014-05-26T13:14:06Z" user="Helmchen42" uid="1817244" lat="50.8396605" lon="72.1878910"/>
 <node id="2881683756" visible="true" version="1" changeset="22562645" timestamp="2014-05-26T13:14:06Z" user="Helmchen42" uid="1817244" lat="50.8407905" lon="72.1867851"/>
 <node id="2881683871" visible="true" version="1" changeset="22562645" timestamp="2014-05-26T13:14:09Z" user="Helmchen42" uid="1817244" lat="50.8437073" lon="72.1831985"/>
 <node id="2881683904" visible="true" version="1" changeset="22562645" timestamp="2014-05-26T13:14:09Z" user="Helmchen42" uid="1817244" lat="50.8441718" lon="72.1790460"/>
 <node id="2881683919" visible="true" version="1" changeset="22562645" timestamp="2014-05-26T13:14:10Z" user="Helmchen42" uid="1817244" lat="50.8445275" lon="72.1793173"/>
 <node id="2948920296" visible="true" version="2" changeset="46270384" timestamp="2017-02-21T10:38:26Z" user="andrei77731" uid="3909327" lat="50.7982456" lon="72.4145922"/>
 <node id="2993996728" visible="true" version="1" changeset="24516688" timestamp="2014-08-03T14:11:12Z" user="Alexkravkaa28" uid="1725868" lat="50.8370223" lon="72.6898541"/>
 <node id="3541186151" visible="true" version="2" changeset="49536088" timestamp="2017-06-14T17:50:56Z" user="chnav" uid="248768" lat="50.7199836" lon="72.3168786"/>
 <node id="3541186152" visible="true" version="2" changeset="49536088" timestamp="2017-06-14T17:50:56Z" user="chnav" uid="248768" lat="50.7214032" lon="72.3149688"/>
 <node id="4014841495" visible="true" version="1" changeset="37311481" timestamp="2016-02-19T15:59:49Z" user="chnav" uid="248768" lat="50.7600322" lon="72.3265669"/>
 <node id="4014933646" visible="true" version="1" changeset="37312659" timestamp="2016-02-19T16:59:03Z" user="chnav" uid="248768" lat="50.8272555" lon="72.6623075"/>
 <node id="4616869277" visible="true" version="1" changeset="45280410" timestamp="2017-01-18T20:09:08Z" user="Alexkravkaa28" uid="1725868" lat="50.7933200" lon="72.5087989"/>
 <node id="4616869303" visible="true" version="1" changeset="45280410" timestamp="2017-01-18T20:09:09Z" user="Alexkravkaa28" uid="1725868" lat="50.7922514" lon="72.5109619"/>
 <node id="4616869304" visible="true" version="1" changeset="45280410" timestamp="2017-01-18T20:09:09Z" user="Alexkravkaa28" uid="1725868" lat="50.7917749" lon="72.5119140"/>
 <node id="4616869305" visible="true" version="1" changeset="45280410" timestamp="2017-01-18T20:09:09Z" user="Alexkravkaa28" uid="1725868" lat="50.7910577" lon="72.5133732"/>
 <node id="4616869306" visible="true" version="1" changeset="45280410" timestamp="2017-01-18T20:09:09Z" user="Alexkravkaa28" uid="1725868" lat="50.7904405" lon="72.5145104"/>
 <node id="4616869307" visible="true" version="1" changeset="45280410" timestamp="2017-01-18T20:09:09Z" user="Alexkravkaa28" uid="1725868" lat="50.7884261" lon="72.5178793"/>
 <node id="4616869308" visible="true" version="1" changeset="45280410" timestamp="2017-01-18T20:09:09Z" user="Alexkravkaa28" uid="1725868" lat="50.7876173" lon="72.5192338"/>
 <node id="4616869309" visible="true" version="1" changeset="45280410" timestamp="2017-01-18T20:09:09Z" user="Alexkravkaa28" uid="1725868" lat="50.7932992" lon="72.4711042"/>
 <node id="4616869310" visible="true" version="1" changeset="45280410" timestamp="2017-01-18T20:09:09Z" user="Alexkravkaa28" uid="1725868" lat="50.7931551" lon="72.4728718"/>
 <node id="4616869311" visible="true" version="1" changeset="45280410" timestamp="2017-01-18T20:09:09Z" user="Alexkravkaa28" uid="1725868" lat="50.7930313" lon="72.4743256"/>
 <node id="4616869312" visible="true" version="1" changeset="45280410" timestamp="2017-01-18T20:09:09Z" user="Alexkravkaa28" uid="1725868" lat="50.7928702" lon="72.4763587"/>
 <node id="4616869313" visible="true" version="1" changeset="45280410" timestamp="2017-01-18T20:09:09Z" user="Alexkravkaa28" uid="1725868" lat="50.7927668" lon="72.4776274"/>
 <node id="4616869314" visible="true" version="1" changeset="45280410" timestamp="2017-01-18T20:09:09Z" user="Alexkravkaa28" uid="1725868" lat="50.7926888" lon="72.4789738"/>
 <node id="4616869315" visible="true" version="1" changeset="45280410" timestamp="2017-01-18T20:09:09Z" user="Alexkravkaa28" uid="1725868" lat="50.7926430" lon="72.4809050"/>
 <node id="4616869316" visible="true" version="1" changeset="45280410" timestamp="2017-01-18T20:09:09Z" user="Alexkravkaa28" uid="1725868" lat="50.7926515" lon="72.4817285"/>
 <node id="4616869317" visible="true" version="1" changeset="45280410" timestamp="2017-01-18T20:09:09Z" user="Alexkravkaa28" uid="1725868" lat="50.7926905" lon="72.4825278"/>
 <node id="4616869318" visible="true" version="1" changeset="45280410" timestamp="2017-01-18T20:09:09Z" user="Alexkravkaa28" uid="1725868" lat="50.7929584" lon="72.4852743"/>
 <node id="4616869319" visible="true" version="1" changeset="45280410" timestamp="2017-01-18T20:09:09Z" user="Alexkravkaa28" uid="1725868" lat="50.7931483" lon="72.4871546"/>
 <node id="4616869320" visible="true" version="1" changeset="45280410" timestamp="2017-01-18T20:09:09Z" user="Alexkravkaa28" uid="1725868" lat="50.7933178" lon="72.4888873"/>
 <node id="4616869321" visible="true" version="1" changeset="45280410" timestamp="2017-01-18T20:09:09Z" user="Alexkravkaa28" uid="1725868" lat="50.7935026" lon="72.4908399"/>
 <node id="4616869322" visible="true" version="1" changeset="45280410" timestamp="2017-01-18T20:09:09Z" user="Alexkravkaa28" uid="1725868" lat="50.7937112" lon="72.4929186"/>
 <node id="4616869323" visible="true" version="1" changeset="45280410" timestamp="2017-01-18T20:09:09Z" user="Alexkravkaa28" uid="1725868" lat="50.7939299" lon="72.4951288"/>
 <node id="4616869324" visible="true" version="1" changeset="45280410" timestamp="2017-01-18T20:09:09Z" user="Alexkravkaa28" uid="1725868" lat="50.7941452" lon="72.4974516"/>
 <node id="4616869325" visible="true" version="1" changeset="45280410" timestamp="2017-01-18T20:09:09Z" user="Alexkravkaa28" uid="1725868" lat="50.7943249" lon="72.4990931"/>
 <node id="4616869326" visible="true" version="1" changeset="45280410" timestamp="2017-01-18T20:09:09Z" user="Alexkravkaa28" uid="1725868" lat="50.7946691" lon="72.5023976"/>
 <node id="4616869327" visible="true" version="1" changeset="45280410" timestamp="2017-01-18T20:09:09Z" user="Alexkravkaa28" uid="1725868" lat="50.7947505" lon="72.5039828"/>
 <node id="4616869328" visible="true" version="1" changeset="45280410" timestamp="2017-01-18T20:09:09Z" user="Alexkravkaa28" uid="1725868" lat="50.7947369" lon="72.5045487"/>
 <node id="4616869329" visible="true" version="1" changeset="45280410" timestamp="2017-01-18T20:09:09Z" user="Alexkravkaa28" uid="1725868" lat="50.7945708" lon="72.5056806"/>
 <node id="4616869330" visible="true" version="1" changeset="45280410" timestamp="2017-01-18T20:09:09Z" user="Alexkravkaa28" uid="1725868" lat="50.7944758" lon="72.5061929"/>
 <node id="4616869331" visible="true" version="1" changeset="45280410" timestamp="2017-01-18T20:09:09Z" user="Alexkravkaa28" uid="1725868" lat="50.7941113" lon="72.5071317"/>
 <node id="4616869332" visible="true" version="1" changeset="45280410" timestamp="2017-01-18T20:09:09Z" user="Alexkravkaa28" uid="1725868" lat="50.7937807" lon="72.5078290"/>
 <node id="4616869333" visible="true" version="1" changeset="45280410" timestamp="2017-01-18T20:09:09Z" user="Alexkravkaa28" uid="1725868" lat="50.7934670" lon="72.5084942"/>
 <node id="4616869334" visible="true" version="1" changeset="45280410" timestamp="2017-01-18T20:09:09Z" user="Alexkravkaa28" uid="1725868" lat="50.7926141" lon="72.5102610"/>
 <node id="4697076405" visible="true" version="1" changeset="46270384" timestamp="2017-02-21T10:38:26Z" user="andrei77731" uid="3909327" lat="50.7987513" lon="72.3991351"/>
 <node id="4697076406" visible="true" version="1" changeset="46270384" timestamp="2017-02-21T10:38:26Z" user="andrei77731" uid="3909327" lat="50.7986301" lon="72.4039478"/>
 <node id="4697076407" visible="true" version="1" changeset="46270384" timestamp="2017-02-21T10:38:26Z" user="andrei77731" uid="3909327" lat="50.7978581" lon="72.4176321"/>
 <node id="4697076408" visible="true" version="1" changeset="46270384" timestamp="2017-02-21T10:38:26Z" user="andrei77731" uid="3909327" lat="50.7967947" lon="72.4290803"/>
 <node id="4915295045" visible="true" version="1" changeset="49536088" timestamp="2017-06-14T17:50:40Z" user="chnav" uid="248768" lat="50.6896926" lon="72.3630777"/>
 <node id="4915295046" visible="true" version="1" changeset="49536088" timestamp="2017-06-14T17:50:40Z" user="chnav" uid="248768" lat="50.6981910" lon="72.3483036"/>
 <node id="4915295047" visible="true" version="1" changeset="49536088" timestamp="2017-06-14T17:50:40Z" user="chnav" uid="248768" lat="50.6988681" lon="72.3472025"/>
 <node id="4915295048" visible="true" version="1" changeset="49536088" timestamp="2017-06-14T17:50:40Z" user="chnav" uid="248768" lat="50.6994840" lon="72.3462354"/>
 <node id="4915295049" visible="true" version="1" changeset="49536088" timestamp="2017-06-14T17:50:40Z" user="chnav" uid="248768" lat="50.7002289" lon="72.3451396"/>
 <node id="4915295050" visible="true" version="1" changeset="49536088" timestamp="2017-06-14T17:50:40Z" user="chnav" uid="248768" lat="50.7200751" lon="72.3170441"/>
 <node id="4915295051" visible="true" version="1" changeset="49536088" timestamp="2017-06-14T17:50:40Z" user="chnav" uid="248768" lat="50.7214930" lon="72.3151367"/>
 <node id="4915295052" visible="true" version="2" changeset="49538228" timestamp="2017-06-14T19:12:12Z" user="chnav" uid="248768" lat="50.7314272" lon="72.3019804"/>
 <node id="4915295053" visible="true" version="3" changeset="170512831" timestamp="2025-08-16T09:02:42Z" user="huronOSM" uid="21167494" lat="50.7370166" lon="72.2943871"/>
 <node id="4915295054" visible="true" version="2" changeset="49538228" timestamp="2017-06-14T19:12:12Z" user="chnav" uid="248768" lat="50.7370893" lon="72.2945074"/>
 <node id="4915295056" visible="true" version="1" changeset="49536088" timestamp="2017-06-14T17:50:40Z" user="chnav" uid="248768" lat="50.7900431" lon="72.2219363"/>
 <node id="4915427840" visible="true" version="2" changeset="170512831" timestamp="2025-08-16T09:02:42Z" user="huronOSM" uid="21167494" lat="50.7299783" lon="72.3036571"/>
 <node id="4915427856" visible="true" version="1" changeset="49538228" timestamp="2017-06-14T19:11:51Z" user="chnav" uid="248768" lat="50.7319827" lon="72.3016222"/>
 <node id="4915427861" visible="true" version="1" changeset="49538228" timestamp="2017-06-14T19:11:51Z" user="chnav" uid="248768" lat="50.7324309" lon="72.3014398"/>
 <node id="4915427863" visible="true" version="2" changeset="170512831" timestamp="2025-08-16T09:02:42Z" user="huronOSM" uid="21167494" lat="50.7326682" lon="72.3001337"/>
 <node id="4915427865" visible="true" version="1" changeset="49538228" timestamp="2017-06-14T19:11:51Z" user="chnav" uid="248768" lat="50.7328519" lon="72.3013862"/>
 <node id="4915427867" visible="true" version="1" changeset="49538228" timestamp="2017-06-14T19:11:51Z" user="chnav" uid="248768" lat="50.7333408" lon="72.3013969"/>
 <node id="4915427868" visible="true" version="2" changeset="170512831" timestamp="2025-08-16T09:02:42Z" user="huronOSM" uid="21167494" lat="50.7336523" lon="72.2999267"/>
 <node id="4915427869" visible="true" version="1" changeset="49538228" timestamp="2017-06-14T19:11:51Z" user="chnav" uid="248768" lat="50.7337551" lon="72.3015686"/>
 <node id="4915427870" visible="true" version="1" changeset="49538228" timestamp="2017-06-14T19:11:51Z" user="chnav" uid="248768" lat="50.7342601" lon="72.3019702"/>
 <node id="4915427871" visible="true" version="1" changeset="49538228" timestamp="2017-06-14T19:11:51Z" user="chnav" uid="248768" lat="50.7345360" lon="72.2993155"/>
 <node id="4915427872" visible="true" version="1" changeset="49538228" timestamp="2017-06-14T19:11:51Z" user="chnav" uid="248768" lat="50.7345292" lon="72.2998842"/>
 <node id="4915427873" visible="true" version="1" changeset="49538228" timestamp="2017-06-14T19:11:51Z" user="chnav" uid="248768" lat="50.7345835" lon="72.2988113"/>
 <node id="4915427874" visible="true" version="1" changeset="49538228" timestamp="2017-06-14T19:11:51Z" user="chnav" uid="248768" lat="50.7345699" lon="72.3004743"/>
 <node id="4915427875" visible="true" version="1" changeset="49538228" timestamp="2017-06-14T19:11:51Z" user="chnav" uid="248768" lat="50.7346786" lon="72.3010536"/>
 <node id="4915427876" visible="true" version="1" changeset="49538228" timestamp="2017-06-14T19:11:51Z" user="chnav" uid="248768" lat="50.7347187" lon="72.2982516"/>
 <node id="4915427877" visible="true" version="2" changeset="170512831" timestamp="2025-08-16T09:02:42Z" user="huronOSM" uid="21167494" lat="50.7347288" lon="72.3024576"/>
 <node id="4915427878" visible="true" version="1" changeset="49538228" timestamp="2017-06-14T19:11:51Z" user="chnav" uid="248768" lat="50.7348415" lon="72.3015793"/>
 <node id="4915427879" visible="true" version="1" changeset="49538228" timestamp="2017-06-14T19:11:51Z" user="chnav" uid="248768" lat="50.7349027" lon="72.2977277"/>
 <node id="4915427880" visible="true" version="1" changeset="49538228" timestamp="2017-06-14T19:11:51Z" user="chnav" uid="248768" lat="50.7352861" lon="72.2969033"/>
 <node id="4915427881" visible="true" version="2" changeset="170512831" timestamp="2025-08-16T09:02:42Z" user="huronOSM" uid="21167494" lat="50.7356288" lon="72.3035727"/>
 <node id="4915427882" visible="true" version="1" changeset="49538228" timestamp="2017-06-14T19:11:51Z" user="chnav" uid="248768" lat="50.7362471" lon="72.3044332"/>
 <node id="4915427885" visible="true" version="1" changeset="49538228" timestamp="2017-06-14T19:11:52Z" user="chnav" uid="248768" lat="50.7564557" lon="72.2676852"/>
 <node id="4915427901" visible="true" version="2" changeset="176269008" timestamp="2025-12-22T15:21:38Z" user="huronOSM" uid="21167494" lat="50.7588516" lon="72.2647201"/>
 <node id="4915427912" visible="true" version="1" changeset="49538228" timestamp="2017-06-14T19:11:52Z" user="chnav" uid="248768" lat="50.7599775" lon="72.2628593"/>
 <node id="4915428323" visible="true" version="2" changeset="176269008" timestamp="2025-12-22T15:21:38Z" user="huronOSM" uid="21167494" lat="50.7609269" lon="72.2618698"/>
 <node id="5045708219" visible="true" version="1" changeset="51269654" timestamp="2017-08-20T06:08:39Z" user="dansit" uid="1459583" lat="50.7969019" lon="72.3677823"/>
 <node id="6637178140" visible="true" version="1" changeset="72510927" timestamp="2019-07-22T11:31:14Z" user="ksairus" uid="2446129" lat="50.7301703" lon="72.3659074"/>
 <node id="6637178141" visible="true" version="1" changeset="72510927" timestamp="2019-07-22T11:31:14Z" user="ksairus" uid="2446129" lat="50.7310294" lon="72.3813019"/>
 <node id="6637178142" visible="true" version="1" changeset="72510927" timestamp="2019-07-22T11:31:14Z" user="ksairus" uid="2446129" lat="50.7306338" lon="72.3758470"/>
 <node id="6637192021" visible="true" version="1" changeset="72510927" timestamp="2019-07-22T11:31:14Z" user="ksairus" uid="2446129" lat="50.7022597" lon="72.3442608"/>
 <node id="6637192022" visible="true" version="1" changeset="72510927" timestamp="2019-07-22T11:31:14Z" user="ksairus" uid="2446129" lat="50.7258193" lon="72.3106075"/>
 <node id="6637192023" visible="true" version="1" changeset="72510927" timestamp="2019-07-22T11:31:14Z" user="ksairus" uid="2446129" lat="50.7323253" lon="72.3018956"/>
 <node id="6637192024" visible="true" version="1" changeset="72510927" timestamp="2019-07-22T11:31:14Z" user="ksairus" uid="2446129" lat="50.7329772" lon="72.3016596"/>
 <node id="6637192025" visible="true" version="1" changeset="72510927" timestamp="2019-07-22T11:31:14Z" user="ksairus" uid="2446129" lat="50.7358971" lon="72.3045135"/>
 <node id="6637192026" visible="true" version="1" changeset="72510927" timestamp="2019-07-22T11:31:14Z" user="ksairus" uid="2446129" lat="50.7358971" lon="72.3053718"/>
 <node id="6637192027" visible="true" version="1" changeset="72510927" timestamp="2019-07-22T11:31:14Z" user="ksairus" uid="2446129" lat="50.7369156" lon="72.3062301"/>
 <node id="6637192028" visible="true" version="1" changeset="72510927" timestamp="2019-07-22T11:31:14Z" user="ksairus" uid="2446129" lat="50.7373094" lon="72.3059082"/>
 <node id="6637192029" visible="true" version="1" changeset="72510927" timestamp="2019-07-22T11:31:14Z" user="ksairus" uid="2446129" lat="50.7456604" lon="72.3138046"/>
 <node id="6637192030" visible="true" version="1" changeset="72510927" timestamp="2019-07-22T11:31:14Z" user="ksairus" uid="2446129" lat="50.7531954" lon="72.3212075"/>
 <node id="6637192031" visible="true" version="1" changeset="72510927" timestamp="2019-07-22T11:31:14Z" user="ksairus" uid="2446129" lat="50.7527745" lon="72.3219586"/>
 <node id="6637192032" visible="true" version="1" changeset="72510927" timestamp="2019-07-22T11:31:14Z" user="ksairus" uid="2446129" lat="50.7415190" lon="72.3383308"/>
 <node id="6637192033" visible="true" version="1" changeset="72510927" timestamp="2019-07-22T11:31:14Z" user="ksairus" uid="2446129" lat="50.7342402" lon="72.3490381"/>
 <node id="6637192034" visible="true" version="1" changeset="72510927" timestamp="2019-07-22T11:31:14Z" user="ksairus" uid="2446129" lat="50.7327055" lon="72.3514843"/>
 <node id="6637192035" visible="true" version="1" changeset="72510927" timestamp="2019-07-22T11:31:14Z" user="ksairus" uid="2446129" lat="50.7300435" lon="72.3538661"/>
 <node id="6637192036" visible="true" version="1" changeset="72510927" timestamp="2019-07-22T11:31:14Z" user="ksairus" uid="2446129" lat="50.7183342" lon="72.3657263"/>
 <node id="6637192037" visible="true" version="1" changeset="72510927" timestamp="2019-07-22T11:31:14Z" user="ksairus" uid="2446129" lat="50.7062143" lon="72.3494399"/>
 <node id="6637192140" visible="true" version="1" changeset="72510927" timestamp="2019-07-22T11:31:14Z" user="ksairus" uid="2446129" lat="50.7306442" lon="72.4624963"/>
 <node id="6637192141" visible="true" version="1" changeset="72510927" timestamp="2019-07-22T11:31:14Z" user="ksairus" uid="2446129" lat="50.7333484" lon="72.4382198"/>
 <node id="6637192142" visible="true" version="1" changeset="72510927" timestamp="2019-07-22T11:31:14Z" user="ksairus" uid="2446129" lat="50.7301567" lon="72.4332845"/>
 <node id="6637192143" visible="true" version="1" changeset="72510927" timestamp="2019-07-22T11:31:14Z" user="ksairus" uid="2446129" lat="50.7321261" lon="72.4213540"/>
 <node id="6637192144" visible="true" version="1" changeset="72510927" timestamp="2019-07-22T11:31:14Z" user="ksairus" uid="2446129" lat="50.7321736" lon="72.4233817"/>
 <node id="6637192145" visible="true" version="1" changeset="72510927" timestamp="2019-07-22T11:31:14Z" user="ksairus" uid="2446129" lat="50.7314130" lon="72.4190044"/>
 <node id="6637192146" visible="true" version="1" changeset="72510927" timestamp="2019-07-22T11:31:14Z" user="ksairus" uid="2446129" lat="50.7292263" lon="72.4172234"/>
 <node id="6637192147" visible="true" version="1" changeset="72510927" timestamp="2019-07-22T11:31:14Z" user="ksairus" uid="2446129" lat="50.7282687" lon="72.4139082"/>
 <node id="6637192148" visible="true" version="1" changeset="72510927" timestamp="2019-07-22T11:31:14Z" user="ksairus" uid="2446129" lat="50.7307271" lon="72.4100995"/>
 <node id="6637192149" visible="true" version="1" changeset="72510927" timestamp="2019-07-22T11:31:14Z" user="ksairus" uid="2446129" lat="50.7315489" lon="72.4060225"/>
 <node id="6637192150" visible="true" version="1" changeset="72510927" timestamp="2019-07-22T11:31:14Z" user="ksairus" uid="2446129" lat="50.7305573" lon="72.3997569"/>
 <node id="6637192151" visible="true" version="1" changeset="72510927" timestamp="2019-07-22T11:31:14Z" user="ksairus" uid="2446129" lat="50.7281567" lon="72.3974556"/>
 <node id="6637192152" visible="true" version="1" changeset="72510927" timestamp="2019-07-22T11:31:14Z" user="ksairus" uid="2446129" lat="50.7273315" lon="72.3893177"/>
 <node id="6637192164" visible="true" version="1" changeset="72510927" timestamp="2019-07-22T11:31:14Z" user="ksairus" uid="2446129" lat="50.7316884" lon="72.3776427"/>
 <node id="6637192165" visible="true" version="1" changeset="72510927" timestamp="2019-07-22T11:31:14Z" user="ksairus" uid="2446129" lat="50.7351787" lon="72.3728361"/>
 <node id="6637192166" visible="true" version="1" changeset="72510927" timestamp="2019-07-22T11:31:14Z" user="ksairus" uid="2446129" lat="50.7357355" lon="72.3738661"/>
 <node id="6637192167" visible="true" version="1" changeset="72510927" timestamp="2019-07-22T11:31:14Z" user="ksairus" uid="2446129" lat="50.7409366" lon="72.3665061"/>
 <node id="6637192168" visible="true" version="1" changeset="72510927" timestamp="2019-07-22T11:31:14Z" user="ksairus" uid="2446129" lat="50.7436189" lon="72.3626709"/>
 <node id="6637192169" visible="true" version="1" changeset="72510927" timestamp="2019-07-22T11:31:14Z" user="ksairus" uid="2446129" lat="50.7450989" lon="72.3618340"/>
 <node id="6637192170" visible="true" version="1" changeset="72510927" timestamp="2019-07-22T11:31:14Z" user="ksairus" uid="2446129" lat="50.7454384" lon="72.3619413"/>
 <node id="6637192171" visible="true" version="1" changeset="72510927" timestamp="2019-07-22T11:31:14Z" user="ksairus" uid="2446129" lat="50.7461580" lon="72.3613619"/>
 <node id="6637192172" visible="true" version="1" changeset="72510927" timestamp="2019-07-22T11:31:14Z" user="ksairus" uid="2446129" lat="50.7464024" lon="72.3615980"/>
 <node id="6637192173" visible="true" version="1" changeset="72510927" timestamp="2019-07-22T11:31:14Z" user="ksairus" uid="2446129" lat="50.7515072" lon="72.3715543"/>
 <node id="6637192174" visible="true" version="1" changeset="72510927" timestamp="2019-07-22T11:31:14Z" user="ksairus" uid="2446129" lat="50.7523489" lon="72.3734122"/>
 <node id="6637192175" visible="true" version="1" changeset="72510927" timestamp="2019-07-22T11:31:14Z" user="ksairus" uid="2446129" lat="50.7535436" lon="72.3762017"/>
 <node id="6637192176" visible="true" version="1" changeset="72510927" timestamp="2019-07-22T11:31:14Z" user="ksairus" uid="2446129" lat="50.7553355" lon="72.3812013"/>
 <node id="6637192177" visible="true" version="1" changeset="72510927" timestamp="2019-07-22T11:31:14Z" user="ksairus" uid="2446129" lat="50.7581047" lon="72.3892265"/>
 <node id="6637192178" visible="true" version="1" changeset="72510927" timestamp="2019-07-22T11:31:14Z" user="ksairus" uid="2446129" lat="50.7588512" lon="72.3916512"/>
 <node id="6637192179" visible="true" version="1" changeset="72510927" timestamp="2019-07-22T11:31:14Z" user="ksairus" uid="2446129" lat="50.7591091" lon="72.3930674"/>
 <node id="6637192180" visible="true" version="1" changeset="72510927" timestamp="2019-07-22T11:31:14Z" user="ksairus" uid="2446129" lat="50.7586476" lon="72.3988395"/>
 <node id="6637192181" visible="true" version="1" changeset="72510927" timestamp="2019-07-22T11:31:14Z" user="ksairus" uid="2446129" lat="50.7549125" lon="72.4030667"/>
 <node id="6637192182" visible="true" version="1" changeset="72510927" timestamp="2019-07-22T11:31:14Z" user="ksairus" uid="2446129" lat="50.7508534" lon="72.4082165"/>
 <node id="6637192183" visible="true" version="1" changeset="72510927" timestamp="2019-07-22T11:31:14Z" user="ksairus" uid="2446129" lat="50.7502832" lon="72.4080234"/>
 <node id="6637192184" visible="true" version="1" changeset="72510927" timestamp="2019-07-22T11:31:14Z" user="ksairus" uid="2446129" lat="50.7498351" lon="72.4093323"/>
 <node id="6637192185" visible="true" version="1" changeset="72510927" timestamp="2019-07-22T11:31:14Z" user="ksairus" uid="2446129" lat="50.7494414" lon="72.4099546"/>
 <node id="6637192186" visible="true" version="1" changeset="72510927" timestamp="2019-07-22T11:31:14Z" user="ksairus" uid="2446129" lat="50.7428474" lon="72.3937541"/>
 <node id="6637192187" visible="true" version="1" changeset="72510927" timestamp="2019-07-22T11:31:14Z" user="ksairus" uid="2446129" lat="50.7388823" lon="72.3984533"/>
 <node id="6637192188" visible="true" version="1" changeset="72510927" timestamp="2019-07-22T11:31:14Z" user="ksairus" uid="2446129" lat="50.7365601" lon="72.3933678"/>
 <node id="6637192189" visible="true" version="1" changeset="72510927" timestamp="2019-07-22T11:31:14Z" user="ksairus" uid="2446129" lat="50.7360169" lon="72.3910719"/>
 <node id="6637192190" visible="true" version="1" changeset="72510927" timestamp="2019-07-22T11:31:14Z" user="ksairus" uid="2446129" lat="50.7341835" lon="72.3874241"/>
 <node id="6637192191" visible="true" version="1" changeset="72510927" timestamp="2019-07-22T11:31:14Z" user="ksairus" uid="2446129" lat="50.7324587" lon="72.3837333"/>
 <node id="6637192192" visible="true" version="1" changeset="72510927" timestamp="2019-07-22T11:31:14Z" user="ksairus" uid="2446129" lat="50.7330020" lon="72.3826175"/>
 <node id="6637192193" visible="true" version="1" changeset="72510927" timestamp="2019-07-22T11:31:14Z" user="ksairus" uid="2446129" lat="50.7518355" lon="72.3716741"/>
 <node id="6637192194" visible="true" version="1" changeset="72510927" timestamp="2019-07-22T11:31:14Z" user="ksairus" uid="2446129" lat="50.7519576" lon="72.3711806"/>
 <node id="6637192195" visible="true" version="1" changeset="72510927" timestamp="2019-07-22T11:31:14Z" user="ksairus" uid="2446129" lat="50.7530030" lon="72.3699575"/>
 <node id="6637192196" visible="true" version="1" changeset="72510927" timestamp="2019-07-22T11:31:14Z" user="ksairus" uid="2446129" lat="50.7560031" lon="72.3650866"/>
 <node id="6637192197" visible="true" version="1" changeset="72510927" timestamp="2019-07-22T11:31:14Z" user="ksairus" uid="2446129" lat="50.7588129" lon="72.3592140"/>
 <node id="6637192198" visible="true" version="1" changeset="72510927" timestamp="2019-07-22T11:31:14Z" user="ksairus" uid="2446129" lat="50.7607947" lon="72.3542573"/>
 <node id="6637192199" visible="true" version="1" changeset="72510927" timestamp="2019-07-22T11:31:14Z" user="ksairus" uid="2446129" lat="50.7616905" lon="72.3520043"/>
 <node id="6637192200" visible="true" version="1" changeset="72510927" timestamp="2019-07-22T11:31:14Z" user="ksairus" uid="2446129" lat="50.7622606" lon="72.3502662"/>
 <node id="6637192201" visible="true" version="1" changeset="72510927" timestamp="2019-07-22T11:31:14Z" user="ksairus" uid="2446129" lat="50.7626270" lon="72.3489358"/>
 <node id="6637192202" visible="true" version="1" changeset="72510927" timestamp="2019-07-22T11:31:14Z" user="ksairus" uid="2446129" lat="50.7636721" lon="72.3503949"/>
 <node id="6637192203" visible="true" version="1" changeset="72510927" timestamp="2019-07-22T11:31:14Z" user="ksairus" uid="2446129" lat="50.7643236" lon="72.3514678"/>
 <node id="6637192204" visible="true" version="1" changeset="72510927" timestamp="2019-07-22T11:31:14Z" user="ksairus" uid="2446129" lat="50.7674858" lon="72.3563173"/>
 <node id="6637192205" visible="true" version="1" changeset="72510927" timestamp="2019-07-22T11:31:14Z" user="ksairus" uid="2446129" lat="50.7696300" lon="72.3607161"/>
 <node id="6637192206" visible="true" version="1" changeset="72510927" timestamp="2019-07-22T11:31:14Z" user="ksairus" uid="2446129" lat="50.7746645" lon="72.3661234"/>
 <node id="6637192207" visible="true" version="1" changeset="72510927" timestamp="2019-07-22T11:31:14Z" user="ksairus" uid="2446129" lat="50.7774054" lon="72.3684838"/>
 <node id="6637192208" visible="true" version="1" changeset="72510927" timestamp="2019-07-22T11:31:14Z" user="ksairus" uid="2446129" lat="50.7794677" lon="72.3695137"/>
 <node id="6637192209" visible="true" version="1" changeset="72510927" timestamp="2019-07-22T11:31:14Z" user="ksairus" uid="2446129" lat="50.7810823" lon="72.3695781"/>
 <node id="6637192210" visible="true" version="1" changeset="72510927" timestamp="2019-07-22T11:31:14Z" user="ksairus" uid="2446129" lat="50.7831038" lon="72.3706939"/>
 <node id="6637192211" visible="true" version="1" changeset="72510927" timestamp="2019-07-22T11:31:14Z" user="ksairus" uid="2446129" lat="50.7841348" lon="72.3717453"/>
 <node id="6637192212" visible="true" version="1" changeset="72510927" timestamp="2019-07-22T11:31:14Z" user="ksairus" uid="2446129" lat="50.7845690" lon="72.3723247"/>
 <node id="6637192213" visible="true" version="1" changeset="72510927" timestamp="2019-07-22T11:31:14Z" user="ksairus" uid="2446129" lat="50.7892084" lon="72.3784402"/>
 <node id="6637192214" visible="true" version="1" changeset="72510927" timestamp="2019-07-22T11:31:14Z" user="ksairus" uid="2446129" lat="50.7934948" lon="72.3843196"/>
 <node id="6637192215" visible="true" version="1" changeset="72510927" timestamp="2019-07-22T11:31:14Z" user="ksairus" uid="2446129" lat="50.7970395" lon="72.3888686"/>
 <node id="6637192216" visible="true" version="1" changeset="72510927" timestamp="2019-07-22T11:31:14Z" user="ksairus" uid="2446129" lat="50.7980703" lon="72.3902205"/>
 <node id="6637192217" visible="true" version="1" changeset="72510927" timestamp="2019-07-22T11:31:14Z" user="ksairus" uid="2446129" lat="50.7981788" lon="72.3906925"/>
 <node id="6637192218" visible="true" version="1" changeset="72510927" timestamp="2019-07-22T11:31:14Z" user="ksairus" uid="2446129" lat="50.7953713" lon="72.3933747"/>
 <node id="6637192219" visible="true" version="1" changeset="72510927" timestamp="2019-07-22T11:31:14Z" user="ksairus" uid="2446129" lat="50.7914817" lon="72.3974517"/>
 <node id="6637192220" visible="true" version="1" changeset="72510927" timestamp="2019-07-22T11:31:14Z" user="ksairus" uid="2446129" lat="50.7870866" lon="72.4025735"/>
 <node id="6637192221" visible="true" version="1" changeset="72510927" timestamp="2019-07-22T11:31:14Z" user="ksairus" uid="2446129" lat="50.7859335" lon="72.4021658"/>
 <node id="6637192222" visible="true" version="1" changeset="72510927" timestamp="2019-07-22T11:31:14Z" user="ksairus" uid="2446129" lat="50.7840885" lon="72.4000201"/>
 <node id="6637192223" visible="true" version="1" changeset="72510927" timestamp="2019-07-22T11:31:14Z" user="ksairus" uid="2446129" lat="50.7830982" lon="72.3987541"/>
 <node id="6637192224" visible="true" version="1" changeset="72510927" timestamp="2019-07-22T11:31:14Z" user="ksairus" uid="2446129" lat="50.7822299" lon="72.3997626"/>
 <node id="6637192225" visible="true" version="1" changeset="72510927" timestamp="2019-07-22T11:31:14Z" user="ksairus" uid="2446129" lat="50.7773455" lon="72.3929176"/>
 <node id="6637192226" visible="true" version="1" changeset="72510927" timestamp="2019-07-22T11:31:14Z" user="ksairus" uid="2446129" lat="50.7773048" lon="72.3924670"/>
 <node id="6637192227" visible="true" version="1" changeset="72510927" timestamp="2019-07-22T11:31:14Z" user="ksairus" uid="2446129" lat="50.7790144" lon="72.3904714"/>
 <node id="6637192228" visible="true" version="1" changeset="72510927" timestamp="2019-07-22T11:31:14Z" user="ksairus" uid="2446129" lat="50.7789330" lon="72.3900637"/>
 <node id="6637192229" visible="true" version="1" changeset="72510927" timestamp="2019-07-22T11:31:14Z" user="ksairus" uid="2446129" lat="50.7755273" lon="72.3847207"/>
 <node id="6637192230" visible="true" version="1" changeset="72510927" timestamp="2019-07-22T11:31:14Z" user="ksairus" uid="2446129" lat="50.7787837" lon="72.3805579"/>
 <node id="6637192231" visible="true" version="1" changeset="72510927" timestamp="2019-07-22T11:31:14Z" user="ksairus" uid="2446129" lat="50.7785666" lon="72.3803005"/>
 <node id="6637192232" visible="true" version="1" changeset="72510927" timestamp="2019-07-22T11:31:14Z" user="ksairus" uid="2446129" lat="50.7750252" lon="72.3846564"/>
 <node id="6637192233" visible="true" version="1" changeset="72510927" timestamp="2019-07-22T11:31:14Z" user="ksairus" uid="2446129" lat="50.7729084" lon="72.3828539"/>
 <node id="6637192234" visible="true" version="1" changeset="72510927" timestamp="2019-07-22T11:31:14Z" user="ksairus" uid="2446129" lat="50.7719721" lon="72.3836264"/>
 <node id="6637192235" visible="true" version="1" changeset="72510927" timestamp="2019-07-22T11:31:14Z" user="ksairus" uid="2446129" lat="50.7715243" lon="72.3831972"/>
 <node id="6637192236" visible="true" version="1" changeset="72510927" timestamp="2019-07-22T11:31:14Z" user="ksairus" uid="2446129" lat="50.7706558" lon="72.3836693"/>
 <node id="6637192237" visible="true" version="1" changeset="72510927" timestamp="2019-07-22T11:31:14Z" user="ksairus" uid="2446129" lat="50.7694209" lon="72.3833904"/>
 <node id="6637192238" visible="true" version="1" changeset="72510927" timestamp="2019-07-22T11:31:14Z" user="ksairus" uid="2446129" lat="50.7680095" lon="72.3809442"/>
 <node id="6637192239" visible="true" version="1" changeset="72510927" timestamp="2019-07-22T11:31:14Z" user="ksairus" uid="2446129" lat="50.7665981" lon="72.3778543"/>
 <node id="6637192240" visible="true" version="1" changeset="72510927" timestamp="2019-07-22T11:31:14Z" user="ksairus" uid="2446129" lat="50.7650373" lon="72.3797426"/>
 <node id="6637192241" visible="true" version="1" changeset="72510927" timestamp="2019-07-22T11:31:14Z" user="ksairus" uid="2446129" lat="50.7643180" lon="72.3801932"/>
 <node id="6637192242" visible="true" version="1" changeset="72510927" timestamp="2019-07-22T11:31:14Z" user="ksairus" uid="2446129" lat="50.7641551" lon="72.3806438"/>
 <node id="6637192243" visible="true" version="1" changeset="72510927" timestamp="2019-07-22T11:31:14Z" user="ksairus" uid="2446129" lat="50.7652002" lon="72.3834118"/>
 <node id="6637192244" visible="true" version="1" changeset="72510927" timestamp="2019-07-22T11:31:14Z" user="ksairus" uid="2446129" lat="50.7650916" lon="72.3839053"/>
 <node id="6637192245" visible="true" version="1" changeset="72510927" timestamp="2019-07-22T11:31:14Z" user="ksairus" uid="2446129" lat="50.7643858" lon="72.3849353"/>
 <node id="6637192246" visible="true" version="1" changeset="72510927" timestamp="2019-07-22T11:31:14Z" user="ksairus" uid="2446129" lat="50.7626893" lon="72.3858580"/>
 <node id="6637192247" visible="true" version="1" changeset="72510927" timestamp="2019-07-22T11:31:14Z" user="ksairus" uid="2446129" lat="50.7614949" lon="72.3862442"/>
 <node id="6637192248" visible="true" version="1" changeset="72510927" timestamp="2019-07-22T11:31:14Z" user="ksairus" uid="2446129" lat="50.7601104" lon="72.3887977"/>
 <node id="6637192249" visible="true" version="1" changeset="72510927" timestamp="2019-07-22T11:31:14Z" user="ksairus" uid="2446129" lat="50.7597439" lon="72.3901495"/>
 <node id="6637192250" visible="true" version="1" changeset="72510927" timestamp="2019-07-22T11:31:14Z" user="ksairus" uid="2446129" lat="50.7594181" lon="72.3908362"/>
 <node id="6637192251" visible="true" version="1" changeset="72510927" timestamp="2019-07-22T11:31:14Z" user="ksairus" uid="2446129" lat="50.7590245" lon="72.3916087"/>
 <node id="6637192252" visible="true" version="1" changeset="72510927" timestamp="2019-07-22T11:31:14Z" user="ksairus" uid="2446129" lat="50.7570698" lon="72.3859224"/>
 <node id="6637192253" visible="true" version="1" changeset="72510927" timestamp="2019-07-22T11:31:14Z" user="ksairus" uid="2446129" lat="50.7536761" lon="72.3762235"/>
 <node id="6640230952" visible="true" version="1" changeset="72552871" timestamp="2019-07-23T11:28:24Z" user="ksairus" uid="2446129" lat="50.7197380" lon="72.5117981"/>
 <node id="6807501336" visible="true" version="1" changeset="74661016" timestamp="2019-09-19T09:05:27Z" user="ksairus" uid="2446129" lat="50.7348273" lon="72.2987007"/>
 <node id="6807501337" visible="true" version="1" changeset="74661016" timestamp="2019-09-19T09:05:27Z" user="ksairus" uid="2446129" lat="50.7426356" lon="72.2881221"/>
 <node id="6807501338" visible="true" version="1" changeset="74661016" timestamp="2019-09-19T09:05:27Z" user="ksairus" uid="2446129" lat="50.7435861" lon="72.2867703"/>
 <node id="6807501339" visible="true" version="1" changeset="74661016" timestamp="2019-09-19T09:05:27Z" user="ksairus" uid="2446129" lat="50.7453648" lon="72.2870707"/>
 <node id="6807501340" visible="true" version="1" changeset="74661016" timestamp="2019-09-19T09:05:27Z" user="ksairus" uid="2446129" lat="50.7464782" lon="72.2846674"/>
 <node id="6807501341" visible="true" version="1" changeset="74661016" timestamp="2019-09-19T09:05:27Z" user="ksairus" uid="2446129" lat="50.7462066" lon="72.2835087"/>
 <node id="6807501342" visible="true" version="1" changeset="74661016" timestamp="2019-09-19T09:05:27Z" user="ksairus" uid="2446129" lat="50.7471570" lon="72.2821998"/>
 <node id="6807501343" visible="true" version="1" changeset="74661016" timestamp="2019-09-19T09:05:27Z" user="ksairus" uid="2446129" lat="50.7496552" lon="72.2850537"/>
 <node id="6807501344" visible="true" version="1" changeset="74661016" timestamp="2019-09-19T09:05:27Z" user="ksairus" uid="2446129" lat="50.7539316" lon="72.2900962"/>
 <node id="6807501345" visible="true" version="1" changeset="74661016" timestamp="2019-09-19T09:05:27Z" user="ksairus" uid="2446129" lat="50.7611530" lon="72.2979497"/>
 <node id="6807501346" visible="true" version="1" changeset="74661016" timestamp="2019-09-19T09:05:27Z" user="ksairus" uid="2446129" lat="50.7610445" lon="72.2984003"/>
 <node id="6807501347" visible="true" version="1" changeset="74661016" timestamp="2019-09-19T09:05:27Z" user="ksairus" uid="2446129" lat="50.7580447" lon="72.3057174"/>
 <node id="6807501348" visible="true" version="1" changeset="74661016" timestamp="2019-09-19T09:05:27Z" user="ksairus" uid="2446129" lat="50.7534157" lon="72.3171973"/>
 <node id="6807501349" visible="true" version="1" changeset="74661016" timestamp="2019-09-19T09:05:27Z" user="ksairus" uid="2446129" lat="50.7527641" lon="72.3190855"/>
 <node id="6807501350" visible="true" version="1" changeset="74661016" timestamp="2019-09-19T09:05:27Z" user="ksairus" uid="2446129" lat="50.7525061" lon="72.3196434"/>
 <node id="6807501351" visible="true" version="1" changeset="74661016" timestamp="2019-09-19T09:05:27Z" user="ksairus" uid="2446129" lat="50.7468991" lon="72.3143005"/>
 <node id="6807501352" visible="true" version="1" changeset="74661016" timestamp="2019-09-19T09:05:27Z" user="ksairus" uid="2446129" lat="50.7412506" lon="72.3090433"/>
 <node id="6807501353" visible="true" version="1" changeset="74661016" timestamp="2019-09-19T09:05:27Z" user="ksairus" uid="2446129" lat="50.7377064" lon="72.3056101"/>
 <node id="6807501354" visible="true" version="1" changeset="74661016" timestamp="2019-09-19T09:05:27Z" user="ksairus" uid="2446129" lat="50.7356422" lon="72.3029279"/>
 <node id="6807501355" visible="true" version="1" changeset="74661016" timestamp="2019-09-19T09:05:27Z" user="ksairus" uid="2446129" lat="50.7349903" lon="72.3010396"/>
 <node id="6807501356" visible="true" version="1" changeset="74661016" timestamp="2019-09-19T09:05:27Z" user="ksairus" uid="2446129" lat="50.7347187" lon="72.2996449"/>
 <node id="6807501357" visible="true" version="1" changeset="74661016" timestamp="2019-09-19T09:05:27Z" user="ksairus" uid="2446129" lat="50.7607744" lon="72.3082828"/>
 <node id="6807501358" visible="true" version="1" changeset="74661016" timestamp="2019-09-19T09:05:27Z" user="ksairus" uid="2446129" lat="50.7619280" lon="72.3124670"/>
 <node id="6807501359" visible="true" version="1" changeset="74661016" timestamp="2019-09-19T09:05:27Z" user="ksairus" uid="2446129" lat="50.7677212" lon="72.3204845"/>
 <node id="6807501360" visible="true" version="1" changeset="74661016" timestamp="2019-09-19T09:05:27Z" user="ksairus" uid="2446129" lat="50.7718625" lon="72.3244726"/>
 <node id="6807501361" visible="true" version="1" changeset="74661016" timestamp="2019-09-19T09:05:27Z" user="ksairus" uid="2446129" lat="50.7704957" lon="72.3287402"/>
 <node id="6807501362" visible="true" version="1" changeset="74661016" timestamp="2019-09-19T09:05:27Z" user="ksairus" uid="2446129" lat="50.7623760" lon="72.3309850"/>
 <node id="6807501363" visible="true" version="1" changeset="74661016" timestamp="2019-09-19T09:05:27Z" user="ksairus" uid="2446129" lat="50.7676170" lon="72.3228835"/>
 <node id="6807501364" visible="true" version="1" changeset="74661016" timestamp="2019-09-19T09:05:27Z" user="ksairus" uid="2446129" lat="50.7632740" lon="72.3229050"/>
 <node id="6807501365" visible="true" version="1" changeset="74661016" timestamp="2019-09-19T09:05:27Z" user="ksairus" uid="2446129" lat="50.7601930" lon="72.3215317"/>
 <node id="6807501366" visible="true" version="1" changeset="74661016" timestamp="2019-09-19T09:05:27Z" user="ksairus" uid="2446129" lat="50.7554285" lon="72.3184418"/>
 <node id="6807501367" visible="true" version="1" changeset="74661016" timestamp="2019-09-19T09:05:27Z" user="ksairus" uid="2446129" lat="50.7584827" lon="72.3158669"/>
 <node id="6807501368" visible="true" version="1" changeset="74661016" timestamp="2019-09-19T09:05:27Z" user="ksairus" uid="2446129" lat="50.7574573" lon="72.3197575"/>
 <node id="6807501369" visible="true" version="1" changeset="74661016" timestamp="2019-09-19T09:05:27Z" user="ksairus" uid="2446129" lat="50.7595822" lon="72.3179912"/>
 <node id="6807501370" visible="true" version="1" changeset="74661016" timestamp="2019-09-19T09:05:27Z" user="ksairus" uid="2446129" lat="50.7586978" lon="72.3205620"/>
 <node id="6807501371" visible="true" version="1" changeset="74661016" timestamp="2019-09-19T09:05:27Z" user="ksairus" uid="2446129" lat="50.7605595" lon="72.3197936"/>
 <node id="6807501372" visible="true" version="1" changeset="74661016" timestamp="2019-09-19T09:05:27Z" user="ksairus" uid="2446129" lat="50.7602337" lon="72.3210167"/>
 <node id="6807501373" visible="true" version="1" changeset="74661016" timestamp="2019-09-19T09:05:27Z" user="ksairus" uid="2446129" lat="50.7547904" lon="72.3202657"/>
 <node id="6807501374" visible="true" version="2" changeset="181531447" timestamp="2026-04-19T10:40:41Z" user="Dacha2" uid="23379063" lat="50.7559413" lon="72.3210651"/>
 <node id="6807501375" visible="true" version="1" changeset="74661016" timestamp="2019-09-19T09:05:27Z" user="ksairus" uid="2446129" lat="50.7597820" lon="72.3235886"/>
 <node id="6807501376" visible="true" version="2" changeset="181531447" timestamp="2026-04-19T10:40:41Z" user="Dacha2" uid="23379063" lat="50.7599201" lon="72.3235010"/>
 <node id="6807501377" visible="true" version="1" changeset="74661016" timestamp="2019-09-19T09:05:27Z" user="ksairus" uid="2446129" lat="50.7620525" lon="72.3247504"/>
 <node id="6807501378" visible="true" version="1" changeset="74661016" timestamp="2019-09-19T09:05:27Z" user="ksairus" uid="2446129" lat="50.7631519" lon="72.3250722"/>
 <node id="6807501379" visible="true" version="1" changeset="74661016" timestamp="2019-09-19T09:05:27Z" user="ksairus" uid="2446129" lat="50.7653640" lon="72.3228947"/>
 <node id="6807501380" visible="true" version="1" changeset="74661016" timestamp="2019-09-19T09:05:27Z" user="ksairus" uid="2446129" lat="50.7649298" lon="72.3273491"/>
 <node id="6807501381" visible="true" version="1" changeset="74661016" timestamp="2019-09-19T09:05:27Z" user="ksairus" uid="2446129" lat="50.7651394" lon="72.3251991"/>
 <node id="6807501382" visible="true" version="1" changeset="74661016" timestamp="2019-09-19T09:05:27Z" user="ksairus" uid="2446129" lat="50.7674813" lon="72.3255443"/>
 <node id="6807501383" visible="true" version="1" changeset="74661016" timestamp="2019-09-19T09:05:27Z" user="ksairus" uid="2446129" lat="50.7620910" lon="72.3035406"/>
 <node id="6807501384" visible="true" version="1" changeset="74661016" timestamp="2019-09-19T09:05:27Z" user="ksairus" uid="2446129" lat="50.7613603" lon="72.2976493"/>
 <node id="6807503185" visible="true" version="1" changeset="74661016" timestamp="2019-09-19T09:05:27Z" user="ksairus" uid="2446129" lat="50.7668299" lon="72.2840237"/>
 <node id="6807503186" visible="true" version="1" changeset="74661016" timestamp="2019-09-19T09:05:27Z" user="ksairus" uid="2446129" lat="50.7695170" lon="72.2771572"/>
 <node id="6807503187" visible="true" version="1" changeset="74661016" timestamp="2019-09-19T09:05:27Z" user="ksairus" uid="2446129" lat="50.7693406" lon="72.2758054"/>
 <node id="6807503188" visible="true" version="1" changeset="74661016" timestamp="2019-09-19T09:05:27Z" user="ksairus" uid="2446129" lat="50.7696256" lon="72.2749042"/>
 <node id="6807503189" visible="true" version="1" changeset="74661016" timestamp="2019-09-19T09:05:27Z" user="ksairus" uid="2446129" lat="50.7703855" lon="72.2747754"/>
 <node id="6807503190" visible="true" version="1" changeset="74661016" timestamp="2019-09-19T09:05:27Z" user="ksairus" uid="2446129" lat="50.7729367" lon="72.2686395"/>
 <node id="6807503191" visible="true" version="1" changeset="74661016" timestamp="2019-09-19T09:05:27Z" user="ksairus" uid="2446129" lat="50.7750942" lon="72.2631464"/>
 <node id="6807503192" visible="true" version="1" changeset="74661016" timestamp="2019-09-19T09:05:27Z" user="ksairus" uid="2446129" lat="50.7724753" lon="72.2608289"/>
 <node id="6807503193" visible="true" version="1" changeset="74661016" timestamp="2019-09-19T09:05:27Z" user="ksairus" uid="2446129" lat="50.7677392" lon="72.2541155"/>
 <node id="6807503194" visible="true" version="1" changeset="74661016" timestamp="2019-09-19T09:05:27Z" user="ksairus" uid="2446129" lat="50.7636399" lon="72.2596086"/>
 <node id="6807503195" visible="true" version="1" changeset="74661016" timestamp="2019-09-19T09:05:27Z" user="ksairus" uid="2446129" lat="50.7608170" lon="72.2644795"/>
 <node id="6807503196" visible="true" version="1" changeset="74661016" timestamp="2019-09-19T09:05:27Z" user="ksairus" uid="2446129" lat="50.7626494" lon="72.2673334"/>
 <node id="6807503197" visible="true" version="1" changeset="74661016" timestamp="2019-09-19T09:05:27Z" user="ksairus" uid="2446129" lat="50.7568670" lon="72.2752727"/>
 <node id="6807503198" visible="true" version="1" changeset="74661016" timestamp="2019-09-19T09:05:27Z" user="ksairus" uid="2446129" lat="50.7497671" lon="72.2849716"/>
 <node id="6807503199" visible="true" version="1" changeset="74661016" timestamp="2019-09-19T09:05:27Z" user="ksairus" uid="2446129" lat="50.7528760" lon="72.2886194"/>
 <node id="6807503200" visible="true" version="1" changeset="74661016" timestamp="2019-09-19T09:05:27Z" user="ksairus" uid="2446129" lat="50.7576195" lon="72.2937821"/>
 <node id="6807503201" visible="true" version="1" changeset="74661016" timestamp="2019-09-19T09:05:27Z" user="ksairus" uid="2446129" lat="50.7611079" lon="72.2975586"/>
 <node id="6807503202" visible="true" version="1" changeset="74661016" timestamp="2019-09-19T09:05:27Z" user="ksairus" uid="2446129" lat="50.7812519" lon="72.2559797"/>
 <node id="6807503203" visible="true" version="1" changeset="74661016" timestamp="2019-09-19T09:05:27Z" user="ksairus" uid="2446129" lat="50.7959024" lon="72.2507118"/>
 <node id="6807503204" visible="true" version="1" changeset="74661016" timestamp="2019-09-19T09:05:27Z" user="ksairus" uid="2446129" lat="50.7974621" lon="72.2473108"/>
 <node id="6807503205" visible="true" version="1" changeset="74661016" timestamp="2019-09-19T09:05:27Z" user="ksairus" uid="2446129" lat="50.7939764" lon="72.2262287"/>
 <node id="6807503206" visible="true" version="1" changeset="74661016" timestamp="2019-09-19T09:05:27Z" user="ksairus" uid="2446129" lat="50.7937458" lon="72.2288197"/>
 <node id="6807561910" visible="true" version="1" changeset="74662460" timestamp="2019-09-19T09:40:50Z" user="ksairus" uid="2446129" lat="50.7774258" lon="72.2958696"/>
 <node id="6807561911" visible="true" version="1" changeset="74662460" timestamp="2019-09-19T09:40:50Z" user="ksairus" uid="2446129" lat="50.7682931" lon="72.2992813"/>
 <node id="6807561912" visible="true" version="1" changeset="74662460" timestamp="2019-09-19T09:40:50Z" user="ksairus" uid="2446129" lat="50.7607846" lon="72.3011702"/>
 <node id="6807561913" visible="true" version="1" changeset="74662460" timestamp="2019-09-19T09:40:50Z" user="ksairus" uid="2446129" lat="50.7607303" lon="72.3018568"/>
 <node id="6807561914" visible="true" version="1" changeset="74662460" timestamp="2019-09-19T09:40:50Z" user="ksairus" uid="2446129" lat="50.7613954" lon="72.3026722"/>
 <node id="6807561915" visible="true" version="1" changeset="74662460" timestamp="2019-09-19T09:40:50Z" user="ksairus" uid="2446129" lat="50.7642185" lon="72.3003333"/>
 <node id="6807561916" visible="true" version="1" changeset="74662460" timestamp="2019-09-19T09:40:50Z" user="ksairus" uid="2446129" lat="50.7647886" lon="72.2994750"/>
 <node id="6807561917" visible="true" version="1" changeset="74662460" timestamp="2019-09-19T09:40:50Z" user="ksairus" uid="2446129" lat="50.7685072" lon="72.2906130"/>
 <node id="6807561918" visible="true" version="1" changeset="74662460" timestamp="2019-09-19T09:40:50Z" user="ksairus" uid="2446129" lat="50.7717505" lon="72.2819012"/>
 <node id="6807561919" visible="true" version="1" changeset="74662460" timestamp="2019-09-19T09:40:50Z" user="ksairus" uid="2446129" lat="50.7716962" lon="72.2809785"/>
 <node id="6807561920" visible="true" version="1" changeset="74662460" timestamp="2019-09-19T09:40:50Z" user="ksairus" uid="2446129" lat="50.7699592" lon="72.2776097"/>
 <node id="6807561921" visible="true" version="1" changeset="74662460" timestamp="2019-09-19T09:40:50Z" user="ksairus" uid="2446129" lat="50.7694707" lon="72.2785967"/>
 <node id="6807561922" visible="true" version="1" changeset="74662460" timestamp="2019-09-19T09:40:50Z" user="ksairus" uid="2446129" lat="50.7664036" lon="72.2870510"/>
 <node id="6807561923" visible="true" version="1" changeset="74662460" timestamp="2019-09-19T09:40:50Z" user="ksairus" uid="2446129" lat="50.7639607" lon="72.2929519"/>
 <node id="6807561924" visible="true" version="1" changeset="74662460" timestamp="2019-09-19T09:40:50Z" user="ksairus" uid="2446129" lat="50.7614497" lon="72.2990888"/>
 <node id="6807561925" visible="true" version="1" changeset="74662460" timestamp="2019-09-19T09:40:50Z" user="ksairus" uid="2446129" lat="50.7687379" lon="72.2904413"/>
 <node id="6807561926" visible="true" version="1" changeset="74662460" timestamp="2019-09-19T09:40:50Z" user="ksairus" uid="2446129" lat="50.7699592" lon="72.2870296"/>
 <node id="6807561927" visible="true" version="1" changeset="74662460" timestamp="2019-09-19T09:40:50Z" user="ksairus" uid="2446129" lat="50.7704749" lon="72.2856777"/>
 <node id="6807561928" visible="true" version="1" changeset="74662460" timestamp="2019-09-19T09:40:50Z" user="ksairus" uid="2446129" lat="50.7716691" lon="72.2843903"/>
 <node id="6807561929" visible="true" version="1" changeset="74662460" timestamp="2019-09-19T09:40:50Z" user="ksairus" uid="2446129" lat="50.7774089" lon="72.2778886"/>
 <node id="6807561930" visible="true" version="1" changeset="74662460" timestamp="2019-09-19T09:40:50Z" user="ksairus" uid="2446129" lat="50.7809773" lon="72.2867721"/>
 <node id="6807561931" visible="true" version="1" changeset="74662460" timestamp="2019-09-19T09:40:50Z" user="ksairus" uid="2446129" lat="50.7801225" lon="72.2883814"/>
 <node id="6807561932" visible="true" version="1" changeset="74662460" timestamp="2019-09-19T09:40:50Z" user="ksairus" uid="2446129" lat="50.7802989" lon="72.2892397"/>
 <node id="6807561933" visible="true" version="1" changeset="74662460" timestamp="2019-09-19T09:40:50Z" user="ksairus" uid="2446129" lat="50.7799597" lon="72.2897762"/>
 <node id="6807561934" visible="true" version="1" changeset="74662460" timestamp="2019-09-19T09:40:50Z" user="ksairus" uid="2446129" lat="50.7794848" lon="72.2905915"/>
 <node id="6807561935" visible="true" version="1" changeset="74662460" timestamp="2019-09-19T09:40:50Z" user="ksairus" uid="2446129" lat="50.7789964" lon="72.2919219"/>
 <node id="6807561936" visible="true" version="1" changeset="74662460" timestamp="2019-09-19T09:40:50Z" user="ksairus" uid="2446129" lat="50.7773275" lon="72.2932094"/>
 <node id="6807561937" visible="true" version="1" changeset="74662460" timestamp="2019-09-19T09:40:50Z" user="ksairus" uid="2446129" lat="50.7761877" lon="72.2946256"/>
 <node id="6807561938" visible="true" version="1" changeset="74662460" timestamp="2019-09-19T09:40:50Z" user="ksairus" uid="2446129" lat="50.7748037" lon="72.2954624"/>
 <node id="6807561939" visible="true" version="1" changeset="74662460" timestamp="2019-09-19T09:40:50Z" user="ksairus" uid="2446129" lat="50.7742202" lon="72.2924584"/>
 <node id="6807561940" visible="true" version="1" changeset="74662460" timestamp="2019-09-19T09:40:50Z" user="ksairus" uid="2446129" lat="50.7725512" lon="72.2943681"/>
 <node id="6807561941" visible="true" version="1" changeset="74662460" timestamp="2019-09-19T09:40:50Z" user="ksairus" uid="2446129" lat="50.7731889" lon="72.2959774"/>
 <node id="6807561942" visible="true" version="1" changeset="74662460" timestamp="2019-09-19T09:40:50Z" user="ksairus" uid="2446129" lat="50.7728225" lon="72.2962349"/>
 <node id="6807561943" visible="true" version="1" changeset="74662460" timestamp="2019-09-19T09:40:50Z" user="ksairus" uid="2446129" lat="50.7723205" lon="72.2960418"/>
 <node id="6807561944" visible="true" version="1" changeset="74662460" timestamp="2019-09-19T09:40:50Z" user="ksairus" uid="2446129" lat="50.7716013" lon="72.2961491"/>
 <node id="6807561945" visible="true" version="1" changeset="74662460" timestamp="2019-09-19T09:40:50Z" user="ksairus" uid="2446129" lat="50.7711534" lon="72.2964924"/>
 <node id="6807561946" visible="true" version="1" changeset="74662460" timestamp="2019-09-19T09:40:50Z" user="ksairus" uid="2446129" lat="50.7705428" lon="72.2943252"/>
 <node id="6807561947" visible="true" version="1" changeset="74662460" timestamp="2019-09-19T09:40:50Z" user="ksairus" uid="2446129" lat="50.7707463" lon="72.2849053"/>
 <node id="6807561948" visible="true" version="1" changeset="74662460" timestamp="2019-09-19T09:40:50Z" user="ksairus" uid="2446129" lat="50.7774225" lon="72.2776311"/>
 <node id="6807561949" visible="true" version="1" changeset="74662460" timestamp="2019-09-19T09:40:50Z" user="ksairus" uid="2446129" lat="50.7810451" lon="72.2865575"/>
 <node id="6807561950" visible="true" version="1" changeset="74662460" timestamp="2019-09-19T09:40:50Z" user="ksairus" uid="2446129" lat="50.7824968" lon="72.2844332"/>
 <node id="6807561951" visible="true" version="1" changeset="74662460" timestamp="2019-09-19T09:40:50Z" user="ksairus" uid="2446129" lat="50.7833651" lon="72.2833174"/>
 <node id="6807561952" visible="true" version="1" changeset="74662460" timestamp="2019-09-19T09:40:50Z" user="ksairus" uid="2446129" lat="50.7777210" lon="72.2697378"/>
 <node id="6807561953" visible="true" version="1" changeset="74662460" timestamp="2019-09-19T09:40:50Z" user="ksairus" uid="2446129" lat="50.7773411" lon="72.2699524"/>
 <node id="6807561954" visible="true" version="1" changeset="74662460" timestamp="2019-09-19T09:40:50Z" user="ksairus" uid="2446129" lat="50.7759028" lon="72.2727419"/>
 <node id="6807561955" visible="true" version="1" changeset="74662460" timestamp="2019-09-19T09:40:50Z" user="ksairus" uid="2446129" lat="50.7759299" lon="72.2736431"/>
 <node id="6807561956" visible="true" version="1" changeset="74662460" timestamp="2019-09-19T09:40:50Z" user="ksairus" uid="2446129" lat="50.7763641" lon="72.2753382"/>
 <node id="6807561957" visible="true" version="1" changeset="74662460" timestamp="2019-09-19T09:40:50Z" user="ksairus" uid="2446129" lat="50.7736910" lon="72.2786213"/>
 <node id="6807561958" visible="true" version="1" changeset="74662460" timestamp="2019-09-19T09:40:50Z" user="ksairus" uid="2446129" lat="50.7718455" lon="72.2819472"/>
 <node id="6807561959" visible="true" version="1" changeset="74662460" timestamp="2019-09-19T09:40:50Z" user="ksairus" uid="2446129" lat="50.7801530" lon="72.2641872"/>
 <node id="6807561960" visible="true" version="1" changeset="74662460" timestamp="2019-09-19T09:40:50Z" user="ksairus" uid="2446129" lat="50.7799834" lon="72.2698199"/>
 <node id="6807561961" visible="true" version="1" changeset="74662460" timestamp="2019-09-19T09:40:50Z" user="ksairus" uid="2446129" lat="50.7842706" lon="72.2795081"/>
 <node id="6807561962" visible="true" version="1" changeset="74662460" timestamp="2019-09-19T09:40:50Z" user="ksairus" uid="2446129" lat="50.7844130" lon="72.2834026"/>
 <node id="8289531192" visible="true" version="1" changeset="96910289" timestamp="2021-01-04T13:00:13Z" user="eg_ggts" uid="8392809" lat="50.8386222" lon="72.1886689"/>
 <node id="8289531193" visible="true" version="1" changeset="96910289" timestamp="2021-01-04T13:00:13Z" user="eg_ggts" uid="8392809" lat="50.8407567" lon="72.1868182"/>
 <node id="10123889869" visible="true" version="1" changeset="127958186" timestamp="2022-10-23T13:44:55Z" user="Ben Allard" uid="103464" lat="50.9753813" lon="72.2224900"/>
 <node id="10123889894" visible="true" version="1" changeset="127958186" timestamp="2022-10-23T13:44:55Z" user="Ben Allard" uid="103464" lat="50.9697788" lon="72.2232626"/>
 <node id="10123889895" visible="true" version="1" changeset="127958186" timestamp="2022-10-23T13:44:55Z" user="Ben Allard" uid="103464" lat="50.9468558" lon="72.2096156"/>
 <node id="10123889896" visible="true" version="1" changeset="127958186" timestamp="2022-10-23T13:44:55Z" user="Ben Allard" uid="103464" lat="50.9420427" lon="72.2030067"/>
 <node id="10123889897" visible="true" version="1" changeset="127958186" timestamp="2022-10-23T13:44:55Z" user="Ben Allard" uid="103464" lat="50.9316036" lon="72.1998309"/>
 <node id="10123889898" visible="true" version="1" changeset="127958186" timestamp="2022-10-23T13:44:55Z" user="Ben Allard" uid="103464" lat="50.9191602" lon="72.2037791"/>
 <node id="10123889899" visible="true" version="1" changeset="127958186" timestamp="2022-10-23T13:44:55Z" user="Ben Allard" uid="103464" lat="50.9120714" lon="72.2009467"/>
 <node id="10123889900" visible="true" version="1" changeset="127958186" timestamp="2022-10-23T13:44:55Z" user="Ben Allard" uid="103464" lat="50.9072005" lon="72.1970843"/>
 <node id="10123889901" visible="true" version="1" changeset="127958186" timestamp="2022-10-23T13:44:55Z" user="Ben Allard" uid="103464" lat="50.9011384" lon="72.1866130"/>
 <node id="10123889902" visible="true" version="1" changeset="127958186" timestamp="2022-10-23T13:44:55Z" user="Ben Allard" uid="103464" lat="50.8978363" lon="72.1733951"/>
 <node id="10123889903" visible="true" version="1" changeset="127958186" timestamp="2022-10-23T13:44:55Z" user="Ben Allard" uid="103464" lat="50.9890706" lon="72.2206019"/>
 <node id="11143000581" visible="true" version="1" changeset="140359612" timestamp="2023-08-25T08:41:22Z" user="VinsonMassif" uid="17825910" lat="50.7372014" lon="72.3054789"/>
 <node id="11143000582" visible="true" version="1" changeset="140359612" timestamp="2023-08-25T08:41:22Z" user="VinsonMassif" uid="17825910" lat="50.7370170" lon="72.3058252"/>
 <node id="11143000583" visible="true" version="1" changeset="140359612" timestamp="2023-08-25T08:41:22Z" user="VinsonMassif" uid="17825910" lat="50.7369415" lon="72.3058574"/>
 <node id="11143000584" visible="true" version="1" changeset="140359612" timestamp="2023-08-25T08:41:22Z" user="VinsonMassif" uid="17825910" lat="50.7369016" lon="72.3058574"/>
 <node id="11143000585" visible="true" version="1" changeset="140359612" timestamp="2023-08-25T08:41:22Z" user="VinsonMassif" uid="17825910" lat="50.7368608" lon="72.3058467"/>
 <node id="11143000586" visible="true" version="1" changeset="140359612" timestamp="2023-08-25T08:41:22Z" user="VinsonMassif" uid="17825910" lat="50.7361483" lon="72.3051211"/>
 <node id="11143000587" visible="true" version="1" changeset="140359612" timestamp="2023-08-25T08:41:22Z" user="VinsonMassif" uid="17825910" lat="50.7361144" lon="72.3050521"/>
 <node id="11143000588" visible="true" version="1" changeset="140359612" timestamp="2023-08-25T08:41:22Z" user="VinsonMassif" uid="17825910" lat="50.7361037" lon="72.3049649"/>
 <node id="11143000589" visible="true" version="1" changeset="140359612" timestamp="2023-08-25T08:41:22Z" user="VinsonMassif" uid="17825910" lat="50.7361071" lon="72.3048797"/>
 <node id="11143000590" visible="true" version="1" changeset="140359612" timestamp="2023-08-25T08:41:22Z" user="VinsonMassif" uid="17825910" lat="50.7361309" lon="72.3047778"/>
 <node id="13073843038" visible="true" version="1" changeset="170512831" timestamp="2025-08-16T09:02:42Z" user="huronOSM" uid="21167494" lat="50.7316653" lon="72.3019023"/>
 <node id="13073843039" visible="true" version="1" changeset="170512831" timestamp="2025-08-16T09:02:42Z" user="huronOSM" uid="21167494" lat="50.7288777" lon="72.3053570"/>
 <node id="13073843040" visible="true" version="1" changeset="170512831" timestamp="2025-08-16T09:02:42Z" user="huronOSM" uid="21167494" lat="50.7290575" lon="72.3052321"/>
 <node id="13073843041" visible="true" version="1" changeset="170512831" timestamp="2025-08-16T09:02:42Z" user="huronOSM" uid="21167494" lat="50.7297430" lon="72.3043388"/>
 <node id="13073843042" visible="true" version="1" changeset="170512831" timestamp="2025-08-16T09:02:42Z" user="huronOSM" uid="21167494" lat="50.7305586" lon="72.3032660"/>
 <node id="13073843043" visible="true" version="1" changeset="170512831" timestamp="2025-08-16T09:02:42Z" user="huronOSM" uid="21167494" lat="50.7312340" lon="72.3024069"/>
 <node id="13073843044" visible="true" version="1" changeset="170512831" timestamp="2025-08-16T09:02:42Z" user="huronOSM" uid="21167494" lat="50.7315195" lon="72.3020500"/>
 <node id="13073843045" visible="true" version="1" changeset="170512831" timestamp="2025-08-16T09:02:42Z" user="huronOSM" uid="21167494" lat="50.7348707" lon="72.2972230"/>
 <node id="13305569234" visible="true" version="1" changeset="174670753" timestamp="2025-11-15T00:54:58Z" user="huronOSM" uid="21167494" lat="50.7584353" lon="72.3152480"/>
 <node id="13305569235" visible="true" version="1" changeset="174670753" timestamp="2025-11-15T00:54:58Z" user="huronOSM" uid="21167494" lat="50.7552009" lon="72.3173967"/>
 <node id="13305569236" visible="true" version="1" changeset="174670753" timestamp="2025-11-15T00:54:58Z" user="huronOSM" uid="21167494" lat="50.7537106" lon="72.3242438"/>
 <node id="13305569237" visible="true" version="1" changeset="174670753" timestamp="2025-11-15T00:54:58Z" user="huronOSM" uid="21167494" lat="50.7542347" lon="72.3268066"/>
 <node id="13305569238" visible="true" version="1" changeset="174670753" timestamp="2025-11-15T00:54:58Z" user="huronOSM" uid="21167494" lat="50.7571580" lon="72.3287611"/>
 <node id="13305569239" visible="true" version="1" changeset="174670753" timestamp="2025-11-15T00:54:58Z" user="huronOSM" uid="21167494" lat="50.7590904" lon="72.3293824"/>
 <node id="13305569240" visible="true" version="1" changeset="174670753" timestamp="2025-11-15T00:54:58Z" user="huronOSM" uid="21167494" lat="50.7645432" lon="72.3303014"/>
 <node id="13305569241" visible="true" version="1" changeset="174670753" timestamp="2025-11-15T00:54:58Z" user="huronOSM" uid="21167494" lat="50.7659677" lon="72.3301720"/>
 <node id="13305569242" visible="true" version="1" changeset="174670753" timestamp="2025-11-15T00:54:58Z" user="huronOSM" uid="21167494" lat="50.7670156" lon="72.3297578"/>
 <node id="13305569243" visible="true" version="1" changeset="174670753" timestamp="2025-11-15T00:54:58Z" user="huronOSM" uid="21167494" lat="50.7676787" lon="72.3285023"/>
 <node id="13305569244" visible="true" version="1" changeset="174670753" timestamp="2025-11-15T00:54:58Z" user="huronOSM" uid="21167494" lat="50.7681780" lon="72.3266772"/>
 <node id="13305569245" visible="true" version="1" changeset="174670753" timestamp="2025-11-15T00:54:58Z" user="huronOSM" uid="21167494" lat="50.7682271" lon="72.3245933"/>
 <node id="13305569246" visible="true" version="1" changeset="174670753" timestamp="2025-11-15T00:54:58Z" user="huronOSM" uid="21167494" lat="50.7682681" lon="72.3230918"/>
 <node id="13305569247" visible="true" version="1" changeset="174670753" timestamp="2025-11-15T00:54:58Z" user="huronOSM" uid="21167494" lat="50.7680225" lon="72.3222376"/>
 <node id="13305569248" visible="true" version="1" changeset="174670753" timestamp="2025-11-15T00:54:58Z" user="huronOSM" uid="21167494" lat="50.7673266" lon="72.3213444"/>
 <node id="13305569249" visible="true" version="1" changeset="174670753" timestamp="2025-11-15T00:54:58Z" user="huronOSM" uid="21167494" lat="50.7658940" lon="72.3205031"/>
 <node id="13305569250" visible="true" version="1" changeset="174670753" timestamp="2025-11-15T00:54:58Z" user="huronOSM" uid="21167494" lat="50.7643958" lon="72.3203090"/>
 <node id="13305569251" visible="true" version="1" changeset="174670753" timestamp="2025-11-15T00:54:58Z" user="huronOSM" uid="21167494" lat="50.7624227" lon="72.3199595"/>
 <node id="13305569252" visible="true" version="1" changeset="174670753" timestamp="2025-11-15T00:54:58Z" user="huronOSM" uid="21167494" lat="50.7610800" lon="72.3190534"/>
 <node id="13305569253" visible="true" version="1" changeset="174670753" timestamp="2025-11-15T00:54:58Z" user="huronOSM" uid="21167494" lat="50.7603021" lon="72.3177332"/>
 <node id="13305569254" visible="true" version="1" changeset="174670753" timestamp="2025-11-15T00:54:58Z" user="huronOSM" uid="21167494" lat="50.7596881" lon="72.3162706"/>
 <node id="13305569255" visible="true" version="1" changeset="174670753" timestamp="2025-11-15T00:54:58Z" user="huronOSM" uid="21167494" lat="50.7592787" lon="72.3156234"/>
 <node id="13305576854" visible="true" version="1" changeset="174670783" timestamp="2025-11-15T00:56:04Z" user="huronOSM" uid="21167494" lat="50.7685288" lon="72.3368697"/>
 <node id="13305576855" visible="true" version="1" changeset="174670783" timestamp="2025-11-15T00:56:04Z" user="huronOSM" uid="21167494" lat="50.7686852" lon="72.3366890"/>
 <node id="13305576856" visible="true" version="1" changeset="174670783" timestamp="2025-11-15T00:56:04Z" user="huronOSM" uid="21167494" lat="50.7694341" lon="72.3355951"/>
 <node id="13305576857" visible="true" version="1" changeset="174670783" timestamp="2025-11-15T00:56:04Z" user="huronOSM" uid="21167494" lat="50.7709982" lon="72.3333932"/>
 <node id="13305576858" visible="true" version="1" changeset="174670783" timestamp="2025-11-15T00:56:04Z" user="huronOSM" uid="21167494" lat="50.7712147" lon="72.3330174"/>
 <node id="13305576859" visible="true" version="1" changeset="174670783" timestamp="2025-11-15T00:56:04Z" user="huronOSM" uid="21167494" lat="50.7714193" lon="72.3324087"/>
 <node id="13305576860" visible="true" version="1" changeset="174670783" timestamp="2025-11-15T00:56:04Z" user="huronOSM" uid="21167494" lat="50.7725682" lon="72.3291699"/>
 <node id="13305576861" visible="true" version="1" changeset="174670783" timestamp="2025-11-15T00:56:04Z" user="huronOSM" uid="21167494" lat="50.7731246" lon="72.3277384"/>
 <node id="13305576862" visible="true" version="1" changeset="174670783" timestamp="2025-11-15T00:56:04Z" user="huronOSM" uid="21167494" lat="50.7741532" lon="72.3251416"/>
 <node id="13305576863" visible="true" version="1" changeset="174670783" timestamp="2025-11-15T00:56:04Z" user="huronOSM" uid="21167494" lat="50.7744630" lon="72.3243950"/>
 <node id="13305576864" visible="true" version="1" changeset="174670783" timestamp="2025-11-15T00:56:04Z" user="huronOSM" uid="21167494" lat="50.7737805" lon="72.3260824"/>
 <node id="13305576865" visible="true" version="1" changeset="174670783" timestamp="2025-11-15T00:56:04Z" user="huronOSM" uid="21167494" lat="50.7734614" lon="72.3256600"/>
 <node id="13305576866" visible="true" version="1" changeset="174670783" timestamp="2025-11-15T00:56:04Z" user="huronOSM" uid="21167494" lat="50.7726344" lon="72.3243997"/>
 <node id="13305576867" visible="true" version="1" changeset="174670783" timestamp="2025-11-15T00:56:04Z" user="huronOSM" uid="21167494" lat="50.7711034" lon="72.3220741"/>
 <node id="13305576868" visible="true" version="1" changeset="174670783" timestamp="2025-11-15T00:56:04Z" user="huronOSM" uid="21167494" lat="50.7707365" lon="72.3215985"/>
 <node id="13305576869" visible="true" version="1" changeset="174670783" timestamp="2025-11-15T00:56:04Z" user="huronOSM" uid="21167494" lat="50.7704989" lon="72.3214035"/>
 <node id="13305576870" visible="true" version="1" changeset="174670783" timestamp="2025-11-15T00:56:04Z" user="huronOSM" uid="21167494" lat="50.7701590" lon="72.3210325"/>
 <node id="13305576871" visible="true" version="1" changeset="174670783" timestamp="2025-11-15T00:56:04Z" user="huronOSM" uid="21167494" lat="50.7696537" lon="72.3203667"/>
 <node id="13305576872" visible="true" version="1" changeset="174670783" timestamp="2025-11-15T00:56:04Z" user="huronOSM" uid="21167494" lat="50.7691454" lon="72.3196343"/>
 <node id="13305576873" visible="true" version="1" changeset="174670783" timestamp="2025-11-15T00:56:04Z" user="huronOSM" uid="21167494" lat="50.7689378" lon="72.3193109"/>
 <node id="13305576874" visible="true" version="1" changeset="174670783" timestamp="2025-11-15T00:56:04Z" user="huronOSM" uid="21167494" lat="50.7686912" lon="72.3189685"/>
 <node id="13305576875" visible="true" version="1" changeset="174670783" timestamp="2025-11-15T00:56:04Z" user="huronOSM" uid="21167494" lat="50.7684445" lon="72.3187069"/>
 <node id="13305576876" visible="true" version="1" changeset="174670783" timestamp="2025-11-15T00:56:04Z" user="huronOSM" uid="21167494" lat="50.7681407" lon="72.3183978"/>
 <node id="13305576877" visible="true" version="1" changeset="174670783" timestamp="2025-11-15T00:56:04Z" user="huronOSM" uid="21167494" lat="50.7677467" lon="72.3178603"/>
 <node id="13305576878" visible="true" version="1" changeset="174670783" timestamp="2025-11-15T00:56:04Z" user="huronOSM" uid="21167494" lat="50.7672504" lon="72.3171375"/>
 <node id="13305576879" visible="true" version="1" changeset="174670783" timestamp="2025-11-15T00:56:04Z" user="huronOSM" uid="21167494" lat="50.7664412" lon="72.3158010"/>
 <node id="13305576880" visible="true" version="1" changeset="174670783" timestamp="2025-11-15T00:56:04Z" user="huronOSM" uid="21167494" lat="50.7654125" lon="72.3141032"/>
 <node id="13305576881" visible="true" version="1" changeset="174670783" timestamp="2025-11-15T00:56:04Z" user="huronOSM" uid="21167494" lat="50.7648139" lon="72.3131092"/>
 <node id="13305576882" visible="true" version="1" changeset="174670783" timestamp="2025-11-15T00:56:04Z" user="huronOSM" uid="21167494" lat="50.7644980" lon="72.3124957"/>
 <node id="13305576883" visible="true" version="1" changeset="174670783" timestamp="2025-11-15T00:56:04Z" user="huronOSM" uid="21167494" lat="50.7642513" lon="72.3119345"/>
 <node id="13305576884" visible="true" version="1" changeset="174670783" timestamp="2025-11-15T00:56:04Z" user="huronOSM" uid="21167494" lat="50.7640498" lon="72.3115255"/>
 <node id="13305576885" visible="true" version="1" changeset="174670783" timestamp="2025-11-15T00:56:04Z" user="huronOSM" uid="21167494" lat="50.7637159" lon="72.3109690"/>
 <node id="13305576886" visible="true" version="1" changeset="174670783" timestamp="2025-11-15T00:56:04Z" user="huronOSM" uid="21167494" lat="50.7633699" lon="72.3104982"/>
 <node id="13305576887" visible="true" version="1" changeset="174670783" timestamp="2025-11-15T00:56:04Z" user="huronOSM" uid="21167494" lat="50.7630294" lon="72.3099767"/>
 <node id="13406431848" visible="true" version="1" changeset="176407332" timestamp="2025-12-25T19:35:53Z" user="huronOSM" uid="21167494" lat="50.7940115" lon="72.4960094"/>
 <node id="13742139521" visible="true" version="1" changeset="181531447" timestamp="2026-04-19T10:40:41Z" user="Dacha2" uid="23379063" lat="50.7610547" lon="72.3238584"/>
 <node id="13742139522" visible="true" version="1" changeset="181531447" timestamp="2026-04-19T10:40:41Z" user="Dacha2" uid="23379063" lat="50.7608526" lon="72.3237440"/>
 <node id="13742139523" visible="true" version="1" changeset="181531447" timestamp="2026-04-19T10:40:41Z" user="Dacha2" uid="23379063" lat="50.7608284" lon="72.3238508"/>
 <node id="13742139524" visible="true" version="1" changeset="181531447" timestamp="2026-04-19T10:40:41Z" user="Dacha2" uid="23379063" lat="50.7610305" lon="72.3239653"/>
 <node id="13742139525" visible="true" version="1" changeset="181531447" timestamp="2026-04-19T10:40:41Z" user="Dacha2" uid="23379063" lat="50.7610981" lon="72.3235491"/>
 <node id="13742139526" visible="true" version="1" changeset="181531447" timestamp="2026-04-19T10:40:41Z" user="Dacha2" uid="23379063" lat="50.7609480" lon="72.3234606"/>
 <node id="13742139527" visible="true" version="1" changeset="181531447" timestamp="2026-04-19T10:40:41Z" user="Dacha2" uid="23379063" lat="50.7609252" lon="72.3235573"/>
 <node id="13742139528" visible="true" version="1" changeset="181531447" timestamp="2026-04-19T10:40:41Z" user="Dacha2" uid="23379063" lat="50.7610752" lon="72.3236459"/>
 <node id="13742139529" visible="true" version="1" changeset="181531447" timestamp="2026-04-19T10:40:41Z" user="Dacha2" uid="23379063" lat="50.7614708" lon="72.3240941"/>
 <node id="13742139530" visible="true" version="1" changeset="181531447" timestamp="2026-04-19T10:40:41Z" user="Dacha2" uid="23379063" lat="50.7612673" lon="72.3239822"/>
 <node id="13742139531" visible="true" version="1" changeset="181531447" timestamp="2026-04-19T10:40:41Z" user="Dacha2" uid="23379063" lat="50.7612450" lon="72.3240834"/>
 <node id="13742139532" visible="true" version="1" changeset="181531447" timestamp="2026-04-19T10:40:41Z" user="Dacha2" uid="23379063" lat="50.7614485" lon="72.3241954"/>
 <node id="13742139533" visible="true" version="1" changeset="181531447" timestamp="2026-04-19T10:40:41Z" user="Dacha2" uid="23379063" lat="50.7618850" lon="72.3243285"/>
 <node id="13742139534" visible="true" version="1" changeset="181531447" timestamp="2026-04-19T10:40:41Z" user="Dacha2" uid="23379063" lat="50.7616839" lon="72.3242129"/>
 <node id="13742139535" visible="true" version="1" changeset="181531447" timestamp="2026-04-19T10:40:41Z" user="Dacha2" uid="23379063" lat="50.7616621" lon="72.3243076"/>
 <node id="13742139536" visible="true" version="1" changeset="181531447" timestamp="2026-04-19T10:40:41Z" user="Dacha2" uid="23379063" lat="50.7618632" lon="72.3244233"/>
 <node id="13742139537" visible="true" version="1" changeset="181531447" timestamp="2026-04-19T10:40:41Z" user="Dacha2" uid="23379063" lat="50.7628084" lon="72.3243968"/>
 <node id="13742139538" visible="true" version="1" changeset="181531447" timestamp="2026-04-19T10:40:41Z" user="Dacha2" uid="23379063" lat="50.7626752" lon="72.3243630"/>
 <node id="13742139539" visible="true" version="1" changeset="181531447" timestamp="2026-04-19T10:40:41Z" user="Dacha2" uid="23379063" lat="50.7627180" lon="72.3239409"/>
 <node id="13742139540" visible="true" version="1" changeset="181531447" timestamp="2026-04-19T10:40:41Z" user="Dacha2" uid="23379063" lat="50.7626151" lon="72.3239148"/>
 <node id="13742139541" visible="true" version="1" changeset="181531447" timestamp="2026-04-19T10:40:41Z" user="Dacha2" uid="23379063" lat="50.7625734" lon="72.3243253"/>
 <node id="13742139542" visible="true" version="1" changeset="181531447" timestamp="2026-04-19T10:40:41Z" user="Dacha2" uid="23379063" lat="50.7624288" lon="72.3242886"/>
 <node id="13742139543" visible="true" version="1" changeset="181531447" timestamp="2026-04-19T10:40:41Z" user="Dacha2" uid="23379063" lat="50.7624125" lon="72.3244491"/>
 <node id="13742139544" visible="true" version="1" changeset="181531447" timestamp="2026-04-19T10:40:41Z" user="Dacha2" uid="23379063" lat="50.7627933" lon="72.3245458"/>
 <node id="13742139545" visible="true" version="1" changeset="181531447" timestamp="2026-04-19T10:40:41Z" user="Dacha2" uid="23379063" lat="50.7629499" lon="72.3241023"/>
 <node id="13742139546" visible="true" version="1" changeset="181531447" timestamp="2026-04-19T10:40:41Z" user="Dacha2" uid="23379063" lat="50.7630703" lon="72.3241254"/>
 <node id="13742139547" visible="true" version="1" changeset="181531447" timestamp="2026-04-19T10:40:41Z" user="Dacha2" uid="23379063" lat="50.7630417" lon="72.3244995"/>
 <node id="13742139548" visible="true" version="1" changeset="181531447" timestamp="2026-04-19T10:40:41Z" user="Dacha2" uid="23379063" lat="50.7629212" lon="72.3244764"/>
 <node id="13742139549" visible="true" version="1" changeset="181531447" timestamp="2026-04-19T10:40:41Z" user="Dacha2" uid="23379063" lat="50.7620153" lon="72.3228724"/>
 <node id="13742139550" visible="true" version="1" changeset="181531447" timestamp="2026-04-19T10:40:41Z" user="Dacha2" uid="23379063" lat="50.7616168" lon="72.3226515"/>
 <node id="13742139551" visible="true" version="1" changeset="181531447" timestamp="2026-04-19T10:40:41Z" user="Dacha2" uid="23379063" lat="50.7615764" lon="72.3228335"/>
 <node id="13742139552" visible="true" version="1" changeset="181531447" timestamp="2026-04-19T10:40:41Z" user="Dacha2" uid="23379063" lat="50.7619749" lon="72.3230546"/>
 <node id="13742139553" visible="true" version="1" changeset="181531447" timestamp="2026-04-19T10:40:41Z" user="Dacha2" uid="23379063" lat="50.7613804" lon="72.3227195"/>
 <node id="13742139554" visible="true" version="1" changeset="181531447" timestamp="2026-04-19T10:40:41Z" user="Dacha2" uid="23379063" lat="50.7611604" lon="72.3225847"/>
 <node id="13742139555" visible="true" version="1" changeset="181531447" timestamp="2026-04-19T10:40:41Z" user="Dacha2" uid="23379063" lat="50.7611181" lon="72.3227572"/>
 <node id="13742139556" visible="true" version="1" changeset="181531447" timestamp="2026-04-19T10:40:41Z" user="Dacha2" uid="23379063" lat="50.7613380" lon="72.3228920"/>
 <node id="13742139557" visible="true" version="1" changeset="181531447" timestamp="2026-04-19T10:40:41Z" user="Dacha2" uid="23379063" lat="50.7612276" lon="72.3230508"/>
 <node id="13742139558" visible="true" version="1" changeset="181531447" timestamp="2026-04-19T10:40:41Z" user="Dacha2" uid="23379063" lat="50.7610658" lon="72.3229656"/>
 <node id="13742139559" visible="true" version="1" changeset="181531447" timestamp="2026-04-19T10:40:41Z" user="Dacha2" uid="23379063" lat="50.7610324" lon="72.3231238"/>
 <node id="13742139560" visible="true" version="1" changeset="181531447" timestamp="2026-04-19T10:40:41Z" user="Dacha2" uid="23379063" lat="50.7611943" lon="72.3232091"/>
 <node id="13742139561" visible="true" version="1" changeset="181531447" timestamp="2026-04-19T10:40:41Z" user="Dacha2" uid="23379063" lat="50.7606983" lon="72.3239732"/>
 <node id="13742139562" visible="true" version="1" changeset="181531447" timestamp="2026-04-19T10:40:41Z" user="Dacha2" uid="23379063" lat="50.7611170" lon="72.3219435"/>
 <node id="13742139563" visible="true" version="1" changeset="181531447" timestamp="2026-04-19T10:40:41Z" user="Dacha2" uid="23379063" lat="50.7636046" lon="72.3241496"/>
 <node id="13742139564" visible="true" version="1" changeset="181531447" timestamp="2026-04-19T10:40:41Z" user="Dacha2" uid="23379063" lat="50.7634661" lon="72.3241257"/>
 <node id="13742139565" visible="true" version="1" changeset="181531447" timestamp="2026-04-19T10:40:41Z" user="Dacha2" uid="23379063" lat="50.7634006" lon="72.3250747"/>
 <node id="13742139566" visible="true" version="1" changeset="181531447" timestamp="2026-04-19T10:40:41Z" user="Dacha2" uid="23379063" lat="50.7635391" lon="72.3250986"/>
 <node id="13742139567" visible="true" version="1" changeset="181531447" timestamp="2026-04-19T10:40:41Z" user="Dacha2" uid="23379063" lat="50.7635327" lon="72.3233168"/>
 <node id="13742139568" visible="true" version="1" changeset="181531447" timestamp="2026-04-19T10:40:41Z" user="Dacha2" uid="23379063" lat="50.7634823" lon="72.3239178"/>
 <node id="13742139569" visible="true" version="1" changeset="181531447" timestamp="2026-04-19T10:40:41Z" user="Dacha2" uid="23379063" lat="50.7636001" lon="72.3239425"/>
 <node id="13742139570" visible="true" version="1" changeset="181531447" timestamp="2026-04-19T10:40:41Z" user="Dacha2" uid="23379063" lat="50.7636505" lon="72.3233414"/>
 <node id="13742139571" visible="true" version="1" changeset="181531447" timestamp="2026-04-19T10:40:41Z" user="Dacha2" uid="23379063" lat="50.7633661" lon="72.3251350"/>
 <node id="13742139572" visible="true" version="1" changeset="181531447" timestamp="2026-04-19T10:40:41Z" user="Dacha2" uid="23379063" lat="50.7635474" lon="72.3251563"/>
 <node id="13742139573" visible="true" version="1" changeset="181531447" timestamp="2026-04-19T10:40:41Z" user="Dacha2" uid="23379063" lat="50.7637400" lon="72.3251032"/>
 <node id="13742139574" visible="true" version="1" changeset="181531447" timestamp="2026-04-19T10:40:41Z" user="Dacha2" uid="23379063" lat="50.7638452" lon="72.3250112"/>
 <way id="37967225" visible="true" version="14" changeset="127958186" timestamp="2022-10-23T13:44:55Z" user="Ben Allard" uid="103464">
  <nd ref="445972072"/>
  <nd ref="445972071"/>
  <nd ref="445972070"/>
  <nd ref="445972069"/>
  <nd ref="445972068"/>
  <nd ref="445972067"/>
  <nd ref="445972066"/>
  <nd ref="445972065"/>
  <nd ref="445972064"/>
  <nd ref="445972063"/>
  <nd ref="445972062"/>
  <nd ref="445972061"/>
  <nd ref="445972060"/>
  <nd ref="445972059"/>
  <nd ref="445972058"/>
  <nd ref="445972057"/>
  <nd ref="445972056"/>
  <nd ref="445972055"/>
  <nd ref="445972054"/>
  <nd ref="445972053"/>
  <nd ref="445972052"/>
  <nd ref="445972051"/>
  <nd ref="445972050"/>
  <nd ref="445972049"/>
  <nd ref="445972048"/>
  <nd ref="445972047"/>
  <nd ref="6640230952"/>
  <nd ref="445972046"/>
  <nd ref="445972045"/>
  <nd ref="445972044"/>
  <nd ref="445972043"/>
  <nd ref="445972042"/>
  <nd ref="445972041"/>
  <nd ref="445972040"/>
  <nd ref="445972039"/>
  <nd ref="445972038"/>
  <nd ref="6637192140"/>
  <nd ref="445972037"/>
  <nd ref="445972036"/>
  <nd ref="445972035"/>
  <nd ref="6637192141"/>
  <nd ref="445972034"/>
  <nd ref="6637192142"/>
  <nd ref="445972033"/>
  <nd ref="445972032"/>
  <nd ref="6637192144"/>
  <nd ref="6637192143"/>
  <nd ref="6637192145"/>
  <nd ref="445972031"/>
  <nd ref="6637192146"/>
  <nd ref="445972030"/>
  <nd ref="6637192147"/>
  <nd ref="445972029"/>
  <nd ref="6637192148"/>
  <nd ref="445972028"/>
  <nd ref="6637192149"/>
  <nd ref="445972027"/>
  <nd ref="6637192150"/>
  <nd ref="6637192151"/>
  <nd ref="445972026"/>
  <nd ref="6637192152"/>
  <nd ref="445972025"/>
  <nd ref="445972024"/>
  <nd ref="6637178141"/>
  <nd ref="6637178142"/>
  <nd ref="445972023"/>
  <nd ref="6637178140"/>
  <nd ref="445972022"/>
  <nd ref="445972021"/>
  <nd ref="445972020"/>
  <nd ref="445972019"/>
  <nd ref="445972018"/>
  <nd ref="445972017"/>
  <nd ref="445972016"/>
  <nd ref="445972015"/>
  <nd ref="445972014"/>
  <nd ref="445972013"/>
  <nd ref="6807501362"/>
  <nd ref="445972012"/>
  <nd ref="445972011"/>
  <nd ref="2709480093"/>
  <nd ref="2709480094"/>
  <nd ref="445972010"/>
  <nd ref="445972009"/>
  <nd ref="6807501361"/>
  <nd ref="445972008"/>
  <nd ref="6807501360"/>
  <nd ref="445972007"/>
  <nd ref="6807501359"/>
  <nd ref="445972006"/>
  <nd ref="6807501358"/>
  <nd ref="445972005"/>
  <nd ref="6807501357"/>
  <nd ref="445972004"/>
  <nd ref="6807501383"/>
  <nd ref="445972003"/>
  <nd ref="6807561911"/>
  <nd ref="445972002"/>
  <nd ref="6807561910"/>
  <nd ref="445972001"/>
  <nd ref="445972000"/>
  <nd ref="445971999"/>
  <nd ref="6807561962"/>
  <nd ref="445971998"/>
  <nd ref="6807561961"/>
  <nd ref="445971997"/>
  <nd ref="6807561960"/>
  <nd ref="445971996"/>
  <nd ref="6807561959"/>
  <nd ref="445971995"/>
  <nd ref="6807503202"/>
  <nd ref="445971994"/>
  <nd ref="445971993"/>
  <nd ref="445971992"/>
  <nd ref="6807503203"/>
  <nd ref="445971991"/>
  <nd ref="6807503204"/>
  <nd ref="445971990"/>
  <nd ref="445971989"/>
  <nd ref="445971988"/>
  <nd ref="445971987"/>
  <nd ref="6807503206"/>
  <nd ref="6807503205"/>
  <nd ref="445971986"/>
  <nd ref="445971985"/>
  <nd ref="445971984"/>
  <nd ref="445971983"/>
  <nd ref="445971982"/>
  <nd ref="445971981"/>
  <nd ref="445971980"/>
  <nd ref="445971979"/>
  <nd ref="1795321292"/>
  <nd ref="1795321296"/>
  <nd ref="1795321329"/>
  <nd ref="1795321333"/>
  <nd ref="1795321331"/>
  <nd ref="1799605670"/>
  <nd ref="1799605671"/>
  <nd ref="1795321332"/>
  <nd ref="1795321343"/>
  <nd ref="1799605705"/>
  <nd ref="1799605707"/>
  <nd ref="1799605714"/>
  <nd ref="1795321355"/>
  <nd ref="1799605737"/>
  <nd ref="1795321364"/>
  <nd ref="1799605746"/>
  <nd ref="1799605751"/>
  <nd ref="1795321378"/>
  <nd ref="1799605759"/>
  <nd ref="1799605762"/>
  <nd ref="1799605768"/>
  <nd ref="1795321383"/>
  <nd ref="1795321384"/>
  <nd ref="1795321392"/>
  <nd ref="8289531192"/>
  <nd ref="2881683724"/>
  <nd ref="2881683743"/>
  <nd ref="8289531193"/>
  <nd ref="2881683756"/>
  <nd ref="1795321417"/>
  <nd ref="1799605838"/>
  <nd ref="2881683871"/>
  <nd ref="1795321425"/>
  <nd ref="1799605843"/>
  <nd ref="1795321433"/>
  <nd ref="2881683919"/>
  <nd ref="2881683904"/>
  <nd ref="1795321423"/>
  <nd ref="1795321431"/>
  <nd ref="1799605844"/>
  <nd ref="1795321443"/>
  <nd ref="1799605845"/>
  <nd ref="1799605846"/>
  <nd ref="1795321445"/>
  <nd ref="1795321447"/>
  <nd ref="1799605851"/>
  <nd ref="1795321449"/>
  <nd ref="1799605853"/>
  <nd ref="1795321451"/>
  <nd ref="1795321453"/>
  <nd ref="1795321455"/>
  <nd ref="1795321461"/>
  <nd ref="1795321463"/>
  <nd ref="1795321464"/>
  <nd ref="1795321467"/>
  <nd ref="1795321469"/>
  <nd ref="1795321471"/>
  <nd ref="1795321473"/>
  <nd ref="1795321474"/>
  <nd ref="1795321476"/>
  <nd ref="1795321478"/>
  <nd ref="1795321480"/>
  <nd ref="1795321483"/>
  <nd ref="10123889902"/>
  <nd ref="10123889901"/>
  <nd ref="10123889900"/>
  <nd ref="10123889899"/>
  <nd ref="10123889898"/>
  <nd ref="10123889897"/>
  <nd ref="10123889896"/>
  <nd ref="10123889895"/>
  <nd ref="10123889894"/>
  <nd ref="10123889869"/>
  <nd ref="10123889903"/>
  <tag k="boat" v="no"/>
  <tag k="name" v="Есиль"/>
  <tag k="waterway" v="river"/>
 </way>
 <way id="42646917" visible="true" version="13" changeset="176863783" timestamp="2026-01-05T14:12:10Z" user="Вальдимар" uid="3249611">
  <nd ref="533233888"/>
  <nd ref="533234155"/>
  <nd ref="1795321170"/>
  <nd ref="2709480082"/>
  <nd ref="4014841495"/>
  <nd ref="1795321179"/>
  <nd ref="1795321181"/>
  <nd ref="6807501380"/>
  <nd ref="1795321184"/>
  <tag k="highway" v="tertiary"/>
  <tag k="highway:category" v="kz:4;ru:4"/>
  <tag k="smoothness" v="bad"/>
  <tag k="smoothness:date" v="2015-06"/>
  <tag k="source:smoothness" v="http://autotourist.kz/index.php/blogs/entry/gory-ayuly"/>
  <tag k="surface" v="asphalt"/>
 </way>
 <way id="42646918" visible="true" version="32" changeset="172959196" timestamp="2025-10-07T13:14:12Z" user="Вальдимар" uid="3249611">
  <nd ref="276273178"/>
  <nd ref="4915427912"/>
  <nd ref="4915427885"/>
  <nd ref="4915295053"/>
  <nd ref="13073843045"/>
  <nd ref="4915427863"/>
  <nd ref="4915427840"/>
  <nd ref="3541186152"/>
  <nd ref="3541186151"/>
  <nd ref="276273223"/>
  <nd ref="697276934"/>
  <nd ref="276273225"/>
  <nd ref="697276933"/>
  <nd ref="697276928"/>
  <tag k="highway" v="motorway"/>
  <tag k="highway:category" v="kz:1в;ru:1в"/>
  <tag k="int_ref" v="E 125;AH7"/>
  <tag k="lanes" v="2"/>
  <tag k="maxspeed" v="140"/>
  <tag k="oneway" v="yes"/>
  <tag k="ref" v="KАZ01"/>
  <tag k="smoothness" v="excellent"/>
  <tag k="smoothness:date" v="2018-08-13"/>
  <tag k="source:smoothness" v="https://vse.kz/topic/490255-sostoianie-trass-kakovo-edinaia-tema-po-vsem-napr/page-216#entry35592359"/>
  <tag k="surface" v="concrete"/>
  <tag k="toll" v="yes"/>
 </way>
 <way id="265281933" visible="true" version="4" changeset="184252713" timestamp="2026-06-18T03:58:56Z" user="Ruslan Fatih" uid="12875574">
  <nd ref="2709480095"/>
  <nd ref="2709480096"/>
  <tag k="bridge" v="yes"/>
  <tag k="highway" v="unclassified"/>
  <tag k="highway:category" v="kz:4;ru:4"/>
  <tag k="layer" v="1"/>
  <tag k="surface" v="asphalt"/>
 </way>
 <way id="265281945" visible="true" version="14" changeset="176863783" timestamp="2026-01-05T14:12:10Z" user="Вальдимар" uid="3249611">
  <nd ref="2709480096"/>
  <nd ref="2709480097"/>
  <nd ref="1795321201"/>
  <nd ref="1795321203"/>
  <nd ref="1795321204"/>
  <nd ref="1795321220"/>
  <nd ref="1795321230"/>
  <nd ref="1795321240"/>
  <nd ref="5045708219"/>
  <nd ref="2709480335"/>
  <nd ref="1795321244"/>
  <nd ref="1795321245"/>
  <nd ref="1795321260"/>
  <nd ref="2709480386"/>
  <nd ref="2709480382"/>
  <nd ref="2709480374"/>
  <nd ref="1795321246"/>
  <nd ref="4697076405"/>
  <nd ref="4697076406"/>
  <nd ref="2709480355"/>
  <nd ref="2709480349"/>
  <nd ref="2948920296"/>
  <nd ref="4697076407"/>
  <nd ref="2709480329"/>
  <nd ref="4697076408"/>
  <nd ref="2709480315"/>
  <nd ref="4616869309"/>
  <nd ref="4616869310"/>
  <nd ref="4616869311"/>
  <nd ref="4616869312"/>
  <nd ref="4616869313"/>
  <nd ref="4616869314"/>
  <nd ref="2709480248"/>
  <nd ref="4616869315"/>
  <nd ref="4616869316"/>
  <nd ref="4616869317"/>
  <nd ref="2709480252"/>
  <nd ref="4616869318"/>
  <nd ref="4616869319"/>
  <nd ref="4616869320"/>
  <nd ref="4616869321"/>
  <nd ref="4616869322"/>
  <nd ref="4616869323"/>
  <nd ref="13406431848"/>
  <nd ref="4616869324"/>
  <nd ref="4616869325"/>
  <nd ref="2709480295"/>
  <nd ref="4616869326"/>
  <nd ref="2709480301"/>
  <nd ref="4616869327"/>
  <nd ref="4616869328"/>
  <nd ref="2709480293"/>
  <nd ref="4616869329"/>
  <nd ref="4616869330"/>
  <nd ref="2709480284"/>
  <nd ref="4616869331"/>
  <nd ref="4616869332"/>
  <nd ref="4616869333"/>
  <nd ref="4616869277"/>
  <nd ref="4616869334"/>
  <nd ref="4616869303"/>
  <nd ref="4616869304"/>
  <nd ref="4616869305"/>
  <nd ref="4616869306"/>
  <nd ref="2709480237"/>
  <nd ref="4616869307"/>
  <nd ref="4616869308"/>
  <nd ref="2709480217"/>
  <nd ref="2709480132"/>
  <nd ref="2709480120"/>
  <nd ref="2709480114"/>
  <nd ref="2709480152"/>
  <nd ref="2709480144"/>
  <nd ref="2709480108"/>
  <nd ref="2709480110"/>
  <nd ref="2709480146"/>
  <nd ref="2709480158"/>
  <nd ref="2709480164"/>
  <nd ref="2709480172"/>
  <nd ref="2709480202"/>
  <nd ref="2709480213"/>
  <nd ref="2709480256"/>
  <nd ref="2709480388"/>
  <nd ref="2709480392"/>
  <nd ref="2709480400"/>
  <nd ref="2709480404"/>
  <nd ref="2709480407"/>
  <nd ref="2709480411"/>
  <nd ref="2709480439"/>
  <nd ref="2709480441"/>
  <nd ref="2709480445"/>
  <nd ref="4014933646"/>
  <nd ref="2709480461"/>
  <nd ref="2709480465"/>
  <nd ref="2709480467"/>
  <nd ref="2709480481"/>
  <nd ref="2993996728"/>
  <nd ref="2709480497"/>
  <nd ref="2709480503"/>
  <tag k="highway" v="unclassified"/>
  <tag k="highway:category" v="kz:4;ru:4"/>
  <tag k="smoothness" v="bad"/>
  <tag k="smoothness:date" v="2015-06"/>
  <tag k="source:smoothness" v="http://autotourist.kz/index.php/blogs/entry/gory-ayuly"/>
  <tag k="surface" v="gravel"/>
 </way>
 <way id="398738970" visible="true" version="3" changeset="176863783" timestamp="2026-01-05T14:12:10Z" user="Вальдимар" uid="3249611">
  <nd ref="1795321184"/>
  <nd ref="1795321186"/>
  <nd ref="2704249092"/>
  <nd ref="2704249096"/>
  <nd ref="2709480095"/>
  <tag k="highway" v="unclassified"/>
  <tag k="highway:category" v="kz:4;ru:4"/>
  <tag k="smoothness" v="very_bad"/>
  <tag k="smoothness:date" v="2015-06"/>
  <tag k="source:smoothness" v="http://autotourist.kz/index.php/blogs/entry/gory-ayuly"/>
  <tag k="surface" v="gravel"/>
 </way>
 <way id="500487384" visible="true" version="14" changeset="172959196" timestamp="2025-10-07T13:14:12Z" user="Вальдимар" uid="3249611">
  <nd ref="4915295045"/>
  <nd ref="4915295046"/>
  <nd ref="4915295047"/>
  <nd ref="4915295048"/>
  <nd ref="4915295049"/>
  <nd ref="4915295050"/>
  <nd ref="4915295051"/>
  <nd ref="13073843039"/>
  <nd ref="4915295052"/>
  <nd ref="4915427880"/>
  <nd ref="4915295054"/>
  <nd ref="4915427901"/>
  <nd ref="4915428323"/>
  <nd ref="4915295056"/>
  <tag k="highway" v="motorway"/>
  <tag k="highway:category" v="kz:1в;ru:1в"/>
  <tag k="int_ref" v="E 125;AH7"/>
  <tag k="lanes" v="2"/>
  <tag k="maxspeed" v="140"/>
  <tag k="oneway" v="yes"/>
  <tag k="ref" v="KАZ01"/>
  <tag k="smoothness" v="excellent"/>
  <tag k="smoothness:date" v="2018-08-13"/>
  <tag k="source:smoothness" v="https://vse.kz/topic/490255-sostoianie-trass-kakovo-edinaia-tema-po-vsem-napr/page-216#entry35592359"/>
  <tag k="surface" v="concrete"/>
  <tag k="toll" v="yes"/>
 </way>
 <way id="500506626" visible="true" version="4" changeset="176863783" timestamp="2026-01-05T14:12:10Z" user="Вальдимар" uid="3249611">
  <nd ref="4915427881"/>
  <nd ref="4915427878"/>
  <nd ref="4915427875"/>
  <nd ref="4915427874"/>
  <nd ref="4915427872"/>
  <nd ref="4915427871"/>
  <nd ref="4915427873"/>
  <nd ref="4915427876"/>
  <nd ref="4915427879"/>
  <nd ref="4915427880"/>
  <tag k="highway" v="tertiary"/>
  <tag k="oneway" v="yes"/>
 </way>
 <way id="500506629" visible="true" version="4" changeset="176863783" timestamp="2026-01-05T14:12:10Z" user="Вальдимар" uid="3249611">
  <nd ref="4915427868"/>
  <nd ref="4915427881"/>
  <tag k="highway" v="tertiary"/>
 </way>
 <way id="500506632" visible="true" version="5" changeset="176863783" timestamp="2026-01-05T14:12:10Z" user="Вальдимар" uid="3249611">
  <nd ref="13073843039"/>
  <nd ref="13073843040"/>
  <nd ref="13073843041"/>
  <nd ref="13073843042"/>
  <nd ref="13073843043"/>
  <nd ref="13073843044"/>
  <nd ref="13073843038"/>
  <nd ref="4915427856"/>
  <nd ref="4915427861"/>
  <nd ref="4915427865"/>
  <nd ref="4915427867"/>
  <nd ref="4915427869"/>
  <nd ref="4915427870"/>
  <nd ref="4915427877"/>
  <nd ref="4915427881"/>
  <tag k="highway" v="tertiary"/>
  <tag k="oneway" v="yes"/>
 </way>
 <way id="706354267" visible="true" version="1" changeset="72510927" timestamp="2019-07-22T11:31:14Z" user="ksairus" uid="2446129">
  <nd ref="6637192021"/>
  <nd ref="6637192022"/>
  <nd ref="6637192023"/>
  <nd ref="6637192024"/>
  <nd ref="6637192025"/>
  <nd ref="6637192026"/>
  <nd ref="6637192027"/>
  <nd ref="6637192028"/>
  <nd ref="6637192029"/>
  <nd ref="6637192030"/>
  <nd ref="6637192031"/>
  <nd ref="6637192032"/>
  <nd ref="6637192033"/>
  <nd ref="6637192034"/>
  <nd ref="6637192035"/>
  <nd ref="6637192036"/>
  <nd ref="6637192037"/>
  <nd ref="6637192021"/>
  <tag k="landuse" v="farmland"/>
 </way>
 <way id="706354275" visible="true" version="1" changeset="72510927" timestamp="2019-07-22T11:31:14Z" user="ksairus" uid="2446129">
  <nd ref="6637192164"/>
  <nd ref="6637192165"/>
  <nd ref="6637192166"/>
  <nd ref="6637192167"/>
  <nd ref="6637192168"/>
  <nd ref="6637192169"/>
  <nd ref="6637192170"/>
  <nd ref="6637192171"/>
  <nd ref="6637192172"/>
  <nd ref="6637192173"/>
  <nd ref="6637192174"/>
  <nd ref="6637192175"/>
  <nd ref="6637192176"/>
  <nd ref="6637192177"/>
  <nd ref="6637192178"/>
  <nd ref="6637192179"/>
  <nd ref="6637192180"/>
  <nd ref="6637192181"/>
  <nd ref="6637192182"/>
  <nd ref="6637192183"/>
  <nd ref="6637192184"/>
  <nd ref="6637192185"/>
  <nd ref="6637192186"/>
  <nd ref="6637192187"/>
  <nd ref="6637192188"/>
  <nd ref="6637192189"/>
  <nd ref="6637192190"/>
  <nd ref="6637192191"/>
  <nd ref="6637192192"/>
  <nd ref="6637192164"/>
  <tag k="landuse" v="farmland"/>
 </way>
 <way id="706354276" visible="true" version="1" changeset="72510927" timestamp="2019-07-22T11:31:14Z" user="ksairus" uid="2446129">
  <nd ref="6637192193"/>
  <nd ref="6637192194"/>
  <nd ref="6637192195"/>
  <nd ref="6637192196"/>
  <nd ref="6637192197"/>
  <nd ref="6637192198"/>
  <nd ref="6637192199"/>
  <nd ref="6637192200"/>
  <nd ref="6637192201"/>
  <nd ref="6637192202"/>
  <nd ref="6637192203"/>
  <nd ref="6637192204"/>
  <nd ref="6637192205"/>
  <nd ref="6637192206"/>
  <nd ref="6637192207"/>
  <nd ref="6637192208"/>
  <nd ref="6637192209"/>
  <nd ref="6637192210"/>
  <nd ref="6637192211"/>
  <nd ref="6637192212"/>
  <nd ref="6637192213"/>
  <nd ref="6637192214"/>
  <nd ref="6637192215"/>
  <nd ref="6637192216"/>
  <nd ref="6637192217"/>
  <nd ref="6637192218"/>
  <nd ref="6637192219"/>
  <nd ref="6637192220"/>
  <nd ref="6637192221"/>
  <nd ref="6637192222"/>
  <nd ref="6637192223"/>
  <nd ref="6637192224"/>
  <nd ref="6637192225"/>
  <nd ref="6637192226"/>
  <nd ref="6637192227"/>
  <nd ref="6637192228"/>
  <nd ref="6637192229"/>
  <nd ref="6637192230"/>
  <nd ref="6637192231"/>
  <nd ref="6637192232"/>
  <nd ref="6637192233"/>
  <nd ref="6637192234"/>
  <nd ref="6637192235"/>
  <nd ref="6637192236"/>
  <nd ref="6637192237"/>
  <nd ref="6637192238"/>
  <nd ref="6637192239"/>
  <nd ref="6637192240"/>
  <nd ref="6637192241"/>
  <nd ref="6637192242"/>
  <nd ref="6637192243"/>
  <nd ref="6637192244"/>
  <nd ref="6637192245"/>
  <nd ref="6637192246"/>
  <nd ref="6637192247"/>
  <nd ref="6637192248"/>
  <nd ref="6637192249"/>
  <nd ref="6637192250"/>
  <nd ref="6637192251"/>
  <nd ref="6637192252"/>
  <nd ref="6637192253"/>
  <nd ref="6637192193"/>
  <tag k="landuse" v="farmland"/>
 </way>
 <way id="726085177" visible="true" version="1" changeset="74661016" timestamp="2019-09-19T09:05:27Z" user="ksairus" uid="2446129">
  <nd ref="6807501336"/>
  <nd ref="6807501337"/>
  <nd ref="6807501338"/>
  <nd ref="6807501339"/>
  <nd ref="6807501340"/>
  <nd ref="6807501341"/>
  <nd ref="6807501342"/>
  <nd ref="6807501343"/>
  <nd ref="6807501344"/>
  <nd ref="6807501345"/>
  <nd ref="6807501346"/>
  <nd ref="6807501347"/>
  <nd ref="6807501348"/>
  <nd ref="6807501349"/>
  <nd ref="6807501350"/>
  <nd ref="6807501351"/>
  <nd ref="6807501352"/>
  <nd ref="6807501353"/>
  <nd ref="6807501354"/>
  <nd ref="6807501355"/>
  <nd ref="6807501356"/>
  <nd ref="6807501336"/>
  <tag k="landuse" v="farmland"/>
 </way>
 <way id="726085178" visible="true" version="4" changeset="184447068" timestamp="2026-06-22T19:40:56Z" user="MNbrn" uid="6319160">
  <nd ref="6807501363"/>
  <nd ref="6807501379"/>
  <nd ref="6807501364"/>
  <nd ref="13742139562"/>
  <nd ref="6807501365"/>
  <nd ref="6807501370"/>
  <nd ref="6807501368"/>
  <nd ref="6807501366"/>
  <tag k="highway" v="residential"/>
  <tag k="name" v="Жеңіс көшесі"/>
  <tag k="name:ru" v="улица Женис"/>
 </way>
 <way id="726085179" visible="true" version="1" changeset="74661016" timestamp="2019-09-19T09:05:27Z" user="ksairus" uid="2446129">
  <nd ref="6807501367"/>
  <nd ref="6807501368"/>
  <tag k="highway" v="residential"/>
 </way>
 <way id="726085180" visible="true" version="1" changeset="74661016" timestamp="2019-09-19T09:05:27Z" user="ksairus" uid="2446129">
  <nd ref="6807501369"/>
  <nd ref="6807501370"/>
  <tag k="highway" v="residential"/>
 </way>
 <way id="726085181" visible="true" version="1" changeset="74661016" timestamp="2019-09-19T09:05:27Z" user="ksairus" uid="2446129">
  <nd ref="6807501371"/>
  <nd ref="6807501372"/>
  <nd ref="6807501365"/>
  <nd ref="6807501375"/>
  <nd ref="2709480082"/>
  <tag k="highway" v="residential"/>
 </way>
 <way id="726085182" visible="true" version="3" changeset="184447068" timestamp="2026-06-22T19:40:56Z" user="MNbrn" uid="6319160">
  <nd ref="6807501373"/>
  <nd ref="6807501374"/>
  <nd ref="6807501375"/>
  <nd ref="6807501376"/>
  <nd ref="13742139561"/>
  <nd ref="6807501377"/>
  <nd ref="6807501378"/>
  <tag k="highway" v="residential"/>
  <tag k="name" v="Жастар көшесі"/>
  <tag k="name:ru" v="улица Жастар"/>
 </way>
 <way id="726085183" visible="true" version="1" changeset="74661016" timestamp="2019-09-19T09:05:27Z" user="ksairus" uid="2446129">
  <nd ref="6807501379"/>
  <nd ref="6807501381"/>
  <nd ref="6807501380"/>
  <tag k="highway" v="residential"/>
 </way>
 <way id="726085184" visible="true" version="1" changeset="74661016" timestamp="2019-09-19T09:05:27Z" user="ksairus" uid="2446129">
  <nd ref="6807501381"/>
  <nd ref="6807501382"/>
  <tag k="highway" v="residential"/>
 </way>
 <way id="726085185" visible="true" version="1" changeset="74661016" timestamp="2019-09-19T09:05:27Z" user="ksairus" uid="2446129">
  <nd ref="6807501384"/>
  <nd ref="6807503185"/>
  <nd ref="6807503186"/>
  <nd ref="6807503187"/>
  <nd ref="6807503188"/>
  <nd ref="6807503189"/>
  <nd ref="6807503190"/>
  <nd ref="6807503191"/>
  <nd ref="6807503192"/>
  <nd ref="6807503193"/>
  <nd ref="6807503194"/>
  <nd ref="6807503195"/>
  <nd ref="6807503196"/>
  <nd ref="6807503197"/>
  <nd ref="6807503198"/>
  <nd ref="6807503199"/>
  <nd ref="6807503200"/>
  <nd ref="6807503201"/>
  <nd ref="6807501384"/>
  <tag k="landuse" v="farmland"/>
 </way>
 <way id="726092913" visible="true" version="1" changeset="74662460" timestamp="2019-09-19T09:40:50Z" user="ksairus" uid="2446129">
  <nd ref="6807561912"/>
  <nd ref="6807561913"/>
  <nd ref="6807561914"/>
  <nd ref="6807561915"/>
  <nd ref="6807561916"/>
  <nd ref="6807561917"/>
  <nd ref="6807561918"/>
  <nd ref="6807561919"/>
  <nd ref="6807561920"/>
  <nd ref="6807561921"/>
  <nd ref="6807561922"/>
  <nd ref="6807561923"/>
  <nd ref="6807561924"/>
  <nd ref="6807561912"/>
  <tag k="landuse" v="farmland"/>
 </way>
 <way id="726092914" visible="true" version="1" changeset="74662460" timestamp="2019-09-19T09:40:50Z" user="ksairus" uid="2446129">
  <nd ref="6807561925"/>
  <nd ref="6807561926"/>
  <nd ref="6807561927"/>
  <nd ref="6807561928"/>
  <nd ref="6807561929"/>
  <nd ref="6807561930"/>
  <nd ref="6807561931"/>
  <nd ref="6807561932"/>
  <nd ref="6807561933"/>
  <nd ref="6807561934"/>
  <nd ref="6807561935"/>
  <nd ref="6807561936"/>
  <nd ref="6807561937"/>
  <nd ref="6807561938"/>
  <nd ref="6807561939"/>
  <nd ref="6807561940"/>
  <nd ref="6807561941"/>
  <nd ref="6807561942"/>
  <nd ref="6807561943"/>
  <nd ref="6807561944"/>
  <nd ref="6807561945"/>
  <nd ref="6807561946"/>
  <nd ref="6807561925"/>
  <tag k="landuse" v="farmland"/>
 </way>
 <way id="726092915" visible="true" version="1" changeset="74662460" timestamp="2019-09-19T09:40:50Z" user="ksairus" uid="2446129">
  <nd ref="6807561947"/>
  <nd ref="6807561948"/>
  <nd ref="6807561949"/>
  <nd ref="6807561950"/>
  <nd ref="6807561951"/>
  <nd ref="6807561952"/>
  <nd ref="6807561953"/>
  <nd ref="6807561954"/>
  <nd ref="6807561955"/>
  <nd ref="6807561956"/>
  <nd ref="6807561957"/>
  <nd ref="6807561958"/>
  <nd ref="6807561947"/>
  <tag k="landuse" v="farmland"/>
 </way>
 <way id="1201877596" visible="true" version="1" changeset="140359612" timestamp="2023-08-25T08:41:22Z" user="VinsonMassif" uid="17825910">
  <nd ref="4915427882"/>
  <nd ref="11143000590"/>
  <nd ref="11143000589"/>
  <nd ref="11143000588"/>
  <nd ref="11143000587"/>
  <nd ref="11143000586"/>
  <nd ref="11143000585"/>
  <nd ref="11143000584"/>
  <nd ref="11143000583"/>
  <nd ref="11143000582"/>
  <nd ref="11143000581"/>
  <tag k="highway" v="service"/>
 </way>
 <way id="1422607619" visible="true" version="2" changeset="176863783" timestamp="2026-01-05T14:12:10Z" user="Вальдимар" uid="3249611">
  <nd ref="4915427881"/>
  <nd ref="4915427882"/>
  <nd ref="11143000581"/>
  <nd ref="533233888"/>
  <tag k="highway" v="tertiary"/>
 </way>
 <way id="1450779653" visible="true" version="2" changeset="181323556" timestamp="2026-04-14T13:37:45Z" user="sergej zhiliackov" uid="18501794">
  <nd ref="13305569234"/>
  <nd ref="13305569235"/>
  <nd ref="13305569236"/>
  <nd ref="13305569237"/>
  <nd ref="13305569238"/>
  <nd ref="13305569239"/>
  <nd ref="13305569240"/>
  <nd ref="13305569241"/>
  <nd ref="13305569242"/>
  <nd ref="13305569243"/>
  <nd ref="13305569244"/>
  <nd ref="13305569245"/>
  <nd ref="13305569246"/>
  <nd ref="13305569247"/>
  <nd ref="13305569248"/>
  <nd ref="13305569249"/>
  <nd ref="13305569250"/>
  <nd ref="13305569251"/>
  <nd ref="13305569252"/>
  <nd ref="13305569253"/>
  <nd ref="13305569254"/>
  <nd ref="13305569255"/>
  <nd ref="13305569234"/>
  <tag k="landuse" v="residential"/>
  <tag k="name" v="Турген"/>
  <tag k="name:ru" v="Турген"/>
  <tag k="place" v="hamlet"/>
 </way>
 <way id="1450779696" visible="true" version="1" changeset="174670783" timestamp="2025-11-15T00:56:04Z" user="huronOSM" uid="21167494">
  <nd ref="2709480097"/>
  <nd ref="13305576854"/>
  <nd ref="13305576855"/>
  <nd ref="13305576856"/>
  <nd ref="13305576857"/>
  <nd ref="13305576858"/>
  <nd ref="13305576859"/>
  <nd ref="13305576860"/>
  <nd ref="13305576861"/>
  <nd ref="13305576864"/>
  <nd ref="13305576862"/>
  <nd ref="13305576863"/>
  <tag k="highway" v="service"/>
  <tag k="surface" v="unpaved"/>
 </way>
 <way id="1450779697" visible="true" version="1" changeset="174670783" timestamp="2025-11-15T00:56:04Z" user="huronOSM" uid="21167494">
  <nd ref="13305576864"/>
  <nd ref="13305576865"/>
  <nd ref="13305576866"/>
  <nd ref="13305576867"/>
  <nd ref="13305576868"/>
  <nd ref="13305576869"/>
  <nd ref="13305576870"/>
  <nd ref="13305576871"/>
  <nd ref="13305576872"/>
  <nd ref="13305576873"/>
  <nd ref="13305576874"/>
  <nd ref="13305576875"/>
  <nd ref="13305576876"/>
  <nd ref="13305576877"/>
  <nd ref="13305576878"/>
  <nd ref="13305576879"/>
  <nd ref="13305576880"/>
  <nd ref="13305576881"/>
  <nd ref="13305576882"/>
  <nd ref="13305576883"/>
  <nd ref="13305576884"/>
  <nd ref="13305576885"/>
  <nd ref="13305576886"/>
  <nd ref="13305576887"/>
  <tag k="highway" v="service"/>
  <tag k="surface" v="unpaved"/>
 </way>
 <way id="1501036707" visible="true" version="1" changeset="181531447" timestamp="2026-04-19T10:40:41Z" user="Dacha2" uid="23379063">
  <nd ref="13742139521"/>
  <nd ref="13742139522"/>
  <nd ref="13742139523"/>
  <nd ref="13742139524"/>
  <nd ref="13742139521"/>
  <tag k="building" v="yes"/>
 </way>
 <way id="1501036708" visible="true" version="1" changeset="181531447" timestamp="2026-04-19T10:40:41Z" user="Dacha2" uid="23379063">
  <nd ref="13742139525"/>
  <nd ref="13742139526"/>
  <nd ref="13742139527"/>
  <nd ref="13742139528"/>
  <nd ref="13742139525"/>
  <tag k="building" v="yes"/>
 </way>
 <way id="1501036709" visible="true" version="1" changeset="181531447" timestamp="2026-04-19T10:40:41Z" user="Dacha2" uid="23379063">
  <nd ref="13742139529"/>
  <nd ref="13742139530"/>
  <nd ref="13742139531"/>
  <nd ref="13742139532"/>
  <nd ref="13742139529"/>
  <tag k="building" v="yes"/>
 </way>
 <way id="1501036710" visible="true" version="1" changeset="181531447" timestamp="2026-04-19T10:40:41Z" user="Dacha2" uid="23379063">
  <nd ref="13742139533"/>
  <nd ref="13742139534"/>
  <nd ref="13742139535"/>
  <nd ref="13742139536"/>
  <nd ref="13742139533"/>
  <tag k="building" v="yes"/>
 </way>
 <way id="1501036711" visible="true" version="1" changeset="181531447" timestamp="2026-04-19T10:40:41Z" user="Dacha2" uid="23379063">
  <nd ref="13742139537"/>
  <nd ref="13742139538"/>
  <nd ref="13742139539"/>
  <nd ref="13742139540"/>
  <nd ref="13742139541"/>
  <nd ref="13742139542"/>
  <nd ref="13742139543"/>
  <nd ref="13742139544"/>
  <nd ref="13742139537"/>
  <tag k="addr:housenumber" v="19"/>
  <tag k="addr:street" v="улица Жастар"/>
  <tag k="building" v="yes"/>
 </way>
 <way id="1501036712" visible="true" version="1" changeset="181531447" timestamp="2026-04-19T10:40:41Z" user="Dacha2" uid="23379063">
  <nd ref="13742139545"/>
  <nd ref="13742139546"/>
  <nd ref="13742139547"/>
  <nd ref="13742139548"/>
  <nd ref="13742139545"/>
  <tag k="addr:housenumber" v="17"/>
  <tag k="addr:street" v="улица Жастар"/>
  <tag k="building" v="yes"/>
 </way>
 <way id="1501036713" visible="true" version="1" changeset="181531447" timestamp="2026-04-19T10:40:41Z" user="Dacha2" uid="23379063">
  <nd ref="13742139549"/>
  <nd ref="13742139550"/>
  <nd ref="13742139551"/>
  <nd ref="13742139552"/>
  <nd ref="13742139549"/>
  <tag k="building" v="yes"/>
 </way>
 <way id="1501036714" visible="true" version="1" changeset="181531447" timestamp="2026-04-19T10:40:41Z" user="Dacha2" uid="23379063">
  <nd ref="13742139553"/>
  <nd ref="13742139554"/>
  <nd ref="13742139555"/>
  <nd ref="13742139556"/>
  <nd ref="13742139553"/>
  <tag k="building" v="yes"/>
 </way>
 <way id="1501036715" visible="true" version="1" changeset="181531447" timestamp="2026-04-19T10:40:41Z" user="Dacha2" uid="23379063">
  <nd ref="13742139557"/>
  <nd ref="13742139558"/>
  <nd ref="13742139559"/>
  <nd ref="13742139560"/>
  <nd ref="13742139557"/>
  <tag k="building" v="yes"/>
 </way>
 <way id="1501036716" visible="true" version="1" changeset="181531447" timestamp="2026-04-19T10:40:41Z" user="Dacha2" uid="23379063">
  <nd ref="13742139561"/>
  <nd ref="13742139562"/>
  <tag k="highway" v="service"/>
 </way>
 <way id="1501036717" visible="true" version="1" changeset="181531447" timestamp="2026-04-19T10:40:41Z" user="Dacha2" uid="23379063">
  <nd ref="6807501378"/>
  <nd ref="1795321181"/>
  <tag k="highway" v="residential"/>
 </way>
 <way id="1501036718" visible="true" version="1" changeset="181531447" timestamp="2026-04-19T10:40:41Z" user="Dacha2" uid="23379063">
  <nd ref="13742139563"/>
  <nd ref="13742139564"/>
  <nd ref="13742139565"/>
  <nd ref="13742139566"/>
  <nd ref="13742139563"/>
  <tag k="building" v="yes"/>
 </way>
 <way id="1501036719" visible="true" version="1" changeset="181531447" timestamp="2026-04-19T10:40:41Z" user="Dacha2" uid="23379063">
  <nd ref="13742139567"/>
  <nd ref="13742139568"/>
  <nd ref="13742139569"/>
  <nd ref="13742139570"/>
  <nd ref="13742139567"/>
  <tag k="building" v="yes"/>
 </way>
 <way id="1501036720" visible="true" version="1" changeset="181531447" timestamp="2026-04-19T10:40:41Z" user="Dacha2" uid="23379063">
  <nd ref="6807501378"/>
  <nd ref="13742139571"/>
  <nd ref="13742139572"/>
  <nd ref="13742139573"/>
  <nd ref="13742139574"/>
  <tag k="highway" v="service"/>
 </way>
 <relation id="2817773" visible="true" version="546" changeset="189412712" timestamp="2026-09-22T17:42:49Z" user="streckengaenger21" uid="12622800">
  <member type="way" ref="347095875" role=""/>
  <member type="way" ref="1244897624" role=""/>
  <member type="way" ref="1244897623" role=""/>
  <member type="way" ref="1244897631" role=""/>
  <member type="way" ref="1244897630" role=""/>
  <member type="way" ref="1244897635" role=""/>
  <member type="way" ref="1244897634" role=""/>
  <member type="way" ref="565511551" role=""/>
  <member type="way" ref="565511552" role=""/>
  <member type="way" ref="347095874" role=""/>
  <member type="way" ref="347095873" role=""/>
  <member type="way" ref="347095871" role=""/>
  <member type="way" ref="347095870" role=""/>
  <member type="way" ref="347095868" role=""/>
  <member type="way" ref="347095867" role=""/>
  <member type="way" ref="347095865" role=""/>
  <member type="way" ref="565511553" role=""/>
  <member type="way" ref="565511554" role=""/>
  <member type="way" ref="347095862" role=""/>
  <member type="way" ref="347095861" role=""/>
  <member type="way" ref="347098460" role=""/>
  <member type="way" ref="347098461" role=""/>
  <member type="way" ref="190161472" role=""/>
  <member type="way" ref="190161471" role=""/>
  <member type="way" ref="347068142" role=""/>
  <member type="way" ref="347068141" role=""/>
  <member type="way" ref="347067721" role=""/>
  <member type="way" ref="347067720" role=""/>
  <member type="way" ref="347064887" role=""/>
  <member type="way" ref="347064895" role=""/>
  <member type="way" ref="347104713" role=""/>
  <member type="way" ref="347104714" role=""/>
  <member type="way" ref="347109982" role=""/>
  <member type="way" ref="347109983" role=""/>
  <member type="way" ref="347109984" role=""/>
  <member type="way" ref="347109985" role=""/>
  <member type="way" ref="347132474" role=""/>
  <member type="way" ref="347132475" role=""/>
  <member type="way" ref="75871726" role=""/>
  <member type="way" ref="75871714" role=""/>
  <member type="way" ref="27428715" role=""/>
  <member type="way" ref="342736785" role=""/>
  <member type="way" ref="342734813" role=""/>
  <member type="way" ref="342734812" role=""/>
  <member type="way" ref="342736921" role=""/>
  <member type="way" ref="342736920" role=""/>
  <member type="way" ref="342735279" role=""/>
  <member type="way" ref="342735280" role=""/>
  <member type="way" ref="171869678" role=""/>
  <member type="way" ref="422946926" role=""/>
  <member type="way" ref="422946925" role=""/>
  <member type="way" ref="27351661" role=""/>
  <member type="way" ref="422925531" role=""/>
  <member type="way" ref="422925532" role=""/>
  <member type="way" ref="1456384206" role=""/>
  <member type="way" ref="1553264952" role=""/>
  <member type="way" ref="27450596" role=""/>
  <member type="way" ref="30151667" role=""/>
  <member type="way" ref="171869672" role=""/>
  <member type="way" ref="75872896" role=""/>
  <member type="way" ref="75872884" role=""/>
  <member type="way" ref="347137908" role=""/>
  <member type="way" ref="347137909" role=""/>
  <member type="way" ref="1451299768" role=""/>
  <member type="way" ref="1451254503" role=""/>
  <member type="way" ref="428970844" role=""/>
  <member type="way" ref="518308954" role=""/>
  <member type="way" ref="518308957" role=""/>
  <member type="way" ref="428970831" role=""/>
  <member type="way" ref="1451254504" role=""/>
  <member type="way" ref="27080100" role=""/>
  <member type="way" ref="23489613" role=""/>
  <member type="way" ref="347137910" role=""/>
  <member type="way" ref="125022704" role=""/>
  <member type="way" ref="125022683" role=""/>
  <member type="way" ref="345323715" role=""/>
  <member type="way" ref="345323713" role=""/>
  <member type="way" ref="1356367325" role=""/>
  <member type="way" ref="1409186533" role=""/>
  <member type="way" ref="1357752588" role=""/>
  <member type="way" ref="1356367318" role=""/>
  <member type="way" ref="1356367322" role=""/>
  <member type="way" ref="1356367323" role=""/>
  <member type="way" ref="175383944" role=""/>
  <member type="way" ref="640264811" role=""/>
  <member type="way" ref="1158461951" role=""/>
  <member type="way" ref="1158461952" role=""/>
  <member type="way" ref="640264815" role="forward"/>
  <member type="way" ref="47637731" role="forward"/>
  <member type="way" ref="1158461950" role="forward"/>
  <member type="way" ref="1348487525" role="forward"/>
  <member type="way" ref="422468346" role="forward"/>
  <member type="way" ref="1348487524" role="forward"/>
  <member type="way" ref="422468356" role=""/>
  <member type="way" ref="1378001867" role=""/>
  <member type="way" ref="1233850571" role=""/>
  <member type="way" ref="1378001873" role=""/>
  <member type="way" ref="1378001869" role=""/>
  <member type="way" ref="1233850572" role=""/>
  <member type="way" ref="1067549133" role=""/>
  <member type="way" ref="1116490755" role=""/>
  <member type="way" ref="1462586992" role=""/>
  <member type="way" ref="1233850569" role=""/>
  <member type="way" ref="1233851898" role=""/>
  <member type="way" ref="1378001878" role=""/>
  <member type="way" ref="1378001875" role=""/>
  <member type="way" ref="1378001888" role=""/>
  <member type="way" ref="1378001891" role=""/>
  <member type="way" ref="1378001874" role=""/>
  <member type="way" ref="230099144" role=""/>
  <member type="way" ref="27007998" role=""/>
  <member type="way" ref="1084070395" role=""/>
  <member type="way" ref="541470219" role=""/>
  <member type="way" ref="1432865720" role=""/>
  <member type="way" ref="1409826860" role=""/>
  <member type="way" ref="1409826859" role=""/>
  <member type="way" ref="1409826858" role=""/>
  <member type="way" ref="1219029927" role=""/>
  <member type="way" ref="1219029928" role=""/>
  <member type="way" ref="1219029925" role=""/>
  <member type="way" ref="1219029926" role=""/>
  <member type="way" ref="1219029921" role=""/>
  <member type="way" ref="1219029920" role=""/>
  <member type="way" ref="1326078097" role=""/>
  <member type="way" ref="1326078098" role=""/>
  <member type="way" ref="1326074448" role=""/>
  <member type="way" ref="1326074449" role=""/>
  <member type="way" ref="1561011144" role=""/>
  <member type="way" ref="1561011145" role=""/>
  <member type="way" ref="1326074432" role=""/>
  <member type="way" ref="1561038069" role=""/>
  <member type="way" ref="1561038068" role=""/>
  <member type="way" ref="1245786607" role=""/>
  <member type="way" ref="324720725" role="forward"/>
  <member type="way" ref="1326091372" role="forward"/>
  <member type="way" ref="1342387741" role="forward"/>
  <member type="way" ref="1342387742" role="forward"/>
  <member type="way" ref="1434033686" role="forward"/>
  <member type="way" ref="1434033687" role="forward"/>
  <member type="way" ref="1326091371" role="forward"/>
  <member type="way" ref="1245483088" role=""/>
  <member type="way" ref="1387428832" role=""/>
  <member type="way" ref="1245479447" role=""/>
  <member type="way" ref="1245477876" role=""/>
  <member type="way" ref="1413355210" role=""/>
  <member type="way" ref="1245477310" role=""/>
  <member type="way" ref="1245477311" role=""/>
  <member type="way" ref="1245477309" role=""/>
  <member type="way" ref="1387430831" role=""/>
  <member type="way" ref="1245473188" role=""/>
  <member type="way" ref="87351445" role=""/>
  <member type="way" ref="843217115" role=""/>
  <member type="way" ref="1326442554" role=""/>
  <member type="way" ref="1245204306" role=""/>
  <member type="way" ref="1245453781" role=""/>
  <member type="way" ref="1245453782" role=""/>
  <member type="way" ref="1245204307" role=""/>
  <member type="way" ref="1245201439" role=""/>
  <member type="way" ref="1175050085" role=""/>
  <member type="way" ref="1245200636" role=""/>
  <member type="way" ref="1462478918" role=""/>
  <member type="way" ref="1245200637" role=""/>
  <member type="way" ref="1436450487" role=""/>
  <member type="way" ref="1245794109" role=""/>
  <member type="way" ref="1175050087" role=""/>
  <member type="way" ref="1186187851" role=""/>
  <member type="way" ref="1184388827" role=""/>
  <member type="way" ref="42651162" role=""/>
  <member type="way" ref="843217120" role=""/>
  <member type="way" ref="843217121" role=""/>
  <member type="way" ref="1114944480" role=""/>
  <member type="way" ref="1216738666" role=""/>
  <member type="way" ref="42651160" role=""/>
  <member type="way" ref="1246022044" role=""/>
  <member type="way" ref="1246022045" role=""/>
  <member type="way" ref="1246021747" role=""/>
  <member type="way" ref="1246021748" role=""/>
  <member type="way" ref="42651166" role=""/>
  <member type="way" ref="1420194150" role=""/>
  <member type="way" ref="206621669" role=""/>
  <member type="way" ref="1246410718" role=""/>
  <member type="way" ref="1420186223" role=""/>
  <member type="way" ref="1246410948" role=""/>
  <member type="way" ref="1420186225" role=""/>
  <member type="way" ref="1246412775" role=""/>
  <member type="way" ref="1416060757" role=""/>
  <member type="way" ref="1416060758" role=""/>
  <member type="way" ref="1416061444" role=""/>
  <member type="way" ref="1436798952" role=""/>
  <member type="way" ref="1245183273" role=""/>
  <member type="way" ref="1281933430" role=""/>
  <member type="way" ref="1115951997" role=""/>
  <member type="way" ref="1246414593" role=""/>
  <member type="way" ref="1246414594" role=""/>
  <member type="way" ref="1288397606" role=""/>
  <member type="way" ref="1115952006" role=""/>
  <member type="way" ref="1157704732" role=""/>
  <member type="way" ref="1157704730" role=""/>
  <member type="way" ref="1328732539" role=""/>
  <member type="way" ref="1115957836" role=""/>
  <member type="way" ref="1246418514" role=""/>
  <member type="way" ref="1115957837" role=""/>
  <member type="way" ref="1245179879" role=""/>
  <member type="way" ref="1245179880" role=""/>
  <member type="way" ref="1245179882" role=""/>
  <member type="way" ref="1246419492" role=""/>
  <member type="way" ref="1115957845" role=""/>
  <member type="way" ref="1115957844" role=""/>
  <member type="way" ref="1282130792" role=""/>
  <member type="way" ref="1408850614" role=""/>
  <member type="way" ref="1408850615" role=""/>
  <member type="way" ref="1115963904" role=""/>
  <member type="way" ref="1115963905" role=""/>
  <member type="way" ref="927032897" role=""/>
  <member type="way" ref="1462757632" role=""/>
  <member type="way" ref="1282174011" role=""/>
  <member type="way" ref="287836682" role=""/>
  <member type="way" ref="1396303935" role=""/>
  <member type="way" ref="1436418248" role="forward"/>
  <member type="way" ref="1436418249" role="forward"/>
  <member type="way" ref="1087467826" role="forward"/>
  <member type="way" ref="130535392" role="forward"/>
  <member type="way" ref="59990705" role="forward"/>
  <member type="way" ref="1087463988" role="forward"/>
  <member type="way" ref="60003087" role="forward"/>
  <member type="way" ref="181309327" role="forward"/>
  <member type="way" ref="1453303029" role="forward"/>
  <member type="way" ref="551599015" role="forward"/>
  <member type="way" ref="1453303030" role="forward"/>
  <member type="way" ref="87031825" role="forward"/>
  <member type="way" ref="72037862" role=""/>
  <member type="way" ref="429998307" role=""/>
  <member type="way" ref="294967459" role=""/>
  <member type="way" ref="429998304" role=""/>
  <member type="way" ref="429998306" role=""/>
  <member type="way" ref="429998308" role=""/>
  <member type="way" ref="72037861" role=""/>
  <member type="way" ref="727649401" role=""/>
  <member type="way" ref="294967458" role=""/>
  <member type="way" ref="674045228" role=""/>
  <member type="way" ref="674045297" role=""/>
  <member type="way" ref="1412093427" role=""/>
  <member type="way" ref="740088375" role=""/>
  <member type="way" ref="1412093426" role=""/>
  <member type="way" ref="698511461" role=""/>
  <member type="way" ref="698508672" role=""/>
  <member type="way" ref="762801470" role=""/>
  <member type="way" ref="762801474" role=""/>
  <member type="way" ref="54359999" role=""/>
  <member type="way" ref="661615229" role=""/>
  <member type="way" ref="27262974" role=""/>
  <member type="way" ref="54360000" role=""/>
  <member type="way" ref="1283840719" role="forward"/>
  <member type="way" ref="113739451" role="forward"/>
  <member type="way" ref="1283840720" role="forward"/>
  <member type="way" ref="1024145422" role="forward"/>
  <member type="way" ref="197994600" role="forward"/>
  <member type="way" ref="197994599" role="forward"/>
  <member type="way" ref="197994781" role="forward"/>
  <member type="way" ref="197994784" role="forward"/>
  <member type="way" ref="293375158" role="forward"/>
  <member type="way" ref="1091229023" role="forward"/>
  <member type="way" ref="1091229024" role="forward"/>
  <member type="way" ref="114279407" role=""/>
  <member type="way" ref="1089708427" role=""/>
  <member type="way" ref="1089712094" role=""/>
  <member type="way" ref="1089712095" role=""/>
  <member type="way" ref="669889735" role=""/>
  <member type="way" ref="1122220357" role="forward"/>
  <member type="way" ref="1525722184" role="forward"/>
  <member type="way" ref="497659335" role="forward"/>
  <member type="way" ref="1054682991" role="forward"/>
  <member type="way" ref="1482836279" role="forward"/>
  <member type="way" ref="1482836280" role="forward"/>
  <member type="way" ref="313212693" role="forward"/>
  <member type="way" ref="313212655" role="forward"/>
  <member type="way" ref="1054683359" role="forward"/>
  <member type="way" ref="1054683361" role="forward"/>
  <member type="way" ref="313212689" role="forward"/>
  <member type="way" ref="727533520" role="forward"/>
  <member type="way" ref="313212674" role="forward"/>
  <member type="way" ref="313212687" role="forward"/>
  <member type="way" ref="313212676" role="forward"/>
  <member type="way" ref="436877516" role="forward"/>
  <member type="way" ref="1192831309" role="forward"/>
  <member type="way" ref="1192831308" role="forward"/>
  <member type="way" ref="1422855546" role="forward"/>
  <member type="way" ref="1422855545" role="forward"/>
  <member type="way" ref="445440916" role="forward"/>
  <member type="way" ref="539427683" role="forward"/>
  <member type="way" ref="539427682" role="forward"/>
  <member type="way" ref="445440912" role="forward"/>
  <member type="way" ref="1503983637" role="forward"/>
  <member type="way" ref="1503983636" role="forward"/>
  <member type="way" ref="445440915" role="forward"/>
  <member type="way" ref="500671364" role="forward"/>
  <member type="way" ref="313212682" role="forward"/>
  <member type="way" ref="1422855552" role="forward"/>
  <member type="way" ref="1422855553" role="forward"/>
  <member type="way" ref="1159377438" role="forward"/>
  <member type="way" ref="1159377439" role="forward"/>
  <member type="way" ref="353578061" role="forward"/>
  <member type="way" ref="500487424" role=""/>
  <member type="way" ref="500487384" role=""/>
  <member type="way" ref="500487418" role=""/>
  <member type="way" ref="500487403" role="forward"/>
  <member type="way" ref="1296244254" role="forward"/>
  <member type="way" ref="1296244253" role="forward"/>
  <member type="way" ref="500487437" role="forward"/>
  <member type="way" ref="500487396" role="forward"/>
  <member type="way" ref="488812130" role="forward"/>
  <member type="way" ref="353576503" role="forward"/>
  <member type="way" ref="42646923" role="forward"/>
  <member type="way" ref="669894714" role="forward"/>
  <member type="way" ref="1054682990" role="forward"/>
  <member type="way" ref="436883388" role="forward"/>
  <member type="way" ref="24956145" role="forward"/>
  <member type="way" ref="608678294" role="forward"/>
  <member type="way" ref="24956606" role="forward"/>
  <member type="way" ref="24956098" role="forward"/>
  <member type="way" ref="167440141" role="forward"/>
  <member type="way" ref="257482942" role="forward"/>
  <member type="way" ref="257482945" role="forward"/>
  <member type="way" ref="1198922580" role=""/>
  <member type="way" ref="257482943" role="forward"/>
  <member type="way" ref="257482944" role="forward"/>
  <member type="way" ref="24956082" role="forward"/>
  <member type="way" ref="24956084" role="forward"/>
  <member type="way" ref="242323310" role="forward"/>
  <member type="way" ref="24672771" role="forward"/>
  <member type="way" ref="242323314" role="forward"/>
  <member type="way" ref="608678308" role="forward"/>
  <member type="way" ref="258610081" role="forward"/>
  <member type="way" ref="1443860464" role="forward"/>
  <member type="way" ref="228228928" role="forward"/>
  <member type="way" ref="1054682989" role="forward"/>
  <member type="way" ref="669894711" role="forward"/>
  <member type="way" ref="436883389" role="forward"/>
  <member type="way" ref="353576502" role="forward"/>
  <member type="way" ref="500487444" role="forward"/>
  <member type="way" ref="1296244257" role="forward"/>
  <member type="way" ref="500487389" role="forward"/>
  <member type="way" ref="500487430" role="forward"/>
  <member type="way" ref="1296244258" role="forward"/>
  <member type="way" ref="500487410" role="forward"/>
  <member type="way" ref="500487451" role="forward"/>
  <member type="way" ref="42646918" role="forward"/>
  <member type="way" ref="347899179" role="forward"/>
  <member type="way" ref="353578060" role="forward"/>
  <member type="way" ref="1159377441" role="forward"/>
  <member type="way" ref="1159377440" role="forward"/>
  <member type="way" ref="1422855551" role="forward"/>
  <member type="way" ref="1422855550" role="forward"/>
  <member type="way" ref="280719147" role="forward"/>
  <member type="way" ref="500671363" role="forward"/>
  <member type="way" ref="445440914" role="forward"/>
  <member type="way" ref="1503983638" role="forward"/>
  <member type="way" ref="1503983639" role="forward"/>
  <member type="way" ref="445440913" role="forward"/>
  <member type="way" ref="539427681" role="forward"/>
  <member type="way" ref="539427684" role="forward"/>
  <member type="way" ref="313212675" role="forward"/>
  <member type="way" ref="1422855543" role="forward"/>
  <member type="way" ref="1422855544" role="forward"/>
  <member type="way" ref="1192831310" role="forward"/>
  <member type="way" ref="1192831311" role="forward"/>
  <member type="way" ref="313212684" role="forward"/>
  <member type="way" ref="313212681" role="forward"/>
  <member type="way" ref="313212686" role="forward"/>
  <member type="way" ref="313212678" role="forward"/>
  <member type="way" ref="727533519" role="forward"/>
  <member type="way" ref="295198253" role="forward"/>
  <member type="way" ref="1054683362" role="forward"/>
  <member type="way" ref="1054683360" role="forward"/>
  <member type="way" ref="41601364" role="forward"/>
  <member type="way" ref="313212695" role="forward"/>
  <member type="way" ref="1482836278" role="forward"/>
  <member type="way" ref="1482836277" role="forward"/>
  <member type="way" ref="1054682992" role="forward"/>
  <member type="way" ref="1122220356" role="forward"/>
  <member type="way" ref="669889734" role=""/>
  <member type="way" ref="1282180894" role=""/>
  <member type="way" ref="1282178769" role="forward"/>
  <member type="way" ref="114275031" role="forward"/>
  <member type="way" ref="1091229025" role="forward"/>
  <member type="way" ref="1091229021" role="forward"/>
  <member type="way" ref="114279400" role="forward"/>
  <member type="way" ref="293375157" role="forward"/>
  <member type="way" ref="113739374" role="forward"/>
  <member type="way" ref="243531903" role="forward"/>
  <member type="way" ref="243531902" role="forward"/>
  <member type="way" ref="1024145423" role="forward"/>
  <member type="way" ref="1283840721" role="forward"/>
  <member type="way" ref="197994620" role="forward"/>
  <member type="way" ref="1283840722" role="forward"/>
  <member type="way" ref="113739470" role="forward"/>
  <member type="way" ref="1396751317" role=""/>
  <member type="way" ref="238907608" role=""/>
  <member type="way" ref="238907607" role=""/>
  <member type="way" ref="386804926" role=""/>
  <member type="way" ref="386804928" role=""/>
  <member type="way" ref="746570636" role=""/>
  <member type="way" ref="655650895" role=""/>
  <member type="way" ref="1314353150" role=""/>
  <member type="way" ref="1241560543" role=""/>
  <member type="way" ref="1314353137" role=""/>
  <member type="way" ref="1314353138" role=""/>
  <member type="way" ref="1314353121" role=""/>
  <member type="way" ref="173616158" role=""/>
  <member type="way" ref="173616194" role="forward"/>
  <member type="way" ref="209907553" role="forward"/>
  <member type="way" ref="230249294" role="forward"/>
  <member type="way" ref="230249301" role="forward"/>
  <member type="way" ref="367419992" role="forward"/>
  <member type="way" ref="1136669513" role="forward"/>
  <member type="way" ref="1136669512" role="forward"/>
  <member type="way" ref="257307320" role="forward"/>
  <member type="way" ref="257307318" role="forward"/>
  <member type="way" ref="1241282987" role="forward"/>
  <member type="way" ref="445530270" role="forward"/>
  <member type="way" ref="445530271" role="forward"/>
  <member type="way" ref="444625556" role="forward"/>
  <member type="way" ref="222091940" role="forward"/>
  <member type="way" ref="222028968" role="forward"/>
  <member type="way" ref="233390093" role="forward"/>
  <member type="way" ref="233390096" role="forward"/>
  <member type="way" ref="1412187432" role="forward"/>
  <member type="way" ref="1412187431" role="forward"/>
  <member type="way" ref="89555200" role="forward"/>
  <member type="way" ref="353201971" role="forward"/>
  <member type="way" ref="1217686713" role="forward"/>
  <member type="way" ref="1217686714" role="forward"/>
  <member type="way" ref="1217686715" role="forward"/>
  <member type="way" ref="647760099" role="forward"/>
  <member type="way" ref="353201965" role="forward"/>
  <member type="way" ref="1467605981" role="forward"/>
  <member type="way" ref="1467605982" role="forward"/>
  <member type="way" ref="1116310973" role="forward"/>
  <member type="way" ref="1116306283" role="forward"/>
  <member type="way" ref="1383725889" role="forward"/>
  <member type="way" ref="1383725888" role="forward"/>
  <member type="way" ref="1116310984" role="forward"/>
  <member type="way" ref="431406195" role="forward"/>
  <member type="way" ref="1116306288" role="forward"/>
  <member type="way" ref="1159855964" role="forward"/>
  <member type="way" ref="1283578710" role=""/>
  <member type="way" ref="367420991" role=""/>
  <member type="way" ref="89555199" role=""/>
  <member type="way" ref="1231039128" role=""/>
  <member type="way" ref="1091662254" role="forward"/>
  <member type="way" ref="669457173" role="forward"/>
  <member type="way" ref="692698814" role="forward"/>
  <member type="way" ref="1369922948" role="forward"/>
  <member type="way" ref="298591753" role="forward"/>
  <member type="way" ref="298591744" role="forward"/>
  <member type="way" ref="298591747" role="forward"/>
  <member type="way" ref="1369922949" role="forward"/>
  <member type="way" ref="367421530" role="forward"/>
  <member type="way" ref="687735666" role="forward"/>
  <member type="way" ref="692701614" role="forward"/>
  <member type="way" ref="1091662253" role="forward"/>
  <member type="way" ref="1231039129" role="forward"/>
  <member type="way" ref="89555202" role=""/>
  <member type="way" ref="367421294" role=""/>
  <member type="way" ref="692701613" role="forward"/>
  <member type="way" ref="669457705" role=""/>
  <member type="way" ref="669458632" role="forward"/>
  <member type="way" ref="89555201" role="forward"/>
  <member type="way" ref="1106596059" role="forward"/>
  <member type="way" ref="1106596060" role="forward"/>
  <member type="way" ref="1171057660" role="forward"/>
  <member type="way" ref="692696062" role="forward"/>
  <member type="way" ref="1116310983" role="forward"/>
  <member type="way" ref="1383725890" role="forward"/>
  <member type="way" ref="1383725891" role="forward"/>
  <member type="way" ref="692696063" role="forward"/>
  <member type="way" ref="1467605983" role="forward"/>
  <member type="way" ref="42652687" role="forward"/>
  <member type="way" ref="353201970" role="forward"/>
  <member type="way" ref="353201972" role="forward"/>
  <member type="way" ref="1412187430" role="forward"/>
  <member type="way" ref="1412187429" role="forward"/>
  <member type="way" ref="233390094" role="forward"/>
  <member type="way" ref="233390095" role="forward"/>
  <member type="way" ref="222091939" role="forward"/>
  <member type="way" ref="440509810" role="forward"/>
  <member type="way" ref="440509809" role="forward"/>
  <member type="way" ref="222005941" role="forward"/>
  <member type="way" ref="257307319" role="forward"/>
  <member type="way" ref="1136669514" role="forward"/>
  <member type="way" ref="1136669515" role="forward"/>
  <member type="way" ref="237913659" role="forward"/>
  <member type="way" ref="367419993" role="forward"/>
  <member type="way" ref="230249297" role="forward"/>
  <member type="way" ref="230249305" role="forward"/>
  <member type="way" ref="372060638" role="forward"/>
  <member type="way" ref="38610886" role="forward"/>
  <member type="way" ref="124724297" role=""/>
  <member type="way" ref="1481172762" role=""/>
  <member type="way" ref="173609918" role=""/>
  <member type="way" ref="367421852" role=""/>
  <member type="way" ref="367421851" role=""/>
  <member type="way" ref="367421850" role=""/>
  <member type="way" ref="367423979" role=""/>
  <member type="way" ref="20264680" role=""/>
  <member type="way" ref="367423980" role=""/>
  <member type="way" ref="367423981" role=""/>
  <member type="way" ref="367423982" role=""/>
  <member type="way" ref="671008678" role=""/>
  <member type="way" ref="671008677" role=""/>
  <member type="way" ref="20264632" role=""/>
  <member type="way" ref="1242966632" role=""/>
  <member type="way" ref="482596084" role=""/>
  <member type="way" ref="89557392" role=""/>
  <member type="way" ref="1253902140" role=""/>
  <member type="way" ref="221153676" role=""/>
  <member type="way" ref="1253598055" role=""/>
  <member type="way" ref="221153675" role=""/>
  <member type="way" ref="89557385" role=""/>
  <member type="way" ref="1018755473" role=""/>
  <member type="way" ref="38282182" role=""/>
  <member type="way" ref="475247282" role=""/>
  <member type="way" ref="475247280" role=""/>
  <member type="way" ref="55805749" role=""/>
  <member type="way" ref="475724167" role=""/>
  <member type="way" ref="1005493539" role=""/>
  <member type="way" ref="323036387" role=""/>
  <member type="way" ref="475724164" role=""/>
  <member type="way" ref="367424605" role=""/>
  <member type="way" ref="482636747" role=""/>
  <member type="way" ref="482636746" role=""/>
  <member type="way" ref="482636730" role=""/>
  <member type="way" ref="482636731" role=""/>
  <member type="way" ref="192898321" role=""/>
  <member type="way" ref="54985298" role="forward"/>
  <member type="way" ref="1484298399" role=""/>
  <member type="way" ref="1484298401" role=""/>
  <member type="way" ref="1553192798" role=""/>
  <member type="way" ref="1553192797" role=""/>
  <member type="way" ref="1553192796" role=""/>
  <member type="way" ref="54683201" role=""/>
  <member type="way" ref="54683220" role=""/>
  <member type="way" ref="22776912" role=""/>
  <member type="way" ref="22776915" role=""/>
  <member type="way" ref="607681198" role="forward"/>
  <member type="way" ref="198248366" role="forward"/>
  <member type="way" ref="22776983" role="forward"/>
  <member type="way" ref="198248363" role="forward"/>
  <member type="way" ref="22777011" role="forward"/>
  <member type="way" ref="182967795" role="forward"/>
  <member type="way" ref="60003090" role="forward"/>
  <member type="way" ref="1087463990" role="forward"/>
  <member type="way" ref="130535395" role="forward"/>
  <member type="way" ref="60048837" role="forward"/>
  <member type="way" ref="1087467827" role="forward"/>
  <member type="way" ref="1087463991" role="forward"/>
  <member type="way" ref="1396303937" role=""/>
  <member type="way" ref="1436418247" role=""/>
  <member type="way" ref="927032896" role=""/>
  <member type="way" ref="1246423272" role=""/>
  <member type="way" ref="1246423273" role=""/>
  <member type="way" ref="1282171798" role=""/>
  <member type="way" ref="1282193531" role=""/>
  <member type="way" ref="1408850612" role=""/>
  <member type="way" ref="1408850613" role=""/>
  <member type="way" ref="1246419732" role=""/>
  <member type="way" ref="1246419731" role=""/>
  <member type="way" ref="1246419491" role=""/>
  <member type="way" ref="1246419490" role=""/>
  <member type="way" ref="1115957840" role=""/>
  <member type="way" ref="1282130793" role=""/>
  <member type="way" ref="1245179881" role=""/>
  <member type="way" ref="1328732541" role=""/>
  <member type="way" ref="1115957835" role=""/>
  <member type="way" ref="1157704734" role=""/>
  <member type="way" ref="1157704733" role=""/>
  <member type="way" ref="25888832" role=""/>
  <member type="way" ref="1115951999" role=""/>
  <member type="way" ref="1281942584" role=""/>
  <member type="way" ref="1224554073" role=""/>
  <member type="way" ref="1224554072" role=""/>
  <member type="way" ref="1115951998" role=""/>
  <member type="way" ref="1281934684" role=""/>
  <member type="way" ref="42651164" role=""/>
  <member type="way" ref="1436428752" role=""/>
  <member type="way" ref="1246413133" role=""/>
  <member type="way" ref="1245184848" role=""/>
  <member type="way" ref="1246413132" role=""/>
  <member type="way" ref="1245184847" role=""/>
  <member type="way" ref="1416060760" role=""/>
  <member type="way" ref="1416060759" role=""/>
  <member type="way" ref="1281929929" role=""/>
  <member type="way" ref="1246412777" role=""/>
  <member type="way" ref="1246411777" role=""/>
  <member type="way" ref="1420186224" role=""/>
  <member type="way" ref="1246410949" role=""/>
  <member type="way" ref="1420186222" role=""/>
  <member type="way" ref="1245184845" role=""/>
  <member type="way" ref="1245185741" role=""/>
  <member type="way" ref="1420194149" role=""/>
  <member type="way" ref="1420237541" role=""/>
  <member type="way" ref="1342395862" role=""/>
  <member type="way" ref="1342395864" role=""/>
  <member type="way" ref="1342395876" role=""/>
  <member type="way" ref="1246021742" role=""/>
  <member type="way" ref="1246021743" role=""/>
  <member type="way" ref="1246022046" role=""/>
  <member type="way" ref="1246022047" role=""/>
  <member type="way" ref="1216736733" role=""/>
  <member type="way" ref="42651161" role=""/>
  <member type="way" ref="1245191918" role=""/>
  <member type="way" ref="1245191919" role=""/>
  <member type="way" ref="1186187861" role=""/>
  <member type="way" ref="1186187857" role=""/>
  <member type="way" ref="1186187856" role=""/>
  <member type="way" ref="1186187854" role=""/>
  <member type="way" ref="1175050088" role=""/>
  <member type="way" ref="1436450486" role=""/>
  <member type="way" ref="1245794110" role=""/>
  <member type="way" ref="840104638" role=""/>
  <member type="way" ref="1420871712" role=""/>
  <member type="way" ref="1245200634" role=""/>
  <member type="way" ref="1245200635" role=""/>
  <member type="way" ref="1245200638" role=""/>
  <member type="way" ref="1245201437" role=""/>
  <member type="way" ref="1245201438" role=""/>
  <member type="way" ref="263190589" role=""/>
  <member type="way" ref="241618705" role=""/>
  <member type="way" ref="241618709" role=""/>
  <member type="way" ref="241618706" role=""/>
  <member type="way" ref="241618712" role=""/>
  <member type="way" ref="1413457267" role=""/>
  <member type="way" ref="1245472624" role=""/>
  <member type="way" ref="1413457270" role=""/>
  <member type="way" ref="1245477312" role=""/>
  <member type="way" ref="1245477313" role=""/>
  <member type="way" ref="1245477314" role=""/>
  <member type="way" ref="843393840" role=""/>
  <member type="way" ref="1326091387" role=""/>
  <member type="way" ref="1245483089" role=""/>
  <member type="way" ref="1387428830" role=""/>
  <member type="way" ref="243531894" role=""/>
  <member type="way" ref="1434033684" role=""/>
  <member type="way" ref="1434033685" role=""/>
  <member type="way" ref="1342387740" role=""/>
  <member type="way" ref="1342387739" role=""/>
  <member type="way" ref="356359714" role=""/>
  <member type="way" ref="356359713" role=""/>
  <member type="way" ref="356359715" role=""/>
  <member type="way" ref="356359716" role=""/>
  <member type="way" ref="1326091369" role=""/>
  <member type="way" ref="1229858533" role=""/>
  <member type="way" ref="167069887" role="forward"/>
  <member type="way" ref="1497599869" role=""/>
  <member type="way" ref="1497599870" role=""/>
  <member type="way" ref="666664211" role=""/>
  <member type="way" ref="1561038067" role=""/>
  <member type="way" ref="1561038066" role=""/>
  <member type="way" ref="1326074431" role="forward"/>
  <member type="way" ref="1220199894" role="forward"/>
  <member type="way" ref="1216960203" role="forward"/>
  <member type="way" ref="1216960202" role="forward"/>
  <member type="way" ref="1561011146" role="forward"/>
  <member type="way" ref="1561011147" role="forward"/>
  <member type="way" ref="1216960205" role="forward"/>
  <member type="way" ref="666664214" role="forward"/>
  <member type="way" ref="666664213" role="forward"/>
  <member type="way" ref="666664219" role="forward"/>
  <member type="way" ref="666664218" role="forward"/>
  <member type="way" ref="366071313" role="forward"/>
  <member type="way" ref="1219029923" role="forward"/>
  <member type="way" ref="540188915" role="forward"/>
  <member type="way" ref="540188886" role=""/>
  <member type="way" ref="1409826862" role=""/>
  <member type="way" ref="666664210" role=""/>
  <member type="way" ref="694497822" role=""/>
  <member type="way" ref="261806248" role=""/>
  <member type="way" ref="261806249" role=""/>
  <member type="way" ref="1432865721" role=""/>
  <member type="way" ref="1223205206" role=""/>
  <member type="way" ref="1223205210" role=""/>
  <member type="way" ref="1223205209" role=""/>
  <member type="way" ref="1223205211" role=""/>
  <member type="way" ref="1339446582" role=""/>
  <member type="way" ref="1217713410" role=""/>
  <member type="way" ref="1217713409" role=""/>
  <member type="way" ref="1339446580" role=""/>
  <member type="way" ref="753181641" role=""/>
  <member type="way" ref="54360001" role=""/>
  <member type="way" ref="661615228" role=""/>
  <member type="way" ref="24956248" role=""/>
  <member type="way" ref="24956240" role=""/>
  <member type="way" ref="24956266" role=""/>
  <member type="way" ref="24956271" role=""/>
  <member type="way" ref="25356041" role="forward"/>
  <member type="way" ref="372302008" role="forward"/>
  <member type="way" ref="25356059" role="forward"/>
  <member type="way" ref="372302007" role="forward"/>
  <member type="way" ref="25356054" role=""/>
  <member type="way" ref="28695618" role=""/>
  <member type="way" ref="55490090" role=""/>
  <member type="way" ref="55490091" role="forward"/>
  <member type="way" ref="55490431" role="forward"/>
  <member type="way" ref="243512124" role="forward"/>
  <member type="way" ref="466872743" role="forward"/>
  <member type="way" ref="315300826" role="forward"/>
  <member type="way" ref="315300829" role="forward"/>
  <member type="way" ref="265281868" role="forward"/>
  <member type="way" ref="265281836" role="forward"/>
  <member type="way" ref="249515005" role="forward"/>
  <member type="way" ref="249913089" role="forward"/>
  <member type="way" ref="249913088" role="forward"/>
  <member type="way" ref="307624699" role="forward"/>
  <member type="way" ref="488819736" role="forward"/>
  <member type="way" ref="488819737" role="forward"/>
  <member type="way" ref="307624698" role="forward"/>
  <member type="way" ref="305908417" role="forward"/>
  <member type="way" ref="305908418" role="forward"/>
  <member type="way" ref="466875174" role="forward"/>
  <member type="way" ref="1350987583" role="forward"/>
  <member type="way" ref="25849819" role="forward"/>
  <member type="way" ref="353605908" role="forward"/>
  <member type="way" ref="488826802" role="forward"/>
  <member type="way" ref="488826803" role="forward"/>
  <member type="way" ref="353605902" role="forward"/>
  <member type="way" ref="1096389731" role="forward"/>
  <member type="way" ref="1096385098" role="forward"/>
  <member type="way" ref="306382132" role="forward"/>
  <member type="way" ref="306382188" role="forward"/>
  <member type="way" ref="318086742" role="forward"/>
  <member type="way" ref="318086748" role="forward"/>
  <member type="way" ref="318134680" role="forward"/>
  <member type="way" ref="318134685" role="forward"/>
  <member type="way" ref="241251875" role="forward"/>
  <member type="way" ref="35133812" role="forward"/>
  <member type="way" ref="1446428964" role="forward"/>
  <member type="way" ref="241524118" role="forward"/>
  <member type="way" ref="241251873" role="forward"/>
  <member type="way" ref="318134679" role="forward"/>
  <member type="way" ref="318134681" role="forward"/>
  <member type="way" ref="318086743" role="forward"/>
  <member type="way" ref="318086746" role="forward"/>
  <member type="way" ref="306382124" role="forward"/>
  <member type="way" ref="1096385097" role="forward"/>
  <member type="way" ref="306382097" role="forward"/>
  <member type="way" ref="488826804" role="forward"/>
  <member type="way" ref="488826801" role="forward"/>
  <member type="way" ref="353605909" role="forward"/>
  <member type="way" ref="353605910" role="forward"/>
  <member type="way" ref="25465627" role="forward"/>
  <member type="way" ref="466875176" role="forward"/>
  <member type="way" ref="305908421" role="forward"/>
  <member type="way" ref="305908422" role="forward"/>
  <member type="way" ref="488819739" role="forward"/>
  <member type="way" ref="488819738" role="forward"/>
  <member type="way" ref="307624701" role="forward"/>
  <member type="way" ref="307624700" role="forward"/>
  <member type="way" ref="249913111" role="forward"/>
  <member type="way" ref="249913110" role="forward"/>
  <member type="way" ref="249884123" role="forward"/>
  <member type="way" ref="265281863" role="forward"/>
  <member type="way" ref="265281875" role="forward"/>
  <member type="way" ref="315300825" role="forward"/>
  <member type="way" ref="315300094" role="forward"/>
  <member type="way" ref="466872745" role="forward"/>
  <member type="way" ref="55490480" role="forward"/>
  <member type="way" ref="624810644" role="forward"/>
  <member type="way" ref="247907890" role="forward"/>
  <member type="way" ref="247907888" role="forward"/>
  <member type="way" ref="55490283" role="forward"/>
  <member type="way" ref="243512126" role="forward"/>
  <member type="way" ref="25849815" role=""/>
  <member type="way" ref="249914461" role=""/>
  <member type="way" ref="249914462" role=""/>
  <member type="way" ref="1453119123" role=""/>
  <member type="way" ref="1453119122" role=""/>
  <member type="way" ref="1453119121" role=""/>
  <member type="way" ref="1453119111" role=""/>
  <member type="way" ref="241253416" role="forward"/>
  <member type="way" ref="241235143" role="forward"/>
  <member type="way" ref="241235142" role="forward"/>
  <member type="way" ref="241235165" role="forward"/>
  <member type="way" ref="1434050071" role="forward"/>
  <member type="way" ref="243512128" role="forward"/>
  <member type="way" ref="400383548" role="forward"/>
  <member type="way" ref="241524112" role=""/>
  <member type="way" ref="241235161" role="forward"/>
  <member type="way" ref="241235152" role="forward"/>
  <member type="way" ref="241235163" role="forward"/>
  <member type="way" ref="243512132" role="forward"/>
  <member type="way" ref="278887507" role="forward"/>
  <member type="way" ref="278887506" role="forward"/>
  <member type="way" ref="278885368" role="forward"/>
  <member type="way" ref="241235162" role="forward"/>
  <member type="way" ref="279301232" role="forward"/>
  <member type="way" ref="279301231" role="forward"/>
  <member type="way" ref="241235159" role="forward"/>
  <member type="way" ref="278876667" role="forward"/>
  <member type="way" ref="400383549" role="forward"/>
  <member type="way" ref="278879554" role="forward"/>
  <member type="way" ref="1434050070" role="forward"/>
  <member type="way" ref="278883044" role="forward"/>
  <member type="way" ref="180347088" role="forward"/>
  <member type="way" ref="400363325" role="forward"/>
  <member type="way" ref="400363324" role="forward"/>
  <member type="way" ref="168051584" role="forward"/>
  <member type="way" ref="243531900" role="forward"/>
  <member type="way" ref="168051587" role="forward"/>
  <member type="way" ref="400363326" role="forward"/>
  <member type="way" ref="243531904" role="forward"/>
  <member type="way" ref="370241723" role=""/>
  <member type="way" ref="1181262968" role=""/>
  <member type="way" ref="1427255378" role=""/>
  <member type="way" ref="843973877" role=""/>
  <member type="way" ref="1427255377" role=""/>
  <member type="way" ref="1181262967" role=""/>
  <member type="way" ref="180347089" role=""/>
  <member type="way" ref="131472716" role=""/>
  <member type="way" ref="131472717" role=""/>
  <member type="way" ref="400399811" role=""/>
  <member type="way" ref="1345358040" role=""/>
  <member type="way" ref="1106180211" role=""/>
  <member type="way" ref="1127423941" role=""/>
  <member type="way" ref="1106180212" role=""/>
  <member type="way" ref="1106180213" role=""/>
  <member type="way" ref="1106180214" role=""/>
  <member type="way" ref="133968147" role=""/>
  <member type="way" ref="1449333473" role=""/>
  <member type="way" ref="1345358039" role=""/>
  <member type="way" ref="165025315" role="forward"/>
  <member type="way" ref="243531898" role="forward"/>
  <member type="way" ref="400393887" role="forward"/>
  <member type="way" ref="400393886" role="forward"/>
  <member type="way" ref="131472719" role="forward"/>
  <member type="way" ref="577028685" role="forward"/>
  <member type="way" ref="524680463" role="forward"/>
  <member type="way" ref="577027266" role="forward"/>
  <member type="way" ref="164997946" role="forward"/>
  <member type="way" ref="400398358" role=""/>
  <member type="way" ref="26564219" role=""/>
  <member type="way" ref="579960210" role=""/>
  <member type="way" ref="468620009" role=""/>
  <member type="way" ref="255796499" role=""/>
  <member type="way" ref="310781804" role=""/>
  <member type="way" ref="1456139535" role=""/>
  <member type="way" ref="310781807" role=""/>
  <member type="way" ref="310781798" role=""/>
  <member type="way" ref="310781801" role=""/>
  <member type="way" ref="351503698" role=""/>
  <member type="way" ref="191192203" role=""/>
  <member type="way" ref="431494750" role=""/>
  <member type="way" ref="431494749" role=""/>
  <member type="way" ref="431494751" role=""/>
  <member type="way" ref="431494754" role=""/>
  <member type="way" ref="431494755" role=""/>
  <member type="way" ref="431494752" role=""/>
  <member type="way" ref="431494753" role=""/>
  <member type="way" ref="255796496" role=""/>
  <member type="way" ref="481709730" role=""/>
  <member type="way" ref="164229305" role="forward"/>
  <member type="way" ref="1154011444" role="forward"/>
  <member type="way" ref="243531899" role="forward"/>
  <member type="way" ref="164229321" role="forward"/>
  <member type="way" ref="131472718" role="forward"/>
  <member type="way" ref="577027265" role="forward"/>
  <member type="way" ref="1123560215" role="forward"/>
  <member type="way" ref="165068788" role="forward"/>
  <member type="way" ref="310781812" role=""/>
  <member type="way" ref="24506235" role=""/>
  <member type="way" ref="719252243" role=""/>
  <member type="way" ref="719252244" role=""/>
  <member type="way" ref="143178388" role=""/>
  <member type="way" ref="325856255" role=""/>
  <member type="way" ref="756878299" role=""/>
  <member type="way" ref="772500031" role=""/>
  <member type="way" ref="772500030" role=""/>
  <member type="way" ref="325856256" role=""/>
  <member type="way" ref="287806916" role=""/>
  <member type="way" ref="287806918" role=""/>
  <member type="way" ref="287806919" role=""/>
  <member type="way" ref="122410661" role=""/>
  <member type="way" ref="177427412" role=""/>
  <member type="way" ref="177427413" role=""/>
  <member type="way" ref="755864317" role=""/>
  <member type="way" ref="755864318" role=""/>
  <member type="way" ref="122410660" role=""/>
  <member type="way" ref="1305642158" role=""/>
  <member type="way" ref="1305642157" role=""/>
  <member type="way" ref="320982338" role=""/>
  <member type="way" ref="1533600336" role=""/>
  <member type="way" ref="571703604" role=""/>
  <member type="way" ref="1305642153" role=""/>
  <member type="way" ref="1305642152" role=""/>
  <member type="way" ref="157590292" role=""/>
  <member type="way" ref="400374610" role=""/>
  <member type="way" ref="400374609" role=""/>
  <member type="way" ref="400374611" role=""/>
  <member type="way" ref="400374608" role=""/>
  <member type="way" ref="1181262969" role=""/>
  <member type="way" ref="1181262971" role=""/>
  <member type="way" ref="1181262970" role=""/>
  <member type="way" ref="422468352" role="forward"/>
  <member type="way" ref="47637734" role="forward"/>
  <member type="way" ref="1106587520" role="forward"/>
  <member type="way" ref="1106587522" role="forward"/>
  <member type="way" ref="440314193" role="forward"/>
  <member type="way" ref="440314195" role="forward"/>
  <member type="way" ref="440305757" role="forward"/>
  <member type="way" ref="440305755" role="forward"/>
  <member type="way" ref="440232442" role="forward"/>
  <member type="way" ref="779500712" role="forward"/>
  <member type="way" ref="779500711" role="forward"/>
  <member type="way" ref="440232443" role="forward"/>
  <member type="way" ref="366422921" role="forward"/>
  <member type="way" ref="379334127" role="forward"/>
  <member type="way" ref="379334126" role="forward"/>
  <member type="way" ref="379334124" role="forward"/>
  <member type="way" ref="379334121" role="forward"/>
  <member type="way" ref="366423872" role="forward"/>
  <member type="way" ref="366423873" role="forward"/>
  <member type="way" ref="379334118" role="forward"/>
  <member type="way" ref="379334116" role="forward"/>
  <member type="way" ref="379334112" role="forward"/>
  <member type="way" ref="379334111" role="forward"/>
  <member type="way" ref="379334109" role="forward"/>
  <member type="way" ref="379334106" role="forward"/>
  <member type="way" ref="379334104" role="forward"/>
  <member type="way" ref="379334102" role="forward"/>
  <member type="way" ref="379334100" role="forward"/>
  <member type="way" ref="379334098" role="forward"/>
  <member type="way" ref="379334096" role="forward"/>
  <member type="way" ref="379334093" role="forward"/>
  <member type="way" ref="379334090" role="forward"/>
  <member type="way" ref="75765838" role="forward"/>
  <member type="way" ref="366427400" role="forward"/>
  <member type="way" ref="366427399" role="forward"/>
  <member type="way" ref="287453822" role="forward"/>
  <member type="way" ref="367376961" role="forward"/>
  <member type="way" ref="366423874" role="forward"/>
  <member type="way" ref="366423875" role="forward"/>
  <member type="way" ref="440225468" role="forward"/>
  <member type="way" ref="440225467" role="forward"/>
  <member type="way" ref="366423771" role="forward"/>
  <member type="way" ref="440225469" role="forward"/>
  <member type="way" ref="440232441" role="forward"/>
  <member type="way" ref="779500714" role="forward"/>
  <member type="way" ref="779500713" role="forward"/>
  <member type="way" ref="366418382" role="forward"/>
  <member type="way" ref="440305754" role="forward"/>
  <member type="way" ref="440305756" role="forward"/>
  <member type="way" ref="440314197" role="forward"/>
  <member type="way" ref="287453830" role="forward"/>
  <member type="way" ref="57936035" role="forward"/>
  <member type="way" ref="1106587525" role="forward"/>
  <member type="way" ref="1106587526" role="forward"/>
  <member type="way" ref="422468349" role=""/>
  <member type="way" ref="367377385" role="forward"/>
  <member type="way" ref="366428050" role="forward"/>
  <member type="way" ref="70563310" role="forward"/>
  <member type="way" ref="440155109" role="forward"/>
  <member type="way" ref="22985468" role="forward"/>
  <member type="way" ref="29461361" role=""/>
  <member type="way" ref="367377598" role="forward"/>
  <member type="way" ref="1530584501" role=""/>
  <member type="way" ref="1530584498" role=""/>
  <member type="way" ref="1530584500" role=""/>
  <member type="way" ref="279530116" role="forward"/>
  <member type="way" ref="1530584507" role="forward"/>
  <member type="way" ref="279530110" role="forward"/>
  <member type="way" ref="1158461945" role="forward"/>
  <member type="way" ref="286248259" role="forward"/>
  <member type="way" ref="357695626" role=""/>
  <member type="way" ref="357685339" role=""/>
  <member type="way" ref="456787398" role=""/>
  <member type="way" ref="218562882" role=""/>
  <member type="way" ref="286252331" role=""/>
  <member type="way" ref="357685331" role=""/>
  <member type="way" ref="286252332" role=""/>
  <member type="way" ref="218562883" role=""/>
  <member type="way" ref="389571993" role=""/>
  <member type="way" ref="378471196" role=""/>
  <member type="way" ref="456787377" role=""/>
  <member type="way" ref="456787365" role=""/>
  <member type="way" ref="378471195" role=""/>
  <member type="way" ref="564122555" role=""/>
  <member type="way" ref="378471194" role=""/>
  <member type="way" ref="564117704" role=""/>
  <member type="way" ref="1472652325" role=""/>
  <member type="way" ref="1472652334" role=""/>
  <member type="way" ref="1472652337" role=""/>
  <member type="way" ref="1472652335" role=""/>
  <member type="way" ref="1472642769" role=""/>
  <member type="way" ref="1472642768" role=""/>
  <member type="way" ref="1472642770" role=""/>
  <member type="way" ref="1472642762" role=""/>
  <member type="way" ref="1472642763" role=""/>
  <member type="way" ref="1472642751" role=""/>
  <member type="way" ref="1472635478" role=""/>
  <member type="way" ref="1472635473" role=""/>
  <member type="way" ref="1472635471" role=""/>
  <member type="way" ref="29462372" role="forward"/>
  <member type="way" ref="1456374822" role="forward"/>
  <member type="way" ref="1369683291" role="forward"/>
  <member type="way" ref="29462260" role="forward"/>
  <member type="way" ref="496253224" role="forward"/>
  <member type="way" ref="496253226" role="forward"/>
  <member type="way" ref="197473539" role="forward"/>
  <member type="way" ref="1475475292" role=""/>
  <member type="way" ref="192897017" role=""/>
  <member type="way" ref="1044685631" role=""/>
  <member type="way" ref="1044685632" role=""/>
  <member type="way" ref="226284618" role=""/>
  <member type="way" ref="226284617" role=""/>
  <member type="way" ref="1044685098" role=""/>
  <member type="way" ref="243531892" role=""/>
  <member type="way" ref="625286111" role=""/>
  <member type="way" ref="1158461947" role=""/>
  <member type="way" ref="408441462" role=""/>
  <member type="way" ref="408441467" role=""/>
  <member type="way" ref="303590055" role=""/>
  <member type="way" ref="408441471" role=""/>
  <member type="way" ref="408441472" role=""/>
  <member type="way" ref="439701976" role=""/>
  <member type="way" ref="505575336" role=""/>
  <member type="way" ref="218563618" role=""/>
  <member type="way" ref="1472389036" role=""/>
  <member type="way" ref="1472389035" role=""/>
  <member type="way" ref="357678908" role=""/>
  <member type="way" ref="564122558" role=""/>
  <member type="way" ref="366428049" role=""/>
  <member type="way" ref="520343682" role=""/>
  <member type="way" ref="357759592" role=""/>
  <member type="way" ref="1457516566" role=""/>
  <member type="way" ref="1376990517" role=""/>
  <member type="way" ref="1376990518" role=""/>
  <member type="way" ref="626633348" role=""/>
  <member type="way" ref="85608891" role=""/>
  <member type="way" ref="357961274" role=""/>
  <member type="way" ref="357961275" role=""/>
  <member type="way" ref="357961276" role=""/>
  <member type="way" ref="357961277" role=""/>
  <member type="way" ref="533657073" role=""/>
  <member type="way" ref="248951318" role=""/>
  <member type="way" ref="243697762" role=""/>
  <member type="way" ref="525590040" role=""/>
  <member type="way" ref="175383945" role=""/>
  <member type="way" ref="193633055" role=""/>
  <member type="way" ref="255796503" role=""/>
  <member type="way" ref="481709729" role=""/>
  <member type="way" ref="481709731" role=""/>
  <member type="way" ref="398542207" role=""/>
  <member type="way" ref="193633054" role=""/>
  <member type="way" ref="317345473" role=""/>
  <member type="way" ref="317345472" role=""/>
  <member type="way" ref="463465317" role=""/>
  <member type="way" ref="463465316" role=""/>
  <member type="way" ref="242323316" role=""/>
  <member type="way" ref="192898317" role=""/>
  <member type="way" ref="1484298400" role=""/>
  <member type="way" ref="1461036209" role=""/>
  <member type="way" ref="1561398265" role=""/>
  <member type="way" ref="1561398264" role=""/>
  <member type="way" ref="1484298359" role=""/>
  <member type="way" ref="73890166" role="backward"/>
  <member type="way" ref="1484298406" role="backward"/>
  <member type="way" ref="192898319" role="backward"/>
  <member type="way" ref="22777071" role=""/>
  <member type="way" ref="564122554" role=""/>
  <member type="way" ref="357695627" role="forward"/>
  <member type="way" ref="564122565" role="forward"/>
  <member type="way" ref="564122559" role=""/>
  <member type="way" ref="29461357" role="forward"/>
  <member type="way" ref="522130006" role="forward"/>
  <member type="way" ref="439921046" role=""/>
  <member type="way" ref="29461359" role=""/>
  <member type="way" ref="1530584499" role=""/>
  <member type="way" ref="279530111" role=""/>
  <member type="way" ref="279530118" role="forward"/>
  <tag k="distance" v="2600"/>
  <tag k="from" v="Ishim"/>
  <tag k="name" v="European route E125"/>
  <tag k="name:en" v="European route E125"/>
  <tag k="name:fr" v="Route européenne E125"/>
  <tag k="name:nl" v="Europese route E125"/>
  <tag k="name:pl" v="Trasa europejska E125"/>
  <tag k="name:ru" v="Европейский маршрут E125"/>
  <tag k="name:sk" v="Európska cesta E125"/>
  <tag k="network" v="e-road"/>
  <tag k="operator" v="United Nations Economic Commission for Europe"/>
  <tag k="operator:short" v="UNECE"/>
  <tag k="operator:type" v="public"/>
  <tag k="operator:wikidata" v="Q659012"/>
  <tag k="ref" v="E 125"/>
  <tag k="route" v="road"/>
  <tag k="to" v="Torugart"/>
  <tag k="type" v="route"/>
  <tag k="wikidata" v="Q2625376"/>
 </relation>
 <relation id="2832326" visible="true" version="1173" changeset="189688454" timestamp="2026-09-28T16:35:33Z" user="NamibDesert" uid="23046051">
  <member type="way" ref="1245200637" role=""/>
  <member type="way" ref="1245794109" role=""/>
  <member type="way" ref="1245794110" role=""/>
  <member type="way" ref="1040120654" role=""/>
  <member type="way" ref="1040120655" role=""/>
  <member type="way" ref="1040120652" role=""/>
  <member type="way" ref="1079743422" role=""/>
  <member type="way" ref="50355161" role=""/>
  <member type="way" ref="1079743423" role=""/>
  <member type="way" ref="175195869" role=""/>
  <member type="way" ref="28529300" role=""/>
  <member type="way" ref="218596636" role="forward"/>
  <member type="way" ref="49162996" role=""/>
  <member type="way" ref="763741278" role="forward"/>
  <member type="way" ref="74210676" role="forward"/>
  <member type="way" ref="29082065" role="forward"/>
  <member type="way" ref="107024602" role="forward"/>
  <member type="way" ref="61303503" role="forward"/>
  <member type="way" ref="1011031275" role=""/>
  <member type="way" ref="61303502" role=""/>
  <member type="way" ref="61303499" role=""/>
  <member type="way" ref="121271313" role=""/>
  <member type="way" ref="121271313" role=""/>
  <member type="way" ref="121271313" role=""/>
  <member type="way" ref="29082102" role=""/>
  <member type="way" ref="499869061" role=""/>
  <member type="way" ref="1012016414" role=""/>
  <member type="way" ref="1012735242" role=""/>
  <member type="way" ref="1125783342" role=""/>
  <member type="way" ref="29082175" role=""/>
  <member type="way" ref="1092011376" role=""/>
  <member type="way" ref="905600322" role=""/>
  <member type="way" ref="1014217670" role=""/>
  <member type="way" ref="659851221" role=""/>
  <member type="way" ref="49121675" role=""/>
  <member type="way" ref="49121679" role="forward"/>
  <member type="way" ref="47421716" role="forward"/>
  <member type="way" ref="875854150" role="forward"/>
  <member type="way" ref="875854149" role="forward"/>
  <member type="way" ref="49121676" role="forward"/>
  <member type="way" ref="49121677" role="forward"/>
  <member type="way" ref="49121678" role="forward"/>
  <member type="way" ref="105481544" role="forward"/>
  <member type="way" ref="105481534" role="forward"/>
  <member type="way" ref="733264233" role="forward"/>
  <member type="way" ref="35317344" role="forward"/>
  <member type="way" ref="35317345" role="forward"/>
  <member type="way" ref="43102201" role="forward"/>
  <member type="way" ref="1067136679" role="forward"/>
  <member type="way" ref="43102202" role="forward"/>
  <member type="way" ref="35318100" role="forward"/>
  <member type="way" ref="35318098" role="forward"/>
  <member type="way" ref="136089604" role="forward"/>
  <member type="way" ref="1009992288" role="forward"/>
  <member type="way" ref="1008725221" role="forward"/>
  <member type="way" ref="1444574490" role="forward"/>
  <member type="way" ref="1092087163" role="forward"/>
  <member type="way" ref="1454934996" role="forward"/>
  <member type="way" ref="715358113" role="forward"/>
  <member type="way" ref="1134274018" role="forward"/>
  <member type="way" ref="1198881136" role="forward"/>
  <member type="way" ref="715358114" role="forward"/>
  <member type="way" ref="715358115" role="forward"/>
  <member type="way" ref="763741279" role="forward"/>
  <member type="way" ref="1011031276" role="forward"/>
  <member type="way" ref="546181759" role="forward"/>
  <member type="way" ref="544295286" role="forward"/>
  <member type="way" ref="546181757" role="forward"/>
  <member type="way" ref="571834181" role="forward"/>
  <member type="way" ref="762088466" role="forward"/>
  <member type="way" ref="762094562" role="forward"/>
  <member type="way" ref="762094560" role="forward"/>
  <member type="way" ref="762094561" role="forward"/>
  <member type="way" ref="762094559" role="forward"/>
  <member type="way" ref="66441106" role="forward"/>
  <member type="way" ref="571837275" role="forward"/>
  <member type="way" ref="1066342113" role="forward"/>
  <member type="way" ref="156783422" role="forward"/>
  <member type="way" ref="571837277" role="forward"/>
  <member type="way" ref="571837276" role="forward"/>
  <member type="way" ref="422036884" role="forward"/>
  <member type="way" ref="422036882" role="forward"/>
  <member type="way" ref="622837553" role="forward"/>
  <member type="way" ref="36503984" role="forward"/>
  <member type="way" ref="571839197" role="forward"/>
  <member type="way" ref="571839196" role="forward"/>
  <member type="way" ref="36503986" role="forward"/>
  <member type="way" ref="625763306" role="forward"/>
  <member type="way" ref="1037804263" role="forward"/>
  <member type="way" ref="625763307" role="forward"/>
  <member type="way" ref="625763304" role="forward"/>
  <member type="way" ref="625763305" role="forward"/>
  <member type="way" ref="381787470" role="forward"/>
  <member type="way" ref="912207171" role="forward"/>
  <member type="way" ref="912207172" role="forward"/>
  <member type="way" ref="1133550495" role="forward"/>
  <member type="way" ref="361354091" role="forward"/>
  <member type="way" ref="37384968" role="forward"/>
  <member type="way" ref="30057101" role="forward"/>
  <member type="way" ref="761854040" role="forward"/>
  <member type="way" ref="761854041" role="forward"/>
  <member type="way" ref="708490816" role="forward"/>
  <member type="way" ref="409020191" role="forward"/>
  <member type="way" ref="409020190" role="forward"/>
  <member type="way" ref="42789797" role="forward"/>
  <member type="way" ref="1546653892" role="forward"/>
  <member type="way" ref="42789808" role="forward"/>
  <member type="way" ref="572142529" role="forward"/>
  <member type="way" ref="1546653889" role="forward"/>
  <member type="way" ref="42789798" role="forward"/>
  <member type="way" ref="1546653888" role="forward"/>
  <member type="way" ref="42789801" role="forward"/>
  <member type="way" ref="61796439" role="forward"/>
  <member type="way" ref="61796436" role="forward"/>
  <member type="way" ref="1546653885" role="forward"/>
  <member type="way" ref="1546533364" role="forward"/>
  <member type="way" ref="42789793" role="forward"/>
  <member type="way" ref="587908029" role="forward"/>
  <member type="way" ref="61784795" role="forward"/>
  <member type="way" ref="42789794" role="forward"/>
  <member type="way" ref="1092833137" role="forward"/>
  <member type="way" ref="1092833136" role=""/>
  <member type="way" ref="1092011375" role="forward"/>
  <member type="way" ref="1090004688" role="forward"/>
  <member type="way" ref="1092011374" role="forward"/>
  <member type="way" ref="730642352" role="forward"/>
  <member type="way" ref="1234596350" role="forward"/>
  <member type="way" ref="17503695" role="forward"/>
  <member type="way" ref="1335084052" role="forward"/>
  <member type="way" ref="907089294" role="forward"/>
  <member type="way" ref="1106844409" role="forward"/>
  <member type="way" ref="730642353" role="forward"/>
  <member type="way" ref="709530491" role="forward"/>
  <member type="way" ref="764005893" role="forward"/>
  <member type="way" ref="764005896" role="forward"/>
  <member type="way" ref="764005897" role="forward"/>
  <member type="way" ref="730643890" role="forward"/>
  <member type="way" ref="764005898" role="forward"/>
  <member type="way" ref="1092088022" role="forward"/>
  <member type="way" ref="1092087156" role="forward"/>
  <member type="way" ref="1098832385" role="forward"/>
  <member type="way" ref="409025342" role="forward"/>
  <member type="way" ref="409025341" role="forward"/>
  <member type="way" ref="912210105" role="forward"/>
  <member type="way" ref="912210106" role="forward"/>
  <member type="way" ref="156783421" role="forward"/>
  <member type="way" ref="1066342114" role="forward"/>
  <member type="way" ref="422036885" role="forward"/>
  <member type="way" ref="571837274" role="forward"/>
  <member type="way" ref="422036883" role="forward"/>
  <member type="way" ref="36503989" role="forward"/>
  <member type="way" ref="622837552" role="forward"/>
  <member type="way" ref="36503988" role="forward"/>
  <member type="way" ref="361354285" role="forward"/>
  <member type="way" ref="1037804265" role="forward"/>
  <member type="way" ref="37384966" role="forward"/>
  <member type="way" ref="381787471" role="forward"/>
  <member type="way" ref="912207170" role="forward"/>
  <member type="way" ref="912207169" role="forward"/>
  <member type="way" ref="381787472" role="forward"/>
  <member type="way" ref="37384965" role="forward"/>
  <member type="way" ref="761854038" role="forward"/>
  <member type="way" ref="761854039" role="forward"/>
  <member type="way" ref="409020188" role="forward"/>
  <member type="way" ref="409020189" role="forward"/>
  <member type="way" ref="42789806" role="forward"/>
  <member type="way" ref="42789807" role="forward"/>
  <member type="way" ref="1546653891" role="forward"/>
  <member type="way" ref="1546653890" role="forward"/>
  <member type="way" ref="42789799" role="forward"/>
  <member type="way" ref="572142530" role="forward"/>
  <member type="way" ref="1227393410" role="forward"/>
  <member type="way" ref="1227393411" role="forward"/>
  <member type="way" ref="42789803" role="forward"/>
  <member type="way" ref="1546653886" role="forward"/>
  <member type="way" ref="1546653887" role="forward"/>
  <member type="way" ref="61796435" role="forward"/>
  <member type="way" ref="61796440" role="forward"/>
  <member type="way" ref="42789792" role="forward"/>
  <member type="way" ref="1546533362" role="forward"/>
  <member type="way" ref="1546533363" role="forward"/>
  <member type="way" ref="438369763" role="forward"/>
  <member type="way" ref="438369764" role="forward"/>
  <member type="way" ref="587908028" role="forward"/>
  <member type="way" ref="391913577" role="forward"/>
  <member type="way" ref="61784768" role="forward"/>
  <member type="way" ref="1227393307" role="forward"/>
  <member type="way" ref="1227393308" role="forward"/>
  <member type="way" ref="1227392367" role="forward"/>
  <member type="way" ref="1227392366" role="forward"/>
  <member type="way" ref="1227392084" role="forward"/>
  <member type="way" ref="1227392083" role="forward"/>
  <member type="way" ref="1546533365" role="forward"/>
  <member type="way" ref="42789795" role="forward"/>
  <member type="way" ref="1546533366" role="forward"/>
  <member type="way" ref="1546533366" role=""/>
  <member type="way" ref="42789795" role=""/>
  <member type="way" ref="1546533365" role=""/>
  <member type="way" ref="1227392083" role=""/>
  <member type="way" ref="1227392084" role=""/>
  <member type="way" ref="1227392366" role=""/>
  <member type="way" ref="1227392367" role=""/>
  <member type="way" ref="1227393308" role=""/>
  <member type="way" ref="1227393307" role=""/>
  <member type="way" ref="612408713" role=""/>
  <member type="way" ref="612408712" role=""/>
  <member type="way" ref="167950992" role=""/>
  <member type="way" ref="1069199674" role=""/>
  <member type="way" ref="1021793273" role=""/>
  <member type="way" ref="50510437" role=""/>
  <member type="way" ref="50510439" role=""/>
  <member type="way" ref="603468260" role=""/>
  <member type="way" ref="603468259" role=""/>
  <member type="way" ref="603468256" role=""/>
  <member type="way" ref="863870259" role=""/>
  <member type="way" ref="1547289918" role=""/>
  <member type="way" ref="1021793271" role=""/>
  <member type="way" ref="863870258" role=""/>
  <member type="way" ref="1021793267" role=""/>
  <member type="way" ref="294885362" role=""/>
  <member type="way" ref="883807633" role="forward"/>
  <member type="way" ref="323084774" role="forward"/>
  <member type="way" ref="32662473" role="forward"/>
  <member type="way" ref="294859099" role="forward"/>
  <member type="way" ref="32662475" role="forward"/>
  <member type="way" ref="294859095" role="forward"/>
  <member type="way" ref="1107720405" role="forward"/>
  <member type="way" ref="1107720389" role="forward"/>
  <member type="way" ref="1107720390" role="forward"/>
  <member type="way" ref="1107720391" role="forward"/>
  <member type="way" ref="1107720392" role="forward"/>
  <member type="way" ref="1107720395" role="forward"/>
  <member type="way" ref="1107720398" role="forward"/>
  <member type="way" ref="1107720399" role="forward"/>
  <member type="way" ref="1107720406" role="forward"/>
  <member type="way" ref="1107720402" role="forward"/>
  <member type="way" ref="1107720384" role="forward"/>
  <member type="way" ref="1107720381" role="forward"/>
  <member type="way" ref="1107720382" role="forward"/>
  <member type="way" ref="1107720383" role="forward"/>
  <member type="way" ref="1107720377" role="forward"/>
  <member type="way" ref="1107720378" role="forward"/>
  <member type="way" ref="33112272" role="forward"/>
  <member type="way" ref="104529079" role="forward"/>
  <member type="way" ref="104529082" role="forward"/>
  <member type="way" ref="20584477" role="forward"/>
  <member type="way" ref="25605440" role="forward"/>
  <member type="way" ref="25605438" role="forward"/>
  <member type="way" ref="25605428" role="forward"/>
  <member type="way" ref="25605437" role="forward"/>
  <member type="way" ref="104529075" role="forward"/>
  <member type="way" ref="104529085" role="forward"/>
  <member type="way" ref="33112273" role="forward"/>
  <member type="way" ref="1107720407" role="forward"/>
  <member type="way" ref="1107720385" role="forward"/>
  <member type="way" ref="1107720380" role="forward"/>
  <member type="way" ref="1107720379" role="forward"/>
  <member type="way" ref="1107720386" role="forward"/>
  <member type="way" ref="1107720401" role="forward"/>
  <member type="way" ref="1107720408" role="forward"/>
  <member type="way" ref="1107720400" role="forward"/>
  <member type="way" ref="1107720396" role="forward"/>
  <member type="way" ref="1107720397" role="forward"/>
  <member type="way" ref="1107720394" role="forward"/>
  <member type="way" ref="1107720393" role="forward"/>
  <member type="way" ref="32662478" role="forward"/>
  <member type="way" ref="32662477" role="forward"/>
  <member type="way" ref="25605401" role="forward"/>
  <member type="way" ref="110178532" role="forward"/>
  <member type="way" ref="806202589" role="forward"/>
  <member type="way" ref="883807631" role="forward"/>
  <member type="way" ref="109299313" role="forward"/>
  <member type="way" ref="48430054" role=""/>
  <member type="way" ref="25605414" role=""/>
  <member type="way" ref="25605102" role=""/>
  <member type="way" ref="25605158" role=""/>
  <member type="way" ref="25605155" role=""/>
  <member type="way" ref="104529089" role=""/>
  <member type="way" ref="118749867" role=""/>
  <member type="way" ref="118749876" role=""/>
  <member type="way" ref="25605101" role=""/>
  <member type="way" ref="25605022" role=""/>
  <member type="way" ref="25605091" role=""/>
  <member type="way" ref="80704516" role=""/>
  <member type="way" ref="25605049" role=""/>
  <member type="way" ref="1131521038" role=""/>
  <member type="way" ref="1131521037" role=""/>
  <member type="way" ref="1131521036" role=""/>
  <member type="way" ref="25605050" role=""/>
  <member type="way" ref="236822859" role=""/>
  <member type="way" ref="544498995" role=""/>
  <member type="way" ref="236822858" role=""/>
  <member type="way" ref="1341757390" role=""/>
  <member type="way" ref="115728058" role=""/>
  <member type="way" ref="115728052" role=""/>
  <member type="way" ref="32731559" role=""/>
  <member type="way" ref="1341757391" role=""/>
  <member type="way" ref="32731560" role=""/>
  <member type="way" ref="26516918" role=""/>
  <member type="way" ref="26516935" role=""/>
  <member type="way" ref="1132356666" role=""/>
  <member type="way" ref="1132356665" role=""/>
  <member type="way" ref="1132356664" role=""/>
  <member type="way" ref="495599209" role=""/>
  <member type="way" ref="25609983" role=""/>
  <member type="way" ref="25609985" role=""/>
  <member type="way" ref="25609990" role=""/>
  <member type="way" ref="25610000" role=""/>
  <member type="way" ref="37047235" role=""/>
  <member type="way" ref="25610013" role=""/>
  <member type="way" ref="846726729" role=""/>
  <member type="way" ref="698451049" role=""/>
  <member type="way" ref="194487758" role=""/>
  <member type="way" ref="25610025" role=""/>
  <member type="way" ref="25610027" role=""/>
  <member type="way" ref="185589864" role=""/>
  <member type="way" ref="27803808" role=""/>
  <member type="way" ref="25608255" role=""/>
  <member type="way" ref="25608795" role=""/>
  <member type="way" ref="25608794" role=""/>
  <member type="way" ref="1126189808" role=""/>
  <member type="way" ref="1126189807" role=""/>
  <member type="way" ref="90779193" role=""/>
  <member type="way" ref="25608261" role="forward"/>
  <member type="way" ref="33070565" role="forward"/>
  <member type="way" ref="33070602" role="forward"/>
  <member type="way" ref="33070600" role="forward"/>
  <member type="way" ref="390482584" role="forward"/>
  <member type="way" ref="33070597" role="forward"/>
  <member type="way" ref="593706866" role="forward"/>
  <member type="way" ref="329130219" role="forward"/>
  <member type="way" ref="329130221" role="forward"/>
  <member type="way" ref="62064852" role="forward"/>
  <member type="way" ref="593706868" role="forward"/>
  <member type="way" ref="62064854" role="forward"/>
  <member type="way" ref="390482583" role="forward"/>
  <member type="way" ref="33070599" role="forward"/>
  <member type="way" ref="192497862" role=""/>
  <member type="way" ref="25607086" role=""/>
  <member type="way" ref="25607087" role=""/>
  <member type="way" ref="1484929326" role=""/>
  <member type="way" ref="25606529" role=""/>
  <member type="way" ref="1500165122" role=""/>
  <member type="way" ref="1499523733" role=""/>
  <member type="way" ref="1500152200" role=""/>
  <member type="way" ref="192497861" role="forward"/>
  <member type="way" ref="390482582" role="forward"/>
  <member type="way" ref="33070598" role="forward"/>
  <member type="way" ref="62064851" role="forward"/>
  <member type="way" ref="62064855" role="forward"/>
  <member type="way" ref="329129956" role="forward"/>
  <member type="way" ref="329129957" role="forward"/>
  <member type="way" ref="390482585" role="forward"/>
  <member type="way" ref="33070596" role="forward"/>
  <member type="way" ref="33070601" role="forward"/>
  <member type="way" ref="33070603" role="forward"/>
  <member type="way" ref="33070566" role="forward"/>
  <member type="way" ref="25608666" role="forward"/>
  <member type="way" ref="25608373" role="forward"/>
  <member type="way" ref="90779192" role="forward"/>
  <member type="way" ref="25608686" role="forward"/>
  <member type="way" ref="1498950387" role=""/>
  <member type="way" ref="1500170998" role=""/>
  <member type="way" ref="1498950386" role=""/>
  <member type="way" ref="172826981" role=""/>
  <member type="way" ref="172826982" role=""/>
  <member type="way" ref="167580317" role=""/>
  <member type="way" ref="393007781" role=""/>
  <member type="way" ref="523691482" role=""/>
  <member type="way" ref="996263696" role=""/>
  <member type="way" ref="387544543" role=""/>
  <member type="way" ref="167580316" role=""/>
  <member type="way" ref="320769250" role=""/>
  <member type="way" ref="603763829" role=""/>
  <member type="way" ref="603763811" role=""/>
  <member type="way" ref="182401262" role=""/>
  <member type="way" ref="182401263" role=""/>
  <member type="way" ref="51350211" role=""/>
  <member type="way" ref="210710298" role="forward"/>
  <member type="way" ref="800656662" role="forward"/>
  <member type="way" ref="783874698" role="forward"/>
  <member type="way" ref="51350212" role="forward"/>
  <member type="way" ref="320243592" role="forward"/>
  <member type="way" ref="210710299" role="forward"/>
  <member type="way" ref="320243593" role="forward"/>
  <member type="way" ref="210710297" role="forward"/>
  <member type="way" ref="25621251" role=""/>
  <member type="way" ref="213366405" role=""/>
  <member type="way" ref="26165962" role=""/>
  <member type="way" ref="26165961" role=""/>
  <member type="way" ref="137578320" role=""/>
  <member type="way" ref="137578327" role=""/>
  <member type="way" ref="348849053" role=""/>
  <member type="way" ref="42646998" role=""/>
  <member type="way" ref="149724328" role="forward"/>
  <member type="way" ref="149724329" role="forward"/>
  <member type="way" ref="251371533" role=""/>
  <member type="way" ref="149724330" role=""/>
  <member type="way" ref="466867417" role="forward"/>
  <member type="way" ref="466848205" role="forward"/>
  <member type="way" ref="309937735" role=""/>
  <member type="way" ref="45768525" role=""/>
  <member type="way" ref="42647005" role=""/>
  <member type="way" ref="42647044" role=""/>
  <member type="way" ref="235160463" role=""/>
  <member type="way" ref="42647045" role=""/>
  <member type="way" ref="116692578" role=""/>
  <member type="way" ref="189636375" role="forward"/>
  <member type="way" ref="189636373" role="forward"/>
  <member type="way" ref="207875634" role="forward"/>
  <member type="way" ref="207875635" role="forward"/>
  <member type="way" ref="189636377" role="forward"/>
  <member type="way" ref="237500488" role="forward"/>
  <member type="way" ref="1491721462" role=""/>
  <member type="way" ref="1491721463" role="forward"/>
  <member type="way" ref="116692576" role=""/>
  <member type="way" ref="150126079" role=""/>
  <member type="way" ref="150126082" role=""/>
  <member type="way" ref="116805379" role=""/>
  <member type="way" ref="189637106" role=""/>
  <member type="way" ref="180693397" role="forward"/>
  <member type="way" ref="180693395" role="forward"/>
  <member type="way" ref="315112294" role="forward"/>
  <member type="way" ref="180693402" role="forward"/>
  <member type="way" ref="116692582" role="forward"/>
  <member type="way" ref="250131040" role="forward"/>
  <member type="way" ref="56128870" role="forward"/>
  <member type="way" ref="151848811" role="forward"/>
  <member type="way" ref="119144488" role="forward"/>
  <member type="way" ref="161646418" role="forward"/>
  <member type="way" ref="161646414" role="forward"/>
  <member type="way" ref="116701471" role="forward"/>
  <member type="way" ref="116805610" role="forward"/>
  <member type="way" ref="250131036" role="forward"/>
  <member type="way" ref="150126074" role="forward"/>
  <member type="way" ref="180693399" role="forward"/>
  <member type="way" ref="180788401" role=""/>
  <member type="way" ref="216621647" role="forward"/>
  <member type="way" ref="180787407" role="forward"/>
  <member type="way" ref="1311836872" role="forward"/>
  <member type="way" ref="1311836869" role="forward"/>
  <member type="way" ref="1453324702" role="forward"/>
  <member type="way" ref="216621642" role="forward"/>
  <member type="way" ref="1453324699" role="forward"/>
  <member type="way" ref="180252056" role="forward"/>
  <member type="way" ref="315123913" role="forward"/>
  <member type="way" ref="219936235" role="forward"/>
  <member type="way" ref="180690424" role="forward"/>
  <member type="way" ref="180811848" role="forward"/>
  <member type="way" ref="1436916794" role="forward"/>
  <member type="way" ref="180811851" role="forward"/>
  <member type="way" ref="1311836870" role="forward"/>
  <member type="way" ref="1311836871" role="forward"/>
  <member type="way" ref="38134053" role="forward"/>
  <member type="way" ref="38134054" role="forward"/>
  <member type="way" ref="58060161" role=""/>
  <member type="way" ref="220433255" role=""/>
  <member type="way" ref="42647383" role=""/>
  <member type="way" ref="1381950030" role=""/>
  <member type="way" ref="1381950031" role=""/>
  <member type="way" ref="42647439" role=""/>
  <member type="way" ref="119137627" role=""/>
  <member type="way" ref="119093552" role=""/>
  <member type="way" ref="293394097" role=""/>
  <member type="way" ref="293394089" role=""/>
  <member type="way" ref="42647590" role=""/>
  <member type="way" ref="154371101" role=""/>
  <member type="way" ref="154371098" role=""/>
  <member type="way" ref="42647596" role=""/>
  <member type="way" ref="1108603006" role=""/>
  <member type="way" ref="1108603005" role=""/>
  <member type="way" ref="285652750" role=""/>
  <member type="way" ref="42647598" role=""/>
  <member type="way" ref="509430311" role=""/>
  <member type="way" ref="285644847" role=""/>
  <member type="way" ref="285644845" role=""/>
  <member type="way" ref="210833767" role=""/>
  <member type="way" ref="398454565" role=""/>
  <member type="way" ref="210833765" role=""/>
  <member type="way" ref="42792575" role=""/>
  <member type="way" ref="42647652" role=""/>
  <member type="way" ref="1108603024" role=""/>
  <member type="way" ref="1108603023" role=""/>
  <member type="way" ref="1108603027" role=""/>
  <member type="way" ref="1108603026" role=""/>
  <member type="way" ref="152434813" role="forward"/>
  <member type="way" ref="152434803" role=""/>
  <member type="way" ref="152434808" role="forward"/>
  <member type="way" ref="152434811" role="forward"/>
  <member type="way" ref="152434810" role="forward"/>
  <member type="way" ref="152434806" role=""/>
  <member type="way" ref="27671389" role=""/>
  <member type="way" ref="152457531" role=""/>
  <member type="way" ref="1283686769" role=""/>
  <member type="way" ref="1283686768" role=""/>
  <member type="way" ref="1283678895" role=""/>
  <member type="way" ref="1283678894" role=""/>
  <member type="way" ref="152457529" role=""/>
  <member type="way" ref="42792557" role=""/>
  <member type="way" ref="1282259071" role=""/>
  <member type="way" ref="512775717" role=""/>
  <member type="way" ref="359021819" role=""/>
  <member type="way" ref="737332217" role=""/>
  <member type="way" ref="1283695392" role=""/>
  <member type="way" ref="1283695394" role=""/>
  <member type="way" ref="1283695391" role=""/>
  <member type="way" ref="359021818" role=""/>
  <member type="way" ref="42647782" role=""/>
  <member type="way" ref="89553488" role=""/>
  <member type="way" ref="42648075" role=""/>
  <member type="way" ref="1562277198" role=""/>
  <member type="way" ref="1562277197" role=""/>
  <member type="way" ref="42648457" role=""/>
  <member type="way" ref="42649064" role=""/>
  <member type="way" ref="249216554" role=""/>
  <member type="way" ref="42649317" role=""/>
  <member type="way" ref="42649483" role=""/>
  <member type="way" ref="30740707" role=""/>
  <member type="way" ref="30740708" role=""/>
  <member type="way" ref="42649628" role=""/>
  <member type="way" ref="275796159" role=""/>
  <member type="way" ref="275796161" role=""/>
  <member type="way" ref="136160791" role="forward"/>
  <member type="way" ref="216607315" role="forward"/>
  <member type="way" ref="136160789" role=""/>
  <member type="way" ref="216607316" role="forward"/>
  <member type="way" ref="216607311" role="forward"/>
  <member type="way" ref="216615786" role=""/>
  <member type="way" ref="216607308" role=""/>
  <member type="way" ref="136160790" role=""/>
  <member type="way" ref="737352620" role=""/>
  <member type="way" ref="737352622" role=""/>
  <member type="way" ref="216615785" role=""/>
  <member type="way" ref="737352621" role=""/>
  <member type="way" ref="328393809" role=""/>
  <member type="way" ref="737357631" role=""/>
  <member type="way" ref="42650746" role=""/>
  <member type="way" ref="325887926" role=""/>
  <member type="way" ref="737359693" role=""/>
  <member type="way" ref="737359692" role=""/>
  <member type="way" ref="325887925" role=""/>
  <member type="way" ref="737359689" role=""/>
  <member type="way" ref="737359688" role=""/>
  <member type="way" ref="1214461520" role=""/>
  <member type="way" ref="42650757" role=""/>
  <member type="way" ref="737359687" role=""/>
  <member type="way" ref="42650765" role=""/>
  <member type="way" ref="1442521657" role=""/>
  <member type="way" ref="1442521656" role=""/>
  <member type="way" ref="1442521655" role="forward"/>
  <member type="way" ref="1222047886" role="forward"/>
  <member type="way" ref="1222047888" role="forward"/>
  <member type="way" ref="1442521652" role="forward"/>
  <member type="way" ref="166127546" role="forward"/>
  <member type="way" ref="1442521650" role="forward"/>
  <member type="way" ref="135403799" role="forward"/>
  <member type="way" ref="225197838" role="forward"/>
  <member type="way" ref="225197840" role="forward"/>
  <member type="way" ref="258877511" role="forward"/>
  <member type="way" ref="258877515" role="forward"/>
  <member type="way" ref="243512127" role="forward"/>
  <member type="way" ref="55490091" role="forward"/>
  <member type="way" ref="55490090" role=""/>
  <member type="way" ref="28695618" role=""/>
  <member type="way" ref="25356054" role=""/>
  <member type="way" ref="372302008" role="forward"/>
  <member type="way" ref="25356041" role="forward"/>
  <member type="way" ref="24956271" role=""/>
  <member type="way" ref="24956266" role=""/>
  <member type="way" ref="24956240" role="road"/>
  <member type="way" ref="24956248" role=""/>
  <member type="way" ref="257482945" role="forward"/>
  <member type="way" ref="257482942" role="forward"/>
  <member type="way" ref="167440141" role="forward"/>
  <member type="way" ref="24956098" role="forward"/>
  <member type="way" ref="24956606" role="forward"/>
  <member type="way" ref="608678294" role="forward"/>
  <member type="way" ref="24956145" role="forward"/>
  <member type="way" ref="436883388" role="forward"/>
  <member type="way" ref="1054682990" role="forward"/>
  <member type="way" ref="669894714" role="forward"/>
  <member type="way" ref="42646923" role="forward"/>
  <member type="way" ref="353576503" role="forward"/>
  <member type="way" ref="488812130" role="forward"/>
  <member type="way" ref="500487396" role="forward"/>
  <member type="way" ref="500487437" role="forward"/>
  <member type="way" ref="1296244253" role="forward"/>
  <member type="way" ref="1296244254" role="forward"/>
  <member type="way" ref="500487403" role="forward"/>
  <member type="way" ref="500487418" role="forward"/>
  <member type="way" ref="500487384" role="forward"/>
  <member type="way" ref="500487424" role="forward"/>
  <member type="way" ref="353578061" role="forward"/>
  <member type="way" ref="1159377439" role="forward"/>
  <member type="way" ref="1159377438" role="forward"/>
  <member type="way" ref="1422855553" role="forward"/>
  <member type="way" ref="1422855552" role="forward"/>
  <member type="way" ref="313212682" role="forward"/>
  <member type="way" ref="500671364" role="forward"/>
  <member type="way" ref="445440915" role="forward"/>
  <member type="way" ref="1503983636" role="forward"/>
  <member type="way" ref="1503983637" role="forward"/>
  <member type="way" ref="445440912" role="forward"/>
  <member type="way" ref="539427682" role="forward"/>
  <member type="way" ref="539427683" role="forward"/>
  <member type="way" ref="445440916" role="forward"/>
  <member type="way" ref="1422855545" role="forward"/>
  <member type="way" ref="1422855546" role="forward"/>
  <member type="way" ref="1192831308" role="forward"/>
  <member type="way" ref="1192831309" role="forward"/>
  <member type="way" ref="436877516" role="forward"/>
  <member type="way" ref="313212676" role="forward"/>
  <member type="way" ref="313212687" role="forward"/>
  <member type="way" ref="313212674" role="forward"/>
  <member type="way" ref="727533520" role="forward"/>
  <member type="way" ref="313212689" role="forward"/>
  <member type="way" ref="1054683361" role="forward"/>
  <member type="way" ref="1054683359" role="forward"/>
  <member type="way" ref="313212655" role="forward"/>
  <member type="way" ref="313212693" role="forward"/>
  <member type="way" ref="1482836280" role="forward"/>
  <member type="way" ref="1482836279" role="forward"/>
  <member type="way" ref="1054682991" role="forward"/>
  <member type="way" ref="497659335" role="forward"/>
  <member type="way" ref="1525722184" role="forward"/>
  <member type="way" ref="1122220357" role="forward"/>
  <member type="way" ref="257482943" role="forward"/>
  <member type="way" ref="257482944" role="forward"/>
  <member type="way" ref="24956082" role="forward"/>
  <member type="way" ref="24956084" role="forward"/>
  <member type="way" ref="242323310" role="forward"/>
  <member type="way" ref="24672771" role="forward"/>
  <member type="way" ref="242323314" role="forward"/>
  <member type="way" ref="608678308" role="forward"/>
  <member type="way" ref="258610081" role="forward"/>
  <member type="way" ref="1443860464" role="forward"/>
  <member type="way" ref="228228928" role="forward"/>
  <member type="way" ref="1054682989" role="forward"/>
  <member type="way" ref="669894711" role="forward"/>
  <member type="way" ref="436883389" role="forward"/>
  <member type="way" ref="353576502" role="forward"/>
  <member type="way" ref="500487444" role="forward"/>
  <member type="way" ref="1296244257" role="forward"/>
  <member type="way" ref="500487389" role="forward"/>
  <member type="way" ref="500487430" role="forward"/>
  <member type="way" ref="1296244258" role="forward"/>
  <member type="way" ref="500487410" role="forward"/>
  <member type="way" ref="500487451" role="forward"/>
  <member type="way" ref="42646918" role="forward"/>
  <member type="way" ref="347899179" role="forward"/>
  <member type="way" ref="353578060" role="forward"/>
  <member type="way" ref="1159377441" role="forward"/>
  <member type="way" ref="1159377440" role="forward"/>
  <member type="way" ref="1422855551" role="forward"/>
  <member type="way" ref="1422855550" role="forward"/>
  <member type="way" ref="280719147" role="forward"/>
  <member type="way" ref="500671363" role="forward"/>
  <member type="way" ref="445440914" role="forward"/>
  <member type="way" ref="1503983638" role="forward"/>
  <member type="way" ref="1503983639" role="forward"/>
  <member type="way" ref="445440913" role="forward"/>
  <member type="way" ref="539427681" role="forward"/>
  <member type="way" ref="539427684" role="forward"/>
  <member type="way" ref="313212675" role="forward"/>
  <member type="way" ref="1422855543" role="forward"/>
  <member type="way" ref="1422855544" role="forward"/>
  <member type="way" ref="1192831310" role="forward"/>
  <member type="way" ref="1192831311" role="forward"/>
  <member type="way" ref="313212684" role="forward"/>
  <member type="way" ref="313212681" role="forward"/>
  <member type="way" ref="313212686" role="forward"/>
  <member type="way" ref="313212678" role="forward"/>
  <member type="way" ref="727533519" role="forward"/>
  <member type="way" ref="295198253" role="forward"/>
  <member type="way" ref="1054683362" role="forward"/>
  <member type="way" ref="1054683360" role="forward"/>
  <member type="way" ref="41601364" role="forward"/>
  <member type="way" ref="313212695" role="forward"/>
  <member type="way" ref="1482836278" role="forward"/>
  <member type="way" ref="1482836277" role="forward"/>
  <member type="way" ref="1054682992" role="forward"/>
  <member type="way" ref="1122220356" role="forward"/>
  <member type="way" ref="669889734" role=""/>
  <member type="way" ref="1282180894" role="road"/>
  <member type="way" ref="1282178769" role="forward"/>
  <member type="way" ref="114275031" role="forward"/>
  <member type="way" ref="1091229025" role="forward"/>
  <member type="way" ref="1091229021" role="forward"/>
  <member type="way" ref="114279400" role="forward"/>
  <member type="way" ref="293375157" role="forward"/>
  <member type="way" ref="113739374" role="forward"/>
  <member type="way" ref="243531903" role="forward"/>
  <member type="way" ref="243531902" role="forward"/>
  <member type="way" ref="1024145423" role="forward"/>
  <member type="way" ref="1283840721" role="forward"/>
  <member type="way" ref="197994620" role="forward"/>
  <member type="way" ref="1283840722" role="forward"/>
  <member type="way" ref="113739470" role="forward"/>
  <member type="way" ref="1283840719" role="forward"/>
  <member type="way" ref="113739451" role="forward"/>
  <member type="way" ref="1283840720" role="forward"/>
  <member type="way" ref="1024145422" role="forward"/>
  <member type="way" ref="197994600" role="forward"/>
  <member type="way" ref="197994599" role="forward"/>
  <member type="way" ref="197994781" role="forward"/>
  <member type="way" ref="197994784" role="forward"/>
  <member type="way" ref="293375158" role="forward"/>
  <member type="way" ref="1091229023" role="forward"/>
  <member type="way" ref="1091229024" role="forward"/>
  <member type="way" ref="114279407" role=""/>
  <member type="way" ref="372302007" role="forward"/>
  <member type="way" ref="25356059" role="forward"/>
  <member type="way" ref="1442521654" role="forward"/>
  <member type="way" ref="1096865866" role="forward"/>
  <member type="way" ref="1222047887" role="forward"/>
  <member type="way" ref="1442521653" role="forward"/>
  <member type="way" ref="1442521651" role="forward"/>
  <member type="way" ref="166127945" role="forward"/>
  <member type="way" ref="318837493" role="forward"/>
  <member type="way" ref="140856683" role="forward"/>
  <member type="way" ref="858735196" role="forward"/>
  <member type="way" ref="140856687" role="forward"/>
  <member type="way" ref="900681152" role="forward"/>
  <member type="way" ref="28695616" role="forward"/>
  <member type="way" ref="606411100" role="forward"/>
  <member type="way" ref="225197839" role="forward"/>
  <member type="way" ref="225197842" role="forward"/>
  <member type="way" ref="258877513" role="forward"/>
  <member type="way" ref="258877520" role="forward"/>
  <member type="way" ref="243512126" role="forward"/>
  <member type="way" ref="54360000" role=""/>
  <member type="way" ref="27262974" role=""/>
  <member type="way" ref="54360001" role=""/>
  <member type="way" ref="753181641" role=""/>
  <member type="way" ref="54359999" role=""/>
  <member type="way" ref="762801474" role=""/>
  <member type="way" ref="762801470" role=""/>
  <member type="way" ref="698508672" role=""/>
  <member type="way" ref="698511461" role=""/>
  <member type="way" ref="1412093426" role=""/>
  <member type="way" ref="740088375" role=""/>
  <member type="way" ref="1412093427" role=""/>
  <member type="way" ref="674045297" role=""/>
  <member type="way" ref="727649401" role=""/>
  <member type="way" ref="72037861" role=""/>
  <member type="way" ref="429998308" role=""/>
  <member type="way" ref="429998306" role=""/>
  <member type="way" ref="429998304" role=""/>
  <member type="way" ref="294967459" role=""/>
  <member type="way" ref="429998307" role=""/>
  <member type="way" ref="72037862" role=""/>
  <member type="way" ref="182967795" role="forward"/>
  <member type="way" ref="60003090" role="forward"/>
  <member type="way" ref="1087463990" role="forward"/>
  <member type="way" ref="130535395" role="forward"/>
  <member type="way" ref="60048837" role="forward"/>
  <member type="way" ref="1087467827" role="forward"/>
  <member type="way" ref="1087463991" role="forward"/>
  <member type="way" ref="1396303937" role=""/>
  <member type="way" ref="1436418247" role=""/>
  <member type="way" ref="927032896" role=""/>
  <member type="way" ref="1246423272" role=""/>
  <member type="way" ref="1246423273" role=""/>
  <member type="way" ref="1282171798" role=""/>
  <member type="way" ref="1282193531" role=""/>
  <member type="way" ref="1408850612" role=""/>
  <member type="way" ref="1408850613" role=""/>
  <member type="way" ref="1246419732" role=""/>
  <member type="way" ref="1246419731" role=""/>
  <member type="way" ref="1246419491" role=""/>
  <member type="way" ref="1246419490" role=""/>
  <member type="way" ref="1115957840" role=""/>
  <member type="way" ref="1282130793" role=""/>
  <member type="way" ref="1245179881" role=""/>
  <member type="way" ref="1328732541" role=""/>
  <member type="way" ref="1328732541" role=""/>
  <member type="way" ref="1245179881" role=""/>
  <member type="way" ref="1282130793" role=""/>
  <member type="way" ref="1246419492" role=""/>
  <member type="way" ref="1245179882" role=""/>
  <member type="way" ref="1328732541" role=""/>
  <member type="way" ref="1328732541" role=""/>
  <member type="way" ref="1115957835" role=""/>
  <member type="way" ref="1157704734" role=""/>
  <member type="way" ref="1157704733" role=""/>
  <member type="way" ref="25888832" role=""/>
  <member type="way" ref="1115951999" role=""/>
  <member type="way" ref="1281942584" role=""/>
  <member type="way" ref="1224554073" role=""/>
  <member type="way" ref="1224554072" role=""/>
  <member type="way" ref="1115951998" role=""/>
  <member type="way" ref="1281934684" role=""/>
  <member type="way" ref="42651164" role=""/>
  <member type="way" ref="1436428752" role=""/>
  <member type="way" ref="1246413133" role=""/>
  <member type="way" ref="1245184848" role=""/>
  <member type="way" ref="1246413132" role=""/>
  <member type="way" ref="1245184847" role=""/>
  <member type="way" ref="1416060760" role=""/>
  <member type="way" ref="1416060759" role=""/>
  <member type="way" ref="1281929929" role=""/>
  <member type="way" ref="1246412777" role=""/>
  <member type="way" ref="1246411777" role=""/>
  <member type="way" ref="1420186224" role=""/>
  <member type="way" ref="1246410949" role=""/>
  <member type="way" ref="1420186222" role=""/>
  <member type="way" ref="1245184845" role=""/>
  <member type="way" ref="1245185741" role=""/>
  <member type="way" ref="1420194149" role=""/>
  <member type="way" ref="1420237541" role=""/>
  <member type="way" ref="1342395862" role=""/>
  <member type="way" ref="1342395864" role=""/>
  <member type="way" ref="1342395876" role=""/>
  <member type="way" ref="1246021742" role=""/>
  <member type="way" ref="1246021743" role=""/>
  <member type="way" ref="1246022046" role=""/>
  <member type="way" ref="1246022047" role=""/>
  <member type="way" ref="1216736733" role=""/>
  <member type="way" ref="42651161" role=""/>
  <member type="way" ref="1245191918" role=""/>
  <member type="way" ref="1245191919" role=""/>
  <member type="way" ref="1186187861" role=""/>
  <member type="way" ref="1186187857" role=""/>
  <member type="way" ref="1186187856" role=""/>
  <member type="way" ref="1328732539" role=""/>
  <member type="way" ref="1328732539" role=""/>
  <member type="way" ref="1328732539" role=""/>
  <member type="way" ref="1328732539" role=""/>
  <member type="way" ref="1115957836" role=""/>
  <member type="way" ref="1246418514" role=""/>
  <member type="way" ref="1115957837" role=""/>
  <member type="way" ref="1245179879" role=""/>
  <member type="way" ref="1245179880" role=""/>
  <member type="way" ref="1245179882" role=""/>
  <member type="way" ref="1246419492" role=""/>
  <member type="way" ref="1115957845" role=""/>
  <member type="way" ref="1115957844" role=""/>
  <member type="way" ref="1282130792" role=""/>
  <member type="way" ref="1408850614" role=""/>
  <member type="way" ref="1408850615" role=""/>
  <member type="way" ref="1115963904" role=""/>
  <member type="way" ref="1115963905" role=""/>
  <member type="way" ref="927032897" role=""/>
  <member type="way" ref="1462757632" role=""/>
  <member type="way" ref="1282174011" role=""/>
  <member type="way" ref="287836682" role=""/>
  <member type="way" ref="1396303935" role=""/>
  <member type="way" ref="1436418248" role="forward"/>
  <member type="way" ref="1436418249" role="forward"/>
  <member type="way" ref="1087467826" role="forward"/>
  <member type="way" ref="130535392" role="forward"/>
  <member type="way" ref="59990705" role="forward"/>
  <member type="way" ref="1087463988" role="forward"/>
  <member type="way" ref="60003087" role="forward"/>
  <member type="way" ref="181309327" role="forward"/>
  <member type="way" ref="1453303029" role="forward"/>
  <member type="way" ref="551599015" role="forward"/>
  <member type="way" ref="1453303030" role="forward"/>
  <member type="way" ref="87031825" role="forward"/>
  <member type="way" ref="1157704730" role=""/>
  <member type="way" ref="1157704732" role=""/>
  <member type="way" ref="1115952006" role=""/>
  <member type="way" ref="1288397606" role=""/>
  <member type="way" ref="1246414594" role=""/>
  <member type="way" ref="1246414593" role=""/>
  <member type="way" ref="1115951997" role=""/>
  <member type="way" ref="1160808183" role=""/>
  <member type="way" ref="1160808182" role=""/>
  <member type="way" ref="241618712" role=""/>
  <member type="way" ref="241618706" role=""/>
  <member type="way" ref="241618709" role=""/>
  <member type="way" ref="241618705" role=""/>
  <member type="way" ref="263190589" role=""/>
  <member type="way" ref="1501508925" role=""/>
  <member type="way" ref="1420871713" role=""/>
  <member type="way" ref="1245199516" role=""/>
  <member type="way" ref="1268594836" role=""/>
  <member type="way" ref="1524053084" role=""/>
  <member type="way" ref="1524053086" role=""/>
  <member type="way" ref="1420871712" role=""/>
  <member type="way" ref="840104638" role=""/>
  <member type="way" ref="1436450487" role=""/>
  <member type="way" ref="1436450486" role=""/>
  <member type="way" ref="1175050087" role=""/>
  <member type="way" ref="1175050087" role=""/>
  <member type="way" ref="1175050087" role=""/>
  <member type="way" ref="1186187851" role=""/>
  <member type="way" ref="1184388827" role=""/>
  <member type="way" ref="42651162" role=""/>
  <member type="way" ref="843217120" role=""/>
  <member type="way" ref="843217121" role=""/>
  <member type="way" ref="1114944480" role=""/>
  <member type="way" ref="1216738666" role=""/>
  <member type="way" ref="42651160" role=""/>
  <member type="way" ref="1246022044" role=""/>
  <member type="way" ref="1246022045" role=""/>
  <member type="way" ref="1246021747" role=""/>
  <member type="way" ref="1246021748" role=""/>
  <member type="way" ref="42651166" role=""/>
  <member type="way" ref="1420194150" role=""/>
  <member type="way" ref="206621669" role=""/>
  <member type="way" ref="1246410718" role=""/>
  <member type="way" ref="1420186223" role=""/>
  <member type="way" ref="1246410948" role=""/>
  <member type="way" ref="1420186225" role=""/>
  <member type="way" ref="1246412775" role=""/>
  <member type="way" ref="1416060757" role=""/>
  <member type="way" ref="1416060758" role=""/>
  <member type="way" ref="1416061444" role=""/>
  <member type="way" ref="1436798952" role=""/>
  <member type="way" ref="1245183273" role=""/>
  <member type="way" ref="843393840" role=""/>
  <member type="way" ref="1326091387" role=""/>
  <member type="way" ref="1413355210" role=""/>
  <member type="way" ref="1387428832" role=""/>
  <member type="way" ref="1387428830" role=""/>
  <member type="way" ref="243531894" role=""/>
  <member type="way" ref="1434033684" role=""/>
  <member type="way" ref="1434033685" role=""/>
  <member type="way" ref="1342387740" role=""/>
  <member type="way" ref="1342387739" role=""/>
  <member type="way" ref="356359714" role=""/>
  <member type="way" ref="356359713" role=""/>
  <member type="way" ref="356359715" role=""/>
  <member type="way" ref="356359716" role=""/>
  <member type="way" ref="1326091369" role=""/>
  <member type="way" ref="1229858533" role="route"/>
  <member type="way" ref="167069905" role="forward"/>
  <member type="way" ref="167069891" role="forward"/>
  <member type="way" ref="167069895" role="forward"/>
  <member type="way" ref="261740063" role="forward"/>
  <member type="way" ref="1540011149" role=""/>
  <member type="way" ref="1540011150" role=""/>
  <member type="way" ref="356359712" role=""/>
  <member type="way" ref="356359711" role=""/>
  <member type="way" ref="403127624" role=""/>
  <member type="way" ref="356358480" role=""/>
  <member type="way" ref="1239903194" role=""/>
  <member type="way" ref="1239903194" role=""/>
  <member type="way" ref="167069897" role="forward"/>
  <member type="way" ref="1239916554" role=""/>
  <member type="way" ref="1537984898" role=""/>
  <member type="way" ref="1537984899" role=""/>
  <member type="way" ref="1537984900" role=""/>
  <member type="way" ref="1537984901" role=""/>
  <member type="way" ref="1537984908" role=""/>
  <member type="way" ref="1452237685" role=""/>
  <member type="way" ref="1452237686" role=""/>
  <member type="way" ref="1114841063" role=""/>
  <member type="way" ref="184778994" role=""/>
  <member type="way" ref="481597818" role=""/>
  <member type="way" ref="481597817" role=""/>
  <member type="way" ref="184778993" role=""/>
  <member type="way" ref="167069902" role="forward"/>
  <member type="way" ref="167069898" role="forward"/>
  <member type="way" ref="167069900" role="forward"/>
  <member type="way" ref="167069889" role=""/>
  <member type="way" ref="167069899" role="forward"/>
  <member type="way" ref="1513537597" role=""/>
  <member type="way" ref="1513537598" role=""/>
  <member type="way" ref="61676829" role=""/>
  <member type="way" ref="403127622" role=""/>
  <member type="way" ref="179745235" role=""/>
  <member type="way" ref="179745236" role=""/>
  <member type="way" ref="1220992549" role=""/>
  <member type="way" ref="1377460872" role=""/>
  <member type="way" ref="179794965" role=""/>
  <member type="way" ref="179794966" role=""/>
  <member type="way" ref="366338831" role=""/>
  <member type="way" ref="1067279471" role=""/>
  <member type="way" ref="1359377455" role=""/>
  <member type="way" ref="1359377454" role=""/>
  <member type="way" ref="1359030892" role=""/>
  <member type="way" ref="1359037073" role=""/>
  <member type="way" ref="1241135443" role=""/>
  <member type="way" ref="1172897001" role=""/>
  <member type="way" ref="1359037070" role=""/>
  <member type="way" ref="1172897002" role=""/>
  <member type="way" ref="1359037071" role=""/>
  <member type="way" ref="1172896999" role=""/>
  <member type="way" ref="1172897004" role=""/>
  <member type="way" ref="1172897003" role=""/>
  <member type="way" ref="1429939099" role=""/>
  <member type="way" ref="167069884" role=""/>
  <member type="way" ref="167069896" role=""/>
  <member type="way" ref="1239916556" role=""/>
  <member type="way" ref="1359037074" role=""/>
  <member type="way" ref="1359037075" role=""/>
  <member type="way" ref="1359030891" role=""/>
  <member type="way" ref="1114841065" role=""/>
  <member type="way" ref="1359030889" role=""/>
  <member type="way" ref="1359030890" role=""/>
  <member type="way" ref="1359030888" role=""/>
  <member type="way" ref="1114841066" role=""/>
  <member type="way" ref="1359030887" role=""/>
  <member type="way" ref="1359030873" role=""/>
  <member type="way" ref="1359030872" role=""/>
  <member type="way" ref="1359030871" role=""/>
  <member type="way" ref="1359030878" role=""/>
  <member type="way" ref="1359030876" role=""/>
  <member type="way" ref="1359030877" role=""/>
  <member type="way" ref="1359030875" role=""/>
  <member type="way" ref="1359030874" role=""/>
  <member type="way" ref="1114841069" role=""/>
  <member type="way" ref="1359030880" role=""/>
  <member type="way" ref="1359030879" role=""/>
  <member type="way" ref="1359030881" role=""/>
  <member type="way" ref="1359030882" role=""/>
  <member type="way" ref="1359030884" role=""/>
  <member type="way" ref="1359030885" role=""/>
  <member type="way" ref="1114841074" role=""/>
  <member type="way" ref="1377460388" role=""/>
  <member type="way" ref="1114841075" role=""/>
  <member type="way" ref="1114841076" role=""/>
  <member type="way" ref="1114841073" role=""/>
  <member type="way" ref="1114841070" role=""/>
  <member type="way" ref="1435922501" role=""/>
  <member type="way" ref="1435922500" role=""/>
  <member type="way" ref="1377760837" role=""/>
  <member type="way" ref="1465134861" role=""/>
  <member type="way" ref="1465134862" role=""/>
  <member type="way" ref="1425770617" role=""/>
  <member type="way" ref="1425770618" role=""/>
  <member type="way" ref="1377760848" role=""/>
  <member type="way" ref="1426884310" role=""/>
  <member type="way" ref="1377968828" role=""/>
  <member type="way" ref="1377968829" role=""/>
  <member type="way" ref="1377968830" role=""/>
  <member type="way" ref="1377968833" role=""/>
  <member type="way" ref="1377968834" role=""/>
  <member type="way" ref="1377969146" role=""/>
  <member type="way" ref="1377969145" role=""/>
  <member type="way" ref="1426889103" role="forward"/>
  <member type="way" ref="207314387" role="forward"/>
  <member type="way" ref="250780820" role="forward"/>
  <member type="way" ref="250780819" role="forward"/>
  <member type="way" ref="250780818" role="forward"/>
  <member type="way" ref="353192602" role="forward"/>
  <member type="way" ref="324691988" role="forward"/>
  <member type="way" ref="324691978" role="forward"/>
  <member type="way" ref="324691983" role="forward"/>
  <member type="way" ref="324691979" role="forward"/>
  <member type="way" ref="324691990" role="forward"/>
  <member type="way" ref="211342288" role="forward"/>
  <member type="way" ref="324691989" role="forward"/>
  <member type="way" ref="324691982" role="forward"/>
  <member type="way" ref="250778192" role="forward"/>
  <member type="way" ref="31099730" role="forward"/>
  <member type="way" ref="233385537" role="forward"/>
  <member type="way" ref="233385538" role="forward"/>
  <member type="way" ref="324691987" role="forward"/>
  <member type="way" ref="233385520" role="forward"/>
  <member type="way" ref="233385535" role="forward"/>
  <member type="way" ref="1144160006" role=""/>
  <member type="way" ref="1377969139" role=""/>
  <member type="way" ref="1377969140" role=""/>
  <member type="way" ref="1144160003" role=""/>
  <member type="way" ref="1377968832" role=""/>
  <member type="way" ref="1377968831" role=""/>
  <member type="way" ref="1377968826" role=""/>
  <member type="way" ref="1377968827" role=""/>
  <member type="way" ref="54728337" role=""/>
  <member type="way" ref="1377760847" role=""/>
  <member type="way" ref="1425770620" role=""/>
  <member type="way" ref="1425770619" role=""/>
  <member type="way" ref="366338830" role=""/>
  <member type="way" ref="1465134860" role=""/>
  <member type="way" ref="1465134863" role=""/>
  <member type="way" ref="1435922499" role=""/>
  <member type="way" ref="1435922498" role=""/>
  <member type="way" ref="1114841078" role=""/>
  <member type="way" ref="366816967" role="forward"/>
  <member type="way" ref="411478403" role="forward"/>
  <member type="way" ref="411478402" role=""/>
  <member type="way" ref="1158461962" role=""/>
  <member type="way" ref="1158461970" role=""/>
  <member type="way" ref="1483449581" role=""/>
  <member type="way" ref="1158461971" role=""/>
  <member type="way" ref="1483449580" role=""/>
  <member type="way" ref="366816966" role="forward"/>
  <member type="way" ref="411478400" role=""/>
  <member type="way" ref="185567991" role=""/>
  <member type="way" ref="1369663360" role=""/>
  <member type="way" ref="367807109" role=""/>
  <member type="way" ref="375215473" role=""/>
  <member type="way" ref="375215472" role=""/>
  <member type="way" ref="1158461961" role=""/>
  <member type="way" ref="375215145" role=""/>
  <member type="way" ref="375215144" role=""/>
  <member type="way" ref="323946498" role=""/>
  <member type="way" ref="323946496" role=""/>
  <member type="way" ref="375215143" role=""/>
  <member type="way" ref="375215142" role=""/>
  <member type="way" ref="375213841" role=""/>
  <member type="way" ref="375213842" role=""/>
  <member type="way" ref="323946500" role=""/>
  <member type="way" ref="323946494" role=""/>
  <member type="way" ref="353186592" role=""/>
  <member type="way" ref="375213839" role=""/>
  <member type="way" ref="375213840" role=""/>
  <member type="way" ref="375213837" role=""/>
  <member type="way" ref="1147046448" role=""/>
  <member type="way" ref="375213838" role=""/>
  <member type="way" ref="323946497" role=""/>
  <member type="way" ref="1127334584" role=""/>
  <member type="way" ref="1127334587" role=""/>
  <member type="way" ref="1127334586" role=""/>
  <member type="way" ref="1127334585" role=""/>
  <member type="way" ref="323946495" role=""/>
  <member type="way" ref="375213262" role=""/>
  <member type="way" ref="375213260" role=""/>
  <member type="way" ref="58778341" role=""/>
  <member type="way" ref="185441509" role=""/>
  <member type="way" ref="1537995284" role=""/>
  <member type="way" ref="475735893" role=""/>
  <member type="way" ref="475735892" role=""/>
  <member type="way" ref="185441508" role=""/>
  <member type="way" ref="1537995278" role=""/>
  <member type="way" ref="541358854" role=""/>
  <member type="way" ref="541359107" role=""/>
  <member type="way" ref="1115937949" role=""/>
  <member type="way" ref="324691984" role=""/>
  <member type="way" ref="1369995099" role=""/>
  <member type="way" ref="1241858013" role=""/>
  <member type="way" ref="943595990" role=""/>
  <member type="way" ref="1238001376" role=""/>
  <member type="way" ref="942942565" role=""/>
  <member type="way" ref="413376485" role="forward"/>
  <member type="way" ref="211615055" role=""/>
  <member type="way" ref="211615053" role="forward"/>
  <member type="way" ref="211615054" role="forward"/>
  <member type="way" ref="549963606" role="forward"/>
  <member type="way" ref="549963602" role="forward"/>
  <member type="way" ref="346687684" role=""/>
  <member type="way" ref="346687792" role=""/>
  <member type="way" ref="1128260835" role=""/>
  <member type="way" ref="1128260834" role=""/>
  <member type="way" ref="1128260837" role=""/>
  <member type="way" ref="1128260836" role=""/>
  <member type="way" ref="346687793" role=""/>
  <member type="way" ref="346687794" role=""/>
  <member type="way" ref="172471470" role=""/>
  <member type="way" ref="1310919434" role=""/>
  <member type="way" ref="346687795" role=""/>
  <member type="way" ref="346687796" role=""/>
  <member type="way" ref="475235533" role=""/>
  <member type="way" ref="475235534" role=""/>
  <member type="way" ref="234739489" role=""/>
  <member type="way" ref="234739480" role=""/>
  <member type="way" ref="234739498" role=""/>
  <member type="way" ref="234739485" role=""/>
  <member type="way" ref="175042403" role=""/>
  <member type="way" ref="706061597" role=""/>
  <member type="way" ref="706061598" role=""/>
  <member type="way" ref="234739472" role=""/>
  <member type="way" ref="234739490" role=""/>
  <member type="way" ref="234739481" role=""/>
  <member type="way" ref="234739486" role=""/>
  <member type="way" ref="234739471" role=""/>
  <member type="way" ref="234739494" role=""/>
  <member type="way" ref="234739473" role=""/>
  <member type="way" ref="234739497" role=""/>
  <member type="way" ref="234739474" role=""/>
  <member type="way" ref="234739469" role=""/>
  <member type="way" ref="234739475" role=""/>
  <member type="way" ref="234739492" role=""/>
  <member type="way" ref="234739478" role=""/>
  <member type="way" ref="234739495" role=""/>
  <member type="way" ref="618536091" role=""/>
  <member type="way" ref="618536092" role=""/>
  <member type="way" ref="234739482" role=""/>
  <member type="way" ref="234739496" role=""/>
  <member type="way" ref="234739483" role=""/>
  <member type="way" ref="234739493" role=""/>
  <member type="way" ref="234739477" role=""/>
  <member type="way" ref="234739491" role=""/>
  <member type="way" ref="234739476" role=""/>
  <member type="way" ref="234739470" role=""/>
  <member type="way" ref="234739479" role=""/>
  <member type="way" ref="234739488" role=""/>
  <member type="way" ref="234739484" role=""/>
  <member type="way" ref="234681999" role=""/>
  <member type="way" ref="234681992" role=""/>
  <member type="way" ref="234681995" role=""/>
  <member type="way" ref="234681994" role=""/>
  <member type="way" ref="424056548" role=""/>
  <member type="way" ref="424056549" role=""/>
  <member type="way" ref="424056551" role=""/>
  <member type="way" ref="424056545" role=""/>
  <member type="way" ref="424056552" role=""/>
  <member type="way" ref="424056547" role=""/>
  <member type="way" ref="424056550" role=""/>
  <member type="way" ref="424056546" role=""/>
  <member type="way" ref="346689286" role=""/>
  <member type="way" ref="66907348" role=""/>
  <member type="way" ref="66907449" role=""/>
  <member type="way" ref="30152177" role=""/>
  <member type="way" ref="252604714" role=""/>
  <member type="way" ref="510177209" role=""/>
  <member type="way" ref="252604715" role=""/>
  <member type="way" ref="1128263829" role=""/>
  <member type="way" ref="1128263830" role=""/>
  <member type="way" ref="346689288" role=""/>
  <member type="way" ref="346689287" role=""/>
  <member type="way" ref="234169005" role=""/>
  <member type="way" ref="575733739" role=""/>
  <member type="way" ref="575733736" role=""/>
  <member type="way" ref="234169008" role=""/>
  <member type="way" ref="234169014" role=""/>
  <member type="way" ref="234169011" role=""/>
  <member type="way" ref="234169013" role=""/>
  <member type="way" ref="234169007" role=""/>
  <member type="way" ref="234169012" role=""/>
  <member type="way" ref="234169006" role=""/>
  <member type="way" ref="252602595" role=""/>
  <member type="way" ref="252602596" role=""/>
  <member type="way" ref="234169004" role=""/>
  <member type="way" ref="234169010" role=""/>
  <member type="way" ref="234169015" role=""/>
  <member type="way" ref="234169009" role=""/>
  <member type="way" ref="234223125" role=""/>
  <member type="way" ref="234223120" role=""/>
  <member type="way" ref="234223140" role=""/>
  <member type="way" ref="1396607435" role=""/>
  <member type="way" ref="1396607434" role=""/>
  <member type="way" ref="234223118" role=""/>
  <member type="way" ref="234223115" role=""/>
  <member type="way" ref="234223122" role=""/>
  <member type="way" ref="575733724" role=""/>
  <member type="way" ref="575733719" role=""/>
  <member type="way" ref="28554706" role=""/>
  <member type="way" ref="28554708" role=""/>
  <member type="way" ref="348839665" role=""/>
  <member type="way" ref="348839664" role=""/>
  <member type="way" ref="346690397" role=""/>
  <member type="way" ref="346690398" role=""/>
  <member type="way" ref="426558887" role=""/>
  <member type="way" ref="426558886" role=""/>
  <member type="way" ref="346690399" role=""/>
  <member type="way" ref="375914039" role=""/>
  <member type="way" ref="346690400" role=""/>
  <member type="way" ref="1310919432" role=""/>
  <member type="way" ref="1310919441" role=""/>
  <member type="way" ref="1310919433" role=""/>
  <member type="way" ref="346690401" role=""/>
  <member type="way" ref="348839663" role=""/>
  <member type="way" ref="28554631" role=""/>
  <member type="way" ref="23256748" role=""/>
  <member type="way" ref="346690405" role=""/>
  <member type="way" ref="23256836" role=""/>
  <member type="way" ref="426952705" role=""/>
  <member type="way" ref="426952710" role=""/>
  <member type="way" ref="426952707" role=""/>
  <member type="way" ref="426952706" role=""/>
  <member type="way" ref="426952704" role=""/>
  <member type="way" ref="426952711" role=""/>
  <member type="way" ref="23256835" role=""/>
  <member type="way" ref="348839662" role=""/>
  <member type="way" ref="1310919437" role=""/>
  <member type="way" ref="426952708" role=""/>
  <member type="way" ref="426952709" role=""/>
  <member type="way" ref="536815960" role=""/>
  <member type="way" ref="536815961" role=""/>
  <member type="way" ref="348839661" role=""/>
  <member type="way" ref="1310919440" role=""/>
  <member type="way" ref="348838695" role=""/>
  <member type="way" ref="23256962" role=""/>
  <member type="way" ref="348838694" role=""/>
  <member type="way" ref="348838693" role=""/>
  <member type="way" ref="234384050" role=""/>
  <member type="way" ref="234384048" role=""/>
  <member type="way" ref="28554454" role=""/>
  <member type="way" ref="234384049" role=""/>
  <member type="way" ref="234384047" role=""/>
  <member type="way" ref="348838692" role=""/>
  <member type="way" ref="252093660" role=""/>
  <member type="way" ref="388491613" role=""/>
  <member type="way" ref="176638696" role=""/>
  <member type="way" ref="176638691" role=""/>
  <member type="way" ref="176638688" role=""/>
  <member type="way" ref="176638690" role=""/>
  <member type="way" ref="348838684" role=""/>
  <member type="way" ref="348838683" role=""/>
  <member type="way" ref="348838682" role=""/>
  <member type="way" ref="475732559" role=""/>
  <member type="way" ref="475732560" role=""/>
  <member type="way" ref="28554435" role=""/>
  <member type="way" ref="121351541" role=""/>
  <member type="way" ref="121351540" role=""/>
  <member type="way" ref="201115171" role=""/>
  <member type="way" ref="201115175" role=""/>
  <member type="way" ref="252084775" role=""/>
  <member type="way" ref="252084777" role=""/>
  <member type="way" ref="252084776" role=""/>
  <member type="way" ref="252084778" role=""/>
  <member type="way" ref="252084779" role=""/>
  <member type="way" ref="252084781" role=""/>
  <member type="way" ref="252084780" role=""/>
  <member type="way" ref="28554282" role=""/>
  <member type="way" ref="218090801" role=""/>
  <member type="way" ref="218090803" role=""/>
  <member type="way" ref="348843596" role=""/>
  <member type="way" ref="348843597" role=""/>
  <member type="way" ref="348843598" role=""/>
  <member type="way" ref="430899684" role=""/>
  <member type="way" ref="348843599" role=""/>
  <member type="way" ref="348843600" role=""/>
  <member type="way" ref="1561725255" role=""/>
  <member type="way" ref="1561725254" role=""/>
  <member type="way" ref="348843601" role=""/>
  <member type="way" ref="218864018" role=""/>
  <member type="way" ref="218864019" role=""/>
  <member type="way" ref="296082318" role=""/>
  <member type="way" ref="296082317" role=""/>
  <member type="way" ref="348843602" role=""/>
  <member type="way" ref="348843603" role=""/>
  <member type="way" ref="366614709" role=""/>
  <member type="way" ref="348843604" role=""/>
  <member type="way" ref="348843605" role=""/>
  <member type="way" ref="348843606" role=""/>
  <member type="way" ref="430910399" role=""/>
  <member type="way" ref="430910400" role=""/>
  <member type="way" ref="130151060" role=""/>
  <member type="way" ref="348843608" role=""/>
  <member type="way" ref="348844265" role=""/>
  <member type="way" ref="348844266" role=""/>
  <member type="way" ref="221164836" role=""/>
  <member type="way" ref="221164835" role=""/>
  <member type="way" ref="348844267" role=""/>
  <member type="way" ref="348844268" role=""/>
  <member type="way" ref="130151078" role=""/>
  <member type="way" ref="1456338135" role=""/>
  <member type="way" ref="431029426" role=""/>
  <member type="way" ref="431029420" role=""/>
  <member type="way" ref="348844269" role=""/>
  <member type="way" ref="431029417" role=""/>
  <member type="way" ref="431029433" role=""/>
  <member type="way" ref="348844270" role=""/>
  <member type="way" ref="539824555" role=""/>
  <member type="way" ref="431114410" role=""/>
  <member type="way" ref="539824554" role=""/>
  <member type="way" ref="348844271" role=""/>
  <member type="way" ref="431114411" role=""/>
  <member type="way" ref="348844277" role=""/>
  <member type="way" ref="251436925" role=""/>
  <member type="way" ref="251436926" role=""/>
  <member type="way" ref="348844286" role=""/>
  <member type="way" ref="348844294" role=""/>
  <member type="way" ref="251436923" role=""/>
  <member type="way" ref="251436924" role=""/>
  <member type="way" ref="348844303" role=""/>
  <member type="way" ref="348844306" role=""/>
  <member type="way" ref="50379655" role=""/>
  <member type="way" ref="1312527525" role=""/>
  <member type="way" ref="1312527521" role=""/>
  <member type="way" ref="1312527524" role=""/>
  <member type="way" ref="1312527522" role=""/>
  <member type="way" ref="1312527523" role=""/>
  <member type="way" ref="27735087" role=""/>
  <member type="way" ref="348844308" role=""/>
  <member type="way" ref="348844309" role=""/>
  <member type="way" ref="348844311" role=""/>
  <member type="way" ref="348844312" role=""/>
  <member type="way" ref="176649301" role=""/>
  <member type="way" ref="176649299" role=""/>
  <member type="way" ref="176649300" role=""/>
  <member type="way" ref="348845112" role=""/>
  <member type="way" ref="38115561" role=""/>
  <member type="way" ref="1451187824" role=""/>
  <member type="way" ref="251433272" role=""/>
  <member type="way" ref="251433275" role="forward"/>
  <member type="way" ref="251433276" role="forward"/>
  <member type="way" ref="251433274" role=""/>
  <member type="way" ref="1158461974" role=""/>
  <member type="way" ref="1158461973" role=""/>
  <member type="way" ref="1158461972" role=""/>
  <member type="way" ref="251433278" role="forward"/>
  <member type="way" ref="251433277" role="forward"/>
  <member type="way" ref="28552289" role=""/>
  <member type="way" ref="28552288" role=""/>
  <member type="way" ref="251432906" role=""/>
  <member type="way" ref="251432908" role="forward"/>
  <member type="way" ref="251432909" role="forward"/>
  <member type="way" ref="251432907" role=""/>
  <member type="way" ref="251432911" role="forward"/>
  <member type="way" ref="348845113" role=""/>
  <member type="way" ref="1311001675" role=""/>
  <member type="way" ref="1311001674" role=""/>
  <member type="way" ref="1311001676" role=""/>
  <member type="way" ref="224199401" role=""/>
  <member type="way" ref="224199402" role=""/>
  <member type="way" ref="348845114" role=""/>
  <member type="way" ref="75765839" role=""/>
  <member type="way" ref="413180189" role="forward"/>
  <member type="way" ref="226037805" role="forward"/>
  <member type="way" ref="413180190" role=""/>
  <member type="way" ref="1026753655" role=""/>
  <member type="way" ref="348877933" role=""/>
  <member type="way" ref="348877934" role=""/>
  <member type="way" ref="224200804" role=""/>
  <member type="way" ref="443994659" role=""/>
  <member type="way" ref="224200803" role=""/>
  <member type="way" ref="443994658" role=""/>
  <member type="way" ref="1321696847" role=""/>
  <member type="way" ref="1321696846" role=""/>
  <member type="way" ref="348877935" role=""/>
  <member type="way" ref="1339383606" role=""/>
  <member type="way" ref="496057880" role="forward"/>
  <member type="way" ref="1075069047" role="forward"/>
  <member type="way" ref="167796194" role="forward"/>
  <member type="way" ref="167796196" role="forward"/>
  <member type="way" ref="416268233" role="forward"/>
  <member type="way" ref="167796195" role="forward"/>
  <member type="way" ref="540051251" role="forward"/>
  <member type="way" ref="70890531" role="forward"/>
  <member type="way" ref="416178961" role=""/>
  <member type="way" ref="452370895" role=""/>
  <member type="way" ref="452370896" role=""/>
  <member type="way" ref="1308499368" role=""/>
  <member type="way" ref="70904784" role=""/>
  <member type="way" ref="1360039171" role=""/>
  <member type="way" ref="1360039170" role=""/>
  <member type="way" ref="1360039169" role=""/>
  <member type="way" ref="1360039163" role=""/>
  <member type="way" ref="71032606" role=""/>
  <member type="way" ref="71032639" role=""/>
  <member type="way" ref="38129732" role=""/>
  <member type="way" ref="1321696828" role=""/>
  <member type="way" ref="401153479" role=""/>
  <member type="way" ref="1321696825" role=""/>
  <member type="way" ref="1563138600" role=""/>
  <member type="way" ref="1158461978" role=""/>
  <member type="way" ref="439545464" role=""/>
  <member type="way" ref="439545465" role=""/>
  <member type="way" ref="338349448" role=""/>
  <member type="way" ref="71071603" role=""/>
  <member type="way" ref="1327928123" role=""/>
  <member type="way" ref="71071602" role="forward"/>
  <member type="way" ref="70890534" role=""/>
  <member type="way" ref="70890523" role=""/>
  <member type="way" ref="348886758" role=""/>
  <member type="way" ref="446872275" role=""/>
  <member type="way" ref="348886757" role=""/>
  <member type="way" ref="446872277" role=""/>
  <member type="way" ref="446872278" role=""/>
  <member type="way" ref="446872276" role=""/>
  <member type="way" ref="348886756" role=""/>
  <member type="way" ref="175904758" role=""/>
  <member type="way" ref="446853513" role=""/>
  <member type="way" ref="175904748" role=""/>
  <member type="way" ref="229871041" role=""/>
  <member type="way" ref="229871040" role=""/>
  <member type="way" ref="348886755" role=""/>
  <member type="way" ref="229864795" role=""/>
  <member type="way" ref="229864794" role=""/>
  <member type="way" ref="348886754" role=""/>
  <member type="way" ref="175904751" role=""/>
  <member type="way" ref="175904750" role=""/>
  <member type="way" ref="1158461975" role=""/>
  <member type="way" ref="175904737" role=""/>
  <member type="way" ref="175904746" role=""/>
  <member type="way" ref="348886753" role=""/>
  <member type="way" ref="446644986" role=""/>
  <member type="way" ref="446644988" role=""/>
  <member type="way" ref="175904735" role=""/>
  <member type="way" ref="446644987" role=""/>
  <member type="way" ref="175904743" role=""/>
  <member type="way" ref="236930008" role=""/>
  <member type="way" ref="446380162" role=""/>
  <member type="way" ref="1388766699" role=""/>
  <member type="way" ref="1388766701" role=""/>
  <member type="way" ref="236930015" role=""/>
  <member type="way" ref="348886752" role=""/>
  <member type="way" ref="348886751" role=""/>
  <member type="way" ref="446330113" role=""/>
  <member type="way" ref="1483396868" role=""/>
  <member type="way" ref="1332134270" role=""/>
  <member type="way" ref="1026753656" role="forward"/>
  <member type="way" ref="545835746" role="forward"/>
  <member type="way" ref="1026753654" role="forward"/>
  <member type="way" ref="251432910" role="forward"/>
  <member type="way" ref="416178969" role="forward"/>
  <member type="way" ref="1524050840" role="forward"/>
  <member type="way" ref="70955741" role=""/>
  <member type="way" ref="71071598" role="forward"/>
  <member type="way" ref="732430203" role=""/>
  <member type="way" ref="71071599" role="forward"/>
  <member type="way" ref="289321034" role=""/>
  <member type="way" ref="1118017053" role=""/>
  <member type="way" ref="289321031" role=""/>
  <member type="way" ref="1118017049" role=""/>
  <member type="way" ref="1118017052" role=""/>
  <member type="way" ref="289321033" role=""/>
  <member type="way" ref="330062617" role="forward"/>
  <member type="way" ref="749712795" role="forward"/>
  <member type="way" ref="749712796" role=""/>
  <member type="way" ref="749967622" role=""/>
  <member type="way" ref="749967623" role=""/>
  <member type="way" ref="749967619" role=""/>
  <member type="way" ref="749967618" role=""/>
  <member type="way" ref="749967617" role=""/>
  <member type="way" ref="749967616" role="forward"/>
  <member type="way" ref="749967615" role="forward"/>
  <member type="way" ref="71071604" role="forward"/>
  <member type="way" ref="224649714" role="forward"/>
  <member type="way" ref="1445433181" role=""/>
  <member type="way" ref="123544100" role=""/>
  <member type="way" ref="180671140" role="forward"/>
  <member type="way" ref="180671141" role="forward"/>
  <member type="way" ref="123544101" role="forward"/>
  <member type="way" ref="123544099" role="forward"/>
  <member type="way" ref="330062611" role="forward"/>
  <member type="way" ref="190738359" role=""/>
  <member type="way" ref="330062615" role="forward"/>
  <member type="way" ref="180729229" role=""/>
  <member type="way" ref="180729231" role="forward"/>
  <member type="way" ref="749691595" role="forward"/>
  <member type="way" ref="749691596" role="forward"/>
  <member type="way" ref="318388780" role="forward"/>
  <member type="way" ref="180729236" role="forward"/>
  <member type="way" ref="1385749999" role=""/>
  <member type="way" ref="243064757" role=""/>
  <member type="way" ref="243064752" role=""/>
  <member type="way" ref="701740094" role=""/>
  <member type="way" ref="701740093" role=""/>
  <member type="way" ref="1385750002" role=""/>
  <member type="way" ref="243064755" role=""/>
  <member type="way" ref="243064756" role=""/>
  <member type="way" ref="243064759" role=""/>
  <member type="way" ref="185768569" role=""/>
  <member type="way" ref="185768570" role=""/>
  <member type="way" ref="176721889" role="forward"/>
  <member type="way" ref="318388779" role="forward"/>
  <member type="way" ref="1385750000" role=""/>
  <member type="way" ref="1385749998" role=""/>
  <member type="way" ref="1385750007" role=""/>
  <member type="way" ref="1385750006" role=""/>
  <member type="way" ref="1385750004" role=""/>
  <member type="way" ref="1385750005" role=""/>
  <member type="way" ref="171416874" role="forward"/>
  <member type="way" ref="1385792804" role=""/>
  <member type="way" ref="171416860" role=""/>
  <member type="way" ref="243064754" role=""/>
  <member type="way" ref="749662733" role=""/>
  <member type="way" ref="993251768" role=""/>
  <member type="way" ref="993251767" role=""/>
  <member type="way" ref="749662732" role=""/>
  <member type="way" ref="243064760" role=""/>
  <member type="way" ref="243064758" role=""/>
  <member type="way" ref="569196043" role=""/>
  <member type="way" ref="1234769395" role=""/>
  <member type="way" ref="1445873765" role=""/>
  <member type="way" ref="1549068171" role=""/>
  <member type="way" ref="1549068172" role=""/>
  <member type="way" ref="1551292527" role=""/>
  <member type="way" ref="243064748" role=""/>
  <member type="way" ref="749662734" role=""/>
  <member type="way" ref="749662735" role=""/>
  <member type="way" ref="749370955" role="forward"/>
  <member type="way" ref="577952805" role="forward"/>
  <member type="way" ref="243064761" role="forward"/>
  <member type="way" ref="749370956" role=""/>
  <member type="way" ref="894860748" role=""/>
  <member type="way" ref="894860747" role=""/>
  <member type="way" ref="749370957" role="forward"/>
  <member type="way" ref="243064762" role="forward"/>
  <member type="way" ref="249753127" role=""/>
  <member type="way" ref="396121436" role=""/>
  <member type="way" ref="396121439" role=""/>
  <member type="way" ref="241883869" role=""/>
  <member type="way" ref="171731821" role="forward"/>
  <member type="way" ref="171416867" role=""/>
  <member type="way" ref="171416875" role="forward"/>
  <member type="way" ref="174447254" role="forward"/>
  <member type="way" ref="749370971" role=""/>
  <member type="way" ref="749370960" role=""/>
  <member type="way" ref="749370963" role=""/>
  <member type="way" ref="749370962" role=""/>
  <member type="way" ref="749370961" role=""/>
  <member type="way" ref="749370958" role=""/>
  <member type="way" ref="749370959" role="forward"/>
  <member type="way" ref="1551292525" role="forward"/>
  <member type="way" ref="1551292526" role="forward"/>
  <member type="way" ref="176721888" role="forward"/>
  <member type="way" ref="171731813" role="forward"/>
  <member type="way" ref="174447256" role=""/>
  <member type="way" ref="184120348" role=""/>
  <member type="way" ref="184120352" role=""/>
  <member type="way" ref="171731817" role=""/>
  <member type="way" ref="330202547" role="forward"/>
  <member type="way" ref="1262222704" role="forward"/>
  <member type="way" ref="1262222703" role="forward"/>
  <member type="way" ref="171731820" role="forward"/>
  <member type="way" ref="1382004526" role=""/>
  <member type="way" ref="1382004525" role=""/>
  <member type="way" ref="1382004522" role=""/>
  <member type="way" ref="244253317" role="forward"/>
  <member type="way" ref="244253318" role="forward"/>
  <member type="way" ref="244253763" role="forward"/>
  <member type="way" ref="244253765" role="forward"/>
  <member type="way" ref="244253762" role="forward"/>
  <member type="way" ref="244253761" role="forward"/>
  <member type="way" ref="244255988" role="forward"/>
  <member type="way" ref="244255989" role="forward"/>
  <member type="way" ref="244256840" role="forward"/>
  <member type="way" ref="244256985" role="forward"/>
  <member type="way" ref="244922803" role="forward"/>
  <member type="way" ref="244922798" role="forward"/>
  <member type="way" ref="244922807" role="forward"/>
  <member type="way" ref="245343429" role="forward"/>
  <member type="way" ref="244924060" role="forward"/>
  <member type="way" ref="244925015" role="forward"/>
  <member type="way" ref="244925014" role="forward"/>
  <member type="way" ref="244925012" role="forward"/>
  <member type="way" ref="244930272" role="forward"/>
  <member type="way" ref="244009200" role="forward"/>
  <member type="way" ref="244009197" role="forward"/>
  <member type="way" ref="1210119730" role="forward"/>
  <member type="way" ref="245770252" role="forward"/>
  <member type="way" ref="305500179" role="forward"/>
  <member type="way" ref="305500176" role="forward"/>
  <member type="way" ref="305500178" role=""/>
  <member type="way" ref="305500180" role="forward"/>
  <member type="way" ref="1284678566" role="forward"/>
  <member type="way" ref="755516478" role="forward"/>
  <member type="way" ref="755516479" role="forward"/>
  <member type="way" ref="755516488" role="forward"/>
  <member type="way" ref="755516487" role="forward"/>
  <member type="way" ref="305500181" role="forward"/>
  <member type="way" ref="446816616" role="forward"/>
  <member type="way" ref="246102111" role="forward"/>
  <member type="way" ref="246102116" role="forward"/>
  <member type="way" ref="755516491" role="forward"/>
  <member type="way" ref="246102110" role="forward"/>
  <member type="way" ref="246102114" role="forward"/>
  <member type="way" ref="246106033" role="forward"/>
  <member type="way" ref="246106034" role="forward"/>
  <member type="way" ref="246120062" role="forward"/>
  <member type="way" ref="246120065" role="forward"/>
  <member type="way" ref="246099242" role="forward"/>
  <member type="way" ref="246099237" role="forward"/>
  <member type="way" ref="260252482" role="forward"/>
  <member type="way" ref="260252481" role="forward"/>
  <member type="way" ref="262197193" role="forward"/>
  <member type="way" ref="262197196" role="forward"/>
  <member type="way" ref="246099229" role="forward"/>
  <member type="way" ref="246099246" role="forward"/>
  <member type="way" ref="260255443" role="forward"/>
  <member type="way" ref="260255446" role="forward"/>
  <member type="way" ref="246099234" role="forward"/>
  <member type="way" ref="246099247" role="forward"/>
  <member type="way" ref="400914350" role="forward"/>
  <member type="way" ref="400914352" role="forward"/>
  <member type="way" ref="246099251" role="forward"/>
  <member type="way" ref="262197190" role="forward"/>
  <member type="way" ref="262197194" role="forward"/>
  <member type="way" ref="262198527" role="forward"/>
  <member type="way" ref="262198530" role="forward"/>
  <member type="way" ref="246099225" role="forward"/>
  <member type="way" ref="246099245" role="forward"/>
  <member type="way" ref="246099221" role="forward"/>
  <member type="way" ref="246099248" role="forward"/>
  <member type="way" ref="246099216" role="forward"/>
  <member type="way" ref="246099233" role="forward"/>
  <member type="way" ref="246099261" role="forward"/>
  <member type="way" ref="246099231" role="forward"/>
  <member type="way" ref="246099239" role="forward"/>
  <member type="way" ref="1206392114" role="forward"/>
  <member type="way" ref="246099217" role="forward"/>
  <member type="way" ref="244248107" role="forward"/>
  <member type="way" ref="243282136" role="forward"/>
  <member type="way" ref="243282135" role="forward"/>
  <member type="way" ref="243890825" role="forward"/>
  <member type="way" ref="243890824" role="forward"/>
  <member type="way" ref="244138199" role="forward"/>
  <member type="way" ref="244138198" role="forward"/>
  <member type="way" ref="244256843" role="forward"/>
  <member type="way" ref="244256839" role="forward"/>
  <member type="way" ref="244256838" role="forward"/>
  <member type="way" ref="25210398" role="forward"/>
  <member type="way" ref="244919715" role="forward"/>
  <member type="way" ref="244919718" role="forward"/>
  <member type="way" ref="244922805" role="forward"/>
  <member type="way" ref="244922799" role="forward"/>
  <member type="way" ref="244922802" role="forward"/>
  <member type="way" ref="244019658" role="forward"/>
  <member type="way" ref="244924061" role="forward"/>
  <member type="way" ref="244021208" role="forward"/>
  <member type="way" ref="244009201" role="forward"/>
  <member type="way" ref="244009199" role="forward"/>
  <member type="way" ref="244021209" role="forward"/>
  <member type="way" ref="244009202" role="forward"/>
  <member type="way" ref="244919716" role="forward"/>
  <member type="way" ref="244919714" role="forward"/>
  <member type="way" ref="244021210" role="forward"/>
  <member type="way" ref="245770253" role="forward"/>
  <member type="way" ref="245770251" role="forward"/>
  <member type="way" ref="124163666" role="forward"/>
  <member type="way" ref="124163667" role="forward"/>
  <member type="way" ref="305500182" role="forward"/>
  <member type="way" ref="25210397" role="forward"/>
  <member type="way" ref="1284678568" role="forward"/>
  <member type="way" ref="246102113" role="forward"/>
  <member type="way" ref="124182850" role="forward"/>
  <member type="way" ref="446816617" role="forward"/>
  <member type="way" ref="124182851" role="forward"/>
  <member type="way" ref="124183315" role="forward"/>
  <member type="way" ref="124183314" role="forward"/>
  <member type="way" ref="246099257" role="forward"/>
  <member type="way" ref="246102112" role="forward"/>
  <member type="way" ref="246099211" role="forward"/>
  <member type="way" ref="246099230" role="forward"/>
  <member type="way" ref="246099241" role="forward"/>
  <member type="way" ref="246099208" role="forward"/>
  <member type="way" ref="246120064" role="forward"/>
  <member type="way" ref="246120063" role="forward"/>
  <member type="way" ref="246099227" role="forward"/>
  <member type="way" ref="246099228" role="forward"/>
  <member type="way" ref="246099254" role="forward"/>
  <member type="way" ref="260252483" role="forward"/>
  <member type="way" ref="260252484" role="forward"/>
  <member type="way" ref="262197195" role="forward"/>
  <member type="way" ref="262197192" role="forward"/>
  <member type="way" ref="246099262" role="forward"/>
  <member type="way" ref="246099243" role="forward"/>
  <member type="way" ref="246099249" role="forward"/>
  <member type="way" ref="260255448" role="forward"/>
  <member type="way" ref="260255445" role="forward"/>
  <member type="way" ref="246099256" role="forward"/>
  <member type="way" ref="246099263" role="forward"/>
  <member type="way" ref="246099222" role="forward"/>
  <member type="way" ref="246099219" role="forward"/>
  <member type="way" ref="400914349" role="forward"/>
  <member type="way" ref="400914351" role="forward"/>
  <member type="way" ref="262197189" role="forward"/>
  <member type="way" ref="262197191" role="forward"/>
  <member type="way" ref="246099252" role="forward"/>
  <member type="way" ref="246099209" role="forward"/>
  <member type="way" ref="262198529" role="forward"/>
  <member type="way" ref="262198528" role="forward"/>
  <member type="way" ref="246099259" role="forward"/>
  <member type="way" ref="246099223" role="forward"/>
  <member type="way" ref="246099213" role="forward"/>
  <member type="way" ref="246099253" role="forward"/>
  <member type="way" ref="246099212" role="forward"/>
  <member type="way" ref="246099207" role="forward"/>
  <member type="way" ref="246099236" role="forward"/>
  <member type="way" ref="246099215" role="forward"/>
  <member type="way" ref="246099214" role="forward"/>
  <member type="way" ref="246099224" role="forward"/>
  <member type="way" ref="246099218" role="forward"/>
  <member type="way" ref="246099210" role="forward"/>
  <member type="way" ref="246099235" role="forward"/>
  <member type="way" ref="246099255" role="forward"/>
  <member type="way" ref="246099220" role="forward"/>
  <member type="way" ref="246099250" role="forward"/>
  <member type="way" ref="1206392115" role="forward"/>
  <member type="way" ref="228639335" role="forward"/>
  <member type="way" ref="228639345" role="forward"/>
  <member type="way" ref="246099232" role="forward"/>
  <member type="way" ref="256668362" role="forward"/>
  <member type="way" ref="256668386" role="forward"/>
  <member type="way" ref="1476142571" role="forward"/>
  <member type="way" ref="256668363" role="forward"/>
  <member type="way" ref="256668368" role="forward"/>
  <member type="way" ref="246099267" role="forward"/>
  <member type="way" ref="246099268" role="forward"/>
  <member type="way" ref="231344903" role="forward"/>
  <member type="way" ref="234745303" role="forward"/>
  <member type="way" ref="234745301" role="forward"/>
  <member type="way" ref="234749386" role="forward"/>
  <member type="way" ref="1225310980" role="forward"/>
  <member type="way" ref="1225310984" role="forward"/>
  <member type="way" ref="1225310986" role="forward"/>
  <member type="way" ref="1225310993" role="forward"/>
  <member type="way" ref="1225310994" role="forward"/>
  <member type="way" ref="1225310995" role="forward"/>
  <member type="way" ref="1225311000" role="forward"/>
  <member type="way" ref="234749395" role="forward"/>
  <member type="way" ref="234749394" role="forward"/>
  <member type="way" ref="234745300" role="forward"/>
  <member type="way" ref="1213407121" role="forward"/>
  <member type="way" ref="1213407128" role="forward"/>
  <member type="way" ref="1213407131" role="forward"/>
  <member type="way" ref="1213407132" role="forward"/>
  <member type="way" ref="234749396" role="forward"/>
  <member type="way" ref="204091799" role="forward"/>
  <member type="way" ref="1212611403" role="forward"/>
  <member type="way" ref="204091800" role="forward"/>
  <member type="way" ref="204082804" role="forward"/>
  <member type="way" ref="1212611416" role="forward"/>
  <member type="way" ref="1212611419" role="forward"/>
  <member type="way" ref="1212611421" role="forward"/>
  <member type="way" ref="1212611424" role="forward"/>
  <member type="way" ref="863425592" role="forward"/>
  <member type="way" ref="1210613958" role="forward"/>
  <member type="way" ref="1210133647" role="forward"/>
  <member type="way" ref="1210133651" role="forward"/>
  <member type="way" ref="863425593" role="forward"/>
  <member type="way" ref="1210133654" role="forward"/>
  <member type="way" ref="22803035" role="forward"/>
  <member type="way" ref="1210133671" role="forward"/>
  <member type="way" ref="1210133672" role="forward"/>
  <member type="way" ref="1210133677" role="forward"/>
  <member type="way" ref="1210133678" role="forward"/>
  <member type="way" ref="1210133680" role="forward"/>
  <member type="way" ref="1210133681" role="forward"/>
  <member type="way" ref="22803036" role="forward"/>
  <member type="way" ref="100784003" role="forward"/>
  <member type="way" ref="100784010" role="forward"/>
  <member type="way" ref="100784006" role="forward"/>
  <member type="way" ref="100784012" role="forward"/>
  <member type="way" ref="1209532621" role="forward"/>
  <member type="way" ref="1209532635" role="forward"/>
  <member type="way" ref="100784004" role="forward"/>
  <member type="way" ref="100784000" role="forward"/>
  <member type="way" ref="190556431" role="forward"/>
  <member type="way" ref="22814575" role="forward"/>
  <member type="way" ref="1209532665" role="forward"/>
  <member type="way" ref="1208105457" role="forward"/>
  <member type="way" ref="1208105480" role="forward"/>
  <member type="way" ref="1208105460" role="forward"/>
  <member type="way" ref="1208105462" role="forward"/>
  <member type="way" ref="1208105464" role="forward"/>
  <member type="way" ref="330215745" role="forward"/>
  <member type="way" ref="1501340262" role="forward"/>
  <member type="way" ref="1501340263" role="forward"/>
  <member type="way" ref="83673474" role="forward"/>
  <member type="way" ref="397559539" role="forward"/>
  <member type="way" ref="1046562077" role="forward"/>
  <member type="way" ref="1046562073" role="forward"/>
  <member type="way" ref="338737845" role="forward"/>
  <member type="way" ref="338732763" role="forward"/>
  <member type="way" ref="1561398263" role="forward"/>
  <member type="way" ref="1532280463" role="forward"/>
  <member type="way" ref="1487267614" role="forward"/>
  <member type="way" ref="1487267615" role="forward"/>
  <member type="way" ref="206359235" role="forward"/>
  <member type="way" ref="206359237" role="forward"/>
  <member type="way" ref="22804613" role="forward"/>
  <member type="way" ref="30168676" role="forward"/>
  <member type="way" ref="158497581" role="forward"/>
  <member type="way" ref="314677818" role="forward"/>
  <member type="way" ref="314677821" role="forward"/>
  <member type="way" ref="314679969" role="forward"/>
  <member type="way" ref="314679966" role="forward"/>
  <member type="way" ref="1022238480" role="forward"/>
  <member type="way" ref="1022238481" role="forward"/>
  <member type="way" ref="314679973" role="forward"/>
  <member type="way" ref="314679968" role="forward"/>
  <member type="way" ref="314679972" role="forward"/>
  <member type="way" ref="669005192" role="forward"/>
  <member type="way" ref="413180181" role="forward"/>
  <member type="way" ref="30168681" role="forward"/>
  <member type="way" ref="112631890" role="forward"/>
  <member type="way" ref="1545153491" role="forward"/>
  <member type="way" ref="413180188" role="forward"/>
  <member type="way" ref="1545168272" role=""/>
  <member type="way" ref="1545168274" role=""/>
  <member type="way" ref="206361163" role=""/>
  <member type="way" ref="206361145" role=""/>
  <member type="way" ref="1545168276" role=""/>
  <member type="way" ref="1545168279" role=""/>
  <member type="way" ref="30166435" role=""/>
  <member type="way" ref="1414827539" role=""/>
  <member type="way" ref="1414827538" role=""/>
  <member type="way" ref="1414827537" role=""/>
  <member type="way" ref="1414827534" role=""/>
  <member type="way" ref="30166429" role=""/>
  <member type="way" ref="758654218" role=""/>
  <member type="way" ref="258598674" role="forward"/>
  <member type="way" ref="258598676" role="forward"/>
  <member type="way" ref="246099258" role="forward"/>
  <member type="way" ref="330215746" role="forward"/>
  <member type="way" ref="256668367" role="forward"/>
  <member type="way" ref="256668364" role="forward"/>
  <member type="way" ref="256668366" role="forward"/>
  <member type="way" ref="234745305" role="forward"/>
  <member type="way" ref="1225310945" role="forward"/>
  <member type="way" ref="1225310943" role="forward"/>
  <member type="way" ref="1225310941" role="forward"/>
  <member type="way" ref="1225310940" role="forward"/>
  <member type="way" ref="1225310939" role="forward"/>
  <member type="way" ref="234745304" role="forward"/>
  <member type="way" ref="1225310931" role="forward"/>
  <member type="way" ref="234749387" role="forward"/>
  <member type="way" ref="234749389" role="forward"/>
  <member type="way" ref="234749397" role="forward"/>
  <member type="way" ref="22803198" role="forward"/>
  <member type="way" ref="1213407117" role="forward"/>
  <member type="way" ref="234749384" role="forward"/>
  <member type="way" ref="234749383" role="forward"/>
  <member type="way" ref="1212611402" role="forward"/>
  <member type="way" ref="204091797" role="forward"/>
  <member type="way" ref="1212611405" role="backward"/>
  <member type="way" ref="204091798" role="backward"/>
  <member type="way" ref="204082802" role="backward"/>
  <member type="way" ref="204082803" role="backward"/>
  <member type="way" ref="1210133639" role="backward"/>
  <member type="way" ref="1210133636" role="backward"/>
  <member type="way" ref="863425594" role="backward"/>
  <member type="way" ref="1210133634" role="backward"/>
  <member type="way" ref="1210133635" role="backward"/>
  <member type="way" ref="22803032" role="backward"/>
  <member type="way" ref="22804102" role="forward"/>
  <member type="way" ref="100784001" role="forward"/>
  <member type="way" ref="100784013" role="forward"/>
  <member type="way" ref="100784007" role="forward"/>
  <member type="way" ref="1209532623" role="forward"/>
  <member type="way" ref="1209532597" role="forward"/>
  <member type="way" ref="1209532596" role="forward"/>
  <member type="way" ref="1209532634" role="forward"/>
  <member type="way" ref="1209532628" role="forward"/>
  <member type="way" ref="100784011" role="forward"/>
  <member type="way" ref="1209532627" role="forward"/>
  <member type="way" ref="100784005" role="forward"/>
  <member type="way" ref="190556428" role="forward"/>
  <member type="way" ref="1209532663" role="forward"/>
  <member type="way" ref="1208105442" role="forward"/>
  <member type="way" ref="1208105444" role="forward"/>
  <member type="way" ref="1208105437" role="forward"/>
  <member type="way" ref="1208105436" role="forward"/>
  <member type="way" ref="1208105435" role="forward"/>
  <member type="way" ref="1208105430" role="forward"/>
  <member type="way" ref="1208105428" role="forward"/>
  <member type="way" ref="1208105427" role="forward"/>
  <member type="way" ref="1501340261" role="forward"/>
  <member type="way" ref="1501340260" role="forward"/>
  <member type="way" ref="1046577937" role="forward"/>
  <member type="way" ref="1207765950" role="forward"/>
  <member type="way" ref="1207765951" role="forward"/>
  <member type="way" ref="391636843" role="forward"/>
  <member type="way" ref="83673452" role="forward"/>
  <member type="way" ref="171232138" role="forward"/>
  <member type="way" ref="83608754" role="forward"/>
  <member type="way" ref="391745305" role="forward"/>
  <member type="way" ref="397559777" role="forward"/>
  <member type="way" ref="607458777" role="forward"/>
  <member type="way" ref="391185542" role="forward"/>
  <member type="way" ref="1046562079" role="forward"/>
  <member type="way" ref="1500211023" role="forward"/>
  <member type="way" ref="1046562078" role="forward"/>
  <member type="way" ref="1046562065" role="forward"/>
  <member type="way" ref="391185534" role="forward"/>
  <member type="way" ref="338740559" role="forward"/>
  <member type="way" ref="338737849" role="forward"/>
  <member type="way" ref="391185526" role="forward"/>
  <member type="way" ref="1487267619" role="forward"/>
  <member type="way" ref="1487267617" role="forward"/>
  <member type="way" ref="330215731" role="forward"/>
  <member type="way" ref="206359236" role="forward"/>
  <member type="way" ref="662834430" role="forward"/>
  <member type="way" ref="314677822" role="forward"/>
  <member type="way" ref="314677819" role="forward"/>
  <member type="way" ref="314679965" role="forward"/>
  <member type="way" ref="314679970" role="forward"/>
  <member type="way" ref="314679964" role="forward"/>
  <member type="way" ref="1022238478" role="forward"/>
  <member type="way" ref="1022238479" role="forward"/>
  <member type="way" ref="314679974" role="forward"/>
  <member type="way" ref="314679967" role="forward"/>
  <member type="way" ref="314679971" role="forward"/>
  <member type="way" ref="312731210" role="forward"/>
  <member type="way" ref="30168682" role="forward"/>
  <member type="way" ref="312731212" role="forward"/>
  <member type="way" ref="312731211" role="forward"/>
  <member type="way" ref="697698176" role="forward"/>
  <member type="way" ref="697698179" role="forward"/>
  <member type="way" ref="1093420289" role="forward"/>
  <member type="way" ref="697698178" role="forward"/>
  <member type="way" ref="1093420286" role="forward"/>
  <member type="way" ref="50366405" role=""/>
  <member type="way" ref="1384277325" role=""/>
  <member type="way" ref="232828328" role="forward"/>
  <member type="way" ref="1545577480" role="forward"/>
  <member type="way" ref="497198341" role="forward"/>
  <member type="way" ref="192542148" role=""/>
  <member type="way" ref="1510468420" role=""/>
  <member type="way" ref="1510468419" role=""/>
  <member type="way" ref="1510468428" role=""/>
  <member type="way" ref="22884102" role="forward"/>
  <member type="way" ref="22884103" role="forward"/>
  <member type="way" ref="351855045" role="forward"/>
  <member type="way" ref="1292890542" role="forward"/>
  <member type="way" ref="495109785" role="forward"/>
  <member type="way" ref="495109782" role="forward"/>
  <member type="way" ref="806269701" role="forward"/>
  <member type="way" ref="391239861" role="forward"/>
  <member type="way" ref="1255169737" role="forward"/>
  <member type="way" ref="32663351" role=""/>
  <member type="way" ref="1050909547" role=""/>
  <member type="way" ref="1050909548" role=""/>
  <member type="way" ref="1050909549" role=""/>
  <member type="way" ref="1061260125" role=""/>
  <member type="way" ref="1050909550" role=""/>
  <member type="way" ref="1255169730" role=""/>
  <member type="way" ref="1050909552" role=""/>
  <member type="way" ref="1109911810" role=""/>
  <member type="way" ref="1109911811" role=""/>
  <member type="way" ref="1255169726" role=""/>
  <member type="way" ref="1255169723" role=""/>
  <member type="way" ref="1109911812" role=""/>
  <member type="way" ref="857178717" role=""/>
  <member type="way" ref="743584708" role=""/>
  <member type="way" ref="743584706" role=""/>
  <member type="way" ref="494127086" role=""/>
  <member type="way" ref="770579652" role=""/>
  <member type="way" ref="77340468" role=""/>
  <member type="way" ref="800293517" role=""/>
  <member type="way" ref="981499113" role=""/>
  <member type="way" ref="1255169752" role=""/>
  <member type="way" ref="415845781" role=""/>
  <member type="way" ref="1255169749" role=""/>
  <member type="way" ref="988204822" role=""/>
  <member type="way" ref="1056545850" role=""/>
  <member type="way" ref="840132050" role=""/>
  <member type="way" ref="1056545849" role=""/>
  <member type="way" ref="1030587588" role=""/>
  <member type="way" ref="1030587589" role=""/>
  <member type="way" ref="1020816075" role=""/>
  <member type="way" ref="1030587590" role=""/>
  <member type="way" ref="1030587591" role=""/>
  <member type="way" ref="842069017" role=""/>
  <member type="way" ref="984563382" role=""/>
  <member type="way" ref="415845784" role="forward"/>
  <member type="way" ref="192544693" role=""/>
  <member type="way" ref="243973236" role=""/>
  <member type="way" ref="243973235" role=""/>
  <member type="way" ref="192544690" role=""/>
  <member type="way" ref="192544691" role=""/>
  <member type="way" ref="192542150" role="forward"/>
  <member type="way" ref="497198340" role="forward"/>
  <member type="way" ref="537060114" role="forward"/>
  <member type="way" ref="537060115" role="forward"/>
  <member type="way" ref="1255169736" role="forward"/>
  <member type="way" ref="495109775" role="forward"/>
  <member type="way" ref="806269700" role="forward"/>
  <member type="way" ref="1292890544" role="forward"/>
  <member type="way" ref="494570512" role="forward"/>
  <member type="way" ref="1510468421" role="forward"/>
  <member type="way" ref="494570511" role="forward"/>
  <member type="way" ref="192542137" role="forward"/>
  <member type="way" ref="406808191" role=""/>
  <member type="way" ref="872000516" role=""/>
  <member type="way" ref="731073755" role=""/>
  <member type="way" ref="229167467" role=""/>
  <member type="way" ref="692280598" role=""/>
  <member type="way" ref="692280597" role=""/>
  <member type="way" ref="229167449" role=""/>
  <member type="way" ref="23093439" role=""/>
  <member type="way" ref="23093175" role=""/>
  <member type="way" ref="23093179" role=""/>
  <member type="way" ref="1510538971" role=""/>
  <member type="way" ref="225260191" role="forward"/>
  <member type="way" ref="28529912" role=""/>
  <member type="way" ref="1413345946" role=""/>
  <member type="way" ref="23093494" role=""/>
  <member type="way" ref="375378766" role=""/>
  <member type="way" ref="1442304508" role=""/>
  <member type="way" ref="204403345" role=""/>
  <member type="way" ref="866002140" role=""/>
  <member type="way" ref="204403348" role=""/>
  <member type="way" ref="709818513" role=""/>
  <member type="way" ref="406809344" role=""/>
  <member type="way" ref="866002141" role=""/>
  <member type="way" ref="204403352" role=""/>
  <member type="way" ref="204403347" role=""/>
  <member type="way" ref="244163227" role=""/>
  <member type="way" ref="244163213" role=""/>
  <member type="way" ref="1510538966" role=""/>
  <member type="way" ref="1510538969" role=""/>
  <member type="way" ref="1510538965" role=""/>
  <member type="way" ref="225260176" role=""/>
  <member type="way" ref="225260200" role="forward"/>
  <member type="way" ref="241853360" role="forward"/>
  <member type="way" ref="230856063" role=""/>
  <member type="way" ref="23092840" role=""/>
  <member type="way" ref="32689148" role=""/>
  <member type="way" ref="230856057" role=""/>
  <member type="way" ref="413180205" role="forward"/>
  <member type="way" ref="230856058" role="forward"/>
  <member type="way" ref="230856056" role=""/>
  <member type="way" ref="230856059" role="forward"/>
  <member type="way" ref="413180187" role="forward"/>
  <member type="way" ref="241721528" role=""/>
  <member type="way" ref="241721527" role=""/>
  <member type="way" ref="1050449068" role=""/>
  <member type="way" ref="1050449067" role=""/>
  <member type="way" ref="241853350" role=""/>
  <member type="way" ref="241853352" role=""/>
  <member type="way" ref="241853353" role=""/>
  <member type="way" ref="241853351" role=""/>
  <member type="way" ref="1413345945" role=""/>
  <member type="way" ref="28530013" role=""/>
  <member type="way" ref="1413345956" role=""/>
  <member type="way" ref="1413345955" role=""/>
  <member type="way" ref="1010361907" role=""/>
  <member type="way" ref="1010361906" role=""/>
  <member type="way" ref="1010361905" role=""/>
  <member type="way" ref="1010361904" role=""/>
  <member type="way" ref="32695421" role=""/>
  <member type="way" ref="728856010" role=""/>
  <member type="way" ref="728856009" role=""/>
  <member type="way" ref="28529386" role=""/>
  <member type="way" ref="221855562" role=""/>
  <member type="way" ref="28529456" role=""/>
  <member type="way" ref="28529455" role=""/>
  <member type="way" ref="218596635" role=""/>
  <member type="way" ref="218596637" role="forward"/>
  <member type="way" ref="413180186" role="forward"/>
  <member type="way" ref="218596634" role=""/>
  <member type="way" ref="28529385" role="forward"/>
  <member type="way" ref="1031408921" role=""/>
  <member type="way" ref="184734172" role=""/>
  <member type="way" ref="175585114" role=""/>
  <member type="way" ref="184734161" role=""/>
  <member type="way" ref="1029385163" role=""/>
  <member type="way" ref="1029385164" role=""/>
  <member type="way" ref="184728299" role=""/>
  <member type="way" ref="184728300" role=""/>
  <member type="way" ref="726139844" role=""/>
  <member type="way" ref="184723941" role=""/>
  <member type="way" ref="1079526766" role=""/>
  <member type="way" ref="50329508" role=""/>
  <member type="way" ref="192632888" role=""/>
  <member type="way" ref="358600263" role=""/>
  <member type="way" ref="358600261" role=""/>
  <member type="way" ref="192632883" role=""/>
  <member type="way" ref="296761293" role=""/>
  <member type="way" ref="296761296" role=""/>
  <member type="way" ref="32695629" role=""/>
  <member type="way" ref="791955627" role=""/>
  <member type="way" ref="791955626" role=""/>
  <member type="way" ref="1467518000" role=""/>
  <member type="way" ref="1467518001" role=""/>
  <member type="way" ref="1467518002" role=""/>
  <member type="way" ref="1467518003" role=""/>
  <member type="way" ref="791955625" role=""/>
  <member type="way" ref="1467518004" role=""/>
  <member type="way" ref="791955624" role=""/>
  <member type="way" ref="791955623" role=""/>
  <member type="way" ref="791955622" role=""/>
  <member type="way" ref="791955621" role=""/>
  <member type="way" ref="791955620" role=""/>
  <member type="way" ref="791955619" role=""/>
  <member type="way" ref="791955618" role=""/>
  <member type="way" ref="791955617" role=""/>
  <member type="way" ref="791955616" role=""/>
  <member type="way" ref="791955615" role=""/>
  <member type="way" ref="791955614" role=""/>
  <member type="way" ref="791955613" role=""/>
  <member type="way" ref="791955612" role=""/>
  <member type="way" ref="791955609" role=""/>
  <member type="way" ref="791955608" role=""/>
  <member type="way" ref="791955606" role=""/>
  <member type="way" ref="791955605" role=""/>
  <member type="way" ref="50329509" role=""/>
  <member type="way" ref="222217006" role=""/>
  <member type="way" ref="222217007" role=""/>
  <member type="way" ref="296761295" role=""/>
  <member type="way" ref="296761291" role=""/>
  <member type="way" ref="591225429" role=""/>
  <member type="way" ref="591225426" role=""/>
  <member type="way" ref="591225431" role=""/>
  <member type="way" ref="591225434" role=""/>
  <member type="way" ref="591225440" role=""/>
  <member type="way" ref="591225437" role=""/>
  <member type="way" ref="222217005" role=""/>
  <member type="way" ref="222217008" role=""/>
  <member type="way" ref="591231967" role=""/>
  <member type="way" ref="791955604" role=""/>
  <member type="way" ref="791955603" role=""/>
  <member type="way" ref="791955602" role=""/>
  <member type="way" ref="791955601" role=""/>
  <member type="way" ref="791955600" role=""/>
  <member type="way" ref="791955599" role=""/>
  <member type="way" ref="791955598" role=""/>
  <member type="way" ref="791955597" role=""/>
  <member type="way" ref="791955596" role=""/>
  <member type="way" ref="791955595" role=""/>
  <member type="way" ref="1014178950" role=""/>
  <member type="way" ref="1014178951" role=""/>
  <member type="way" ref="591231962" role=""/>
  <member type="way" ref="941905174" role=""/>
  <member type="way" ref="941905173" role=""/>
  <member type="way" ref="217578122" role=""/>
  <member type="way" ref="217578126" role=""/>
  <member type="way" ref="943991311" role=""/>
  <member type="way" ref="943991310" role=""/>
  <member type="way" ref="1451609476" role=""/>
  <member type="way" ref="217578116" role=""/>
  <member type="way" ref="1451609477" role=""/>
  <member type="way" ref="906946513" role=""/>
  <member type="way" ref="906946514" role=""/>
  <member type="way" ref="217578115" role=""/>
  <member type="way" ref="906948833" role=""/>
  <member type="way" ref="906948832" role=""/>
  <member type="way" ref="217578120" role=""/>
  <member type="way" ref="217578124" role=""/>
  <member type="way" ref="217578119" role=""/>
  <member type="way" ref="217578114" role=""/>
  <member type="way" ref="217578117" role=""/>
  <member type="way" ref="23344927" role=""/>
  <member type="way" ref="217578121" role=""/>
  <member type="way" ref="23345503" role=""/>
  <member type="way" ref="587933450" role=""/>
  <member type="way" ref="587933449" role=""/>
  <member type="way" ref="217578118" role=""/>
  <member type="way" ref="217578125" role=""/>
  <member type="way" ref="597503034" role=""/>
  <member type="way" ref="597503035" role=""/>
  <member type="way" ref="597503036" role="forward"/>
  <member type="way" ref="597503038" role="forward"/>
  <member type="way" ref="597503037" role=""/>
  <member type="way" ref="23345213" role=""/>
  <member type="way" ref="23345214" role=""/>
  <member type="way" ref="415631775" role=""/>
  <member type="way" ref="415631774" role=""/>
  <member type="way" ref="23344942" role="forward"/>
  <member type="way" ref="23344932" role="forward"/>
  <member type="way" ref="32592114" role=""/>
  <member type="way" ref="27549472" role="forward"/>
  <member type="way" ref="391636896" role="forward"/>
  <member type="way" ref="28450208" role=""/>
  <member type="way" ref="28450197" role=""/>
  <member type="way" ref="23344926" role=""/>
  <member type="way" ref="1425556602" role=""/>
  <member type="way" ref="1425556601" role=""/>
  <member type="way" ref="1425364589" role=""/>
  <member type="way" ref="1425556597" role=""/>
  <member type="way" ref="1425364601" role=""/>
  <member type="way" ref="1425364600" role=""/>
  <member type="way" ref="1425364593" role=""/>
  <member type="way" ref="529811068" role=""/>
  <member type="way" ref="871047059" role=""/>
  <member type="way" ref="661943997" role=""/>
  <member type="way" ref="1425281637" role=""/>
  <member type="way" ref="1425364590" role=""/>
  <member type="way" ref="661943994" role=""/>
  <member type="way" ref="183827481" role=""/>
  <member type="way" ref="643299334" role=""/>
  <member type="way" ref="665253519" role=""/>
  <member type="way" ref="291374059" role=""/>
  <member type="way" ref="832180613" role=""/>
  <member type="way" ref="671213668" role=""/>
  <member type="way" ref="743809582" role="forward"/>
  <member type="way" ref="1425281652" role="forward"/>
  <member type="way" ref="1425281653" role="forward"/>
  <member type="way" ref="592240471" role="forward"/>
  <member type="way" ref="23344851" role="forward"/>
  <member type="way" ref="482771335" role="forward"/>
  <member type="way" ref="1425514352" role="forward"/>
  <member type="way" ref="643297855" role="forward"/>
  <member type="way" ref="743712408" role="forward"/>
  <member type="way" ref="1425514350" role="forward"/>
  <member type="way" ref="689862303" role="forward"/>
  <member type="way" ref="1425514343" role="forward"/>
  <member type="way" ref="1425514347" role="forward"/>
  <member type="way" ref="653344367" role="forward"/>
  <member type="way" ref="686568574" role="forward"/>
  <member type="way" ref="686568573" role="forward"/>
  <member type="way" ref="366805488" role="forward"/>
  <member type="way" ref="23360404" role="forward"/>
  <member type="way" ref="23360402" role="forward"/>
  <member type="way" ref="23360393" role="forward"/>
  <member type="way" ref="1425556586" role="forward"/>
  <member type="way" ref="1425556603" role="forward"/>
  <member type="way" ref="743809584" role="forward"/>
  <member type="way" ref="1425556595" role="forward"/>
  <member type="way" ref="1425364602" role="forward"/>
  <member type="way" ref="1425364598" role="forward"/>
  <member type="way" ref="1425364595" role="forward"/>
  <member type="way" ref="1425281646" role="forward"/>
  <member type="way" ref="1425281645" role="forward"/>
  <member type="way" ref="1425281643" role="forward"/>
  <member type="way" ref="1425281641" role="forward"/>
  <member type="way" ref="1425281638" role="forward"/>
  <member type="way" ref="1425281639" role="forward"/>
  <member type="way" ref="743809585" role="forward"/>
  <member type="way" ref="1425281650" role="forward"/>
  <member type="way" ref="1425281649" role="forward"/>
  <member type="way" ref="592240468" role="forward"/>
  <member type="way" ref="665704875" role="forward"/>
  <member type="way" ref="691166699" role=""/>
  <member type="way" ref="1425514345" role=""/>
  <member type="way" ref="26394700" role=""/>
  <member type="way" ref="1425514348" role=""/>
  <member type="way" ref="26293515" role="forward"/>
  <member type="way" ref="26293474" role="forward"/>
  <member type="way" ref="686568571" role="forward"/>
  <member type="way" ref="23360387" role="forward"/>
  <member type="way" ref="23360409" role="forward"/>
  <member type="way" ref="23360411" role="forward"/>
  <member type="way" ref="23360386" role=""/>
  <member type="way" ref="23343753" role="forward"/>
  <member type="way" ref="23343714" role="forward"/>
  <member type="way" ref="686811594" role="forward"/>
  <member type="way" ref="686811588" role="forward"/>
  <member type="way" ref="744633336" role="forward"/>
  <member type="way" ref="744633335" role="forward"/>
  <member type="way" ref="391636914" role="forward"/>
  <member type="way" ref="201594633" role="forward"/>
  <member type="way" ref="201594634" role="forward"/>
  <member type="way" ref="201577988" role="forward"/>
  <member type="way" ref="201599165" role="forward"/>
  <member type="way" ref="744633333" role="forward"/>
  <member type="way" ref="686811602" role="forward"/>
  <member type="way" ref="687044287" role="forward"/>
  <member type="way" ref="687044290" role="forward"/>
  <member type="way" ref="23343609" role=""/>
  <member type="way" ref="244333698" role="forward"/>
  <member type="way" ref="23352033" role=""/>
  <member type="way" ref="201577983" role="forward"/>
  <member type="way" ref="1412659943" role="forward"/>
  <member type="way" ref="244333686" role="forward"/>
  <member type="way" ref="1008526351" role=""/>
  <member type="way" ref="23352016" role=""/>
  <member type="way" ref="1008526352" role=""/>
  <member type="way" ref="1008526350" role="forward"/>
  <member type="way" ref="1000807654" role="forward"/>
  <member type="way" ref="1000807658" role="forward"/>
  <member type="way" ref="1000807657" role="forward"/>
  <member type="way" ref="1000807655" role="forward"/>
  <member type="way" ref="1000807656" role="forward"/>
  <member type="way" ref="1008526349" role="forward"/>
  <member type="way" ref="1000807667" role="forward"/>
  <member type="way" ref="1000807668" role="forward"/>
  <member type="way" ref="1000807653" role="forward"/>
  <member type="way" ref="1000807666" role="forward"/>
  <member type="way" ref="1000807665" role="forward"/>
  <member type="way" ref="1007556163" role=""/>
  <member type="way" ref="1007556164" role=""/>
  <member type="way" ref="1000812160" role=""/>
  <member type="way" ref="1007556165" role=""/>
  <member type="way" ref="1007556166" role=""/>
  <member type="way" ref="1007536822" role=""/>
  <member type="way" ref="1007536823" role=""/>
  <member type="way" ref="1007527844" role=""/>
  <member type="way" ref="1007536820" role=""/>
  <member type="way" ref="1007536821" role=""/>
  <member type="way" ref="1007527845" role=""/>
  <member type="way" ref="1000815274" role=""/>
  <member type="way" ref="1000827368" role=""/>
  <member type="way" ref="38154021" role=""/>
  <member type="way" ref="318296769" role=""/>
  <member type="way" ref="318296734" role=""/>
  <member type="way" ref="747831081" role=""/>
  <member type="way" ref="747831080" role=""/>
  <member type="way" ref="413180194" role="forward"/>
  <member type="way" ref="23351992" role=""/>
  <member type="way" ref="520805035" role=""/>
  <member type="way" ref="586977545" role=""/>
  <member type="way" ref="32825323" role=""/>
  <member type="way" ref="1000807664" role=""/>
  <member type="way" ref="1000807663" role=""/>
  <member type="way" ref="586977546" role=""/>
  <member type="way" ref="32825619" role=""/>
  <member type="way" ref="938104708" role=""/>
  <member type="way" ref="938104707" role=""/>
  <member type="way" ref="32395511" role=""/>
  <member type="way" ref="1000807672" role=""/>
  <member type="way" ref="1007556167" role=""/>
  <member type="way" ref="1007549091" role=""/>
  <member type="way" ref="276927549" role=""/>
  <member type="way" ref="276927551" role=""/>
  <member type="way" ref="32395536" role=""/>
  <member type="way" ref="276927550" role=""/>
  <member type="way" ref="276927552" role=""/>
  <member type="way" ref="32395560" role=""/>
  <member type="way" ref="246794691" role=""/>
  <member type="way" ref="246794692" role=""/>
  <member type="way" ref="968234368" role=""/>
  <member type="way" ref="747809425" role=""/>
  <member type="way" ref="747809426" role=""/>
  <member type="way" ref="919829870" role=""/>
  <member type="way" ref="919829871" role=""/>
  <member type="way" ref="32395581" role=""/>
  <member type="way" ref="1000827369" role=""/>
  <member type="way" ref="1000827372" role="forward"/>
  <member type="way" ref="1000827373" role="forward"/>
  <member type="way" ref="413180184" role="forward"/>
  <member type="way" ref="366889077" role="forward"/>
  <member type="way" ref="1000827359" role="forward"/>
  <member type="way" ref="366889076" role="forward"/>
  <member type="way" ref="1000827358" role="forward"/>
  <member type="way" ref="1000827357" role="forward"/>
  <member type="way" ref="32621011" role=""/>
  <member type="way" ref="32621029" role=""/>
  <member type="way" ref="220737826" role=""/>
  <member type="way" ref="1560151012" role=""/>
  <member type="way" ref="1560151011" role=""/>
  <member type="way" ref="220737814" role=""/>
  <member type="way" ref="244837769" role=""/>
  <member type="way" ref="244837771" role=""/>
  <member type="way" ref="779570949" role=""/>
  <member type="way" ref="779570950" role=""/>
  <member type="way" ref="244834709" role=""/>
  <member type="way" ref="244834710" role=""/>
  <member type="way" ref="413180199" role="forward"/>
  <member type="way" ref="220737824" role="forward"/>
  <member type="way" ref="220737811" role=""/>
  <member type="way" ref="220737817" role="forward"/>
  <member type="way" ref="413180203" role="forward"/>
  <member type="way" ref="391636912" role=""/>
  <member type="way" ref="737037309" role=""/>
  <member type="way" ref="737037308" role=""/>
  <member type="way" ref="732285371" role=""/>
  <member type="way" ref="732285372" role=""/>
  <member type="way" ref="410098058" role="forward"/>
  <member type="way" ref="410098056" role="forward"/>
  <member type="way" ref="398212307" role=""/>
  <member type="way" ref="410098055" role="forward"/>
  <member type="way" ref="410098059" role="forward"/>
  <member type="way" ref="38230719" role=""/>
  <member type="way" ref="366889081" role=""/>
  <member type="way" ref="366889080" role=""/>
  <member type="way" ref="753506946" role=""/>
  <member type="way" ref="753506947" role=""/>
  <member type="way" ref="750942865" role=""/>
  <member type="way" ref="750942864" role=""/>
  <member type="way" ref="353663644" role=""/>
  <member type="way" ref="353663632" role=""/>
  <member type="way" ref="738492900" role=""/>
  <member type="way" ref="338056947" role=""/>
  <member type="way" ref="398212308" role="forward"/>
  <member type="way" ref="338056983" role="forward"/>
  <member type="way" ref="338056946" role=""/>
  <member type="way" ref="338056949" role="forward"/>
  <member type="way" ref="338056948" role="forward"/>
  <member type="way" ref="366889082" role=""/>
  <member type="way" ref="338057194" role=""/>
  <member type="way" ref="749620883" role=""/>
  <member type="way" ref="410096452" role="forward"/>
  <member type="way" ref="338057200" role="forward"/>
  <member type="way" ref="338057198" role=""/>
  <member type="way" ref="338057199" role="forward"/>
  <member type="way" ref="410096451" role="forward"/>
  <member type="way" ref="338053404" role=""/>
  <member type="way" ref="731124456" role=""/>
  <member type="way" ref="731124457" role=""/>
  <member type="way" ref="338053403" role=""/>
  <member type="way" ref="38153366" role=""/>
  <member type="way" ref="732636689" role=""/>
  <member type="way" ref="732636688" role=""/>
  <member type="way" ref="736628746" role=""/>
  <member type="way" ref="736628745" role=""/>
  <member type="way" ref="495600285" role=""/>
  <member type="way" ref="495600284" role=""/>
  <member type="way" ref="337925499" role=""/>
  <member type="way" ref="337925497" role=""/>
  <member type="way" ref="337924114" role=""/>
  <member type="way" ref="337915913" role=""/>
  <member type="way" ref="337915912" role=""/>
  <member type="way" ref="475984984" role="forward"/>
  <member type="way" ref="475984983" role="forward"/>
  <member type="way" ref="337920938" role="forward"/>
  <member type="way" ref="1408781840" role="forward"/>
  <member type="way" ref="1408781839" role="forward"/>
  <member type="way" ref="281820037" role=""/>
  <member type="way" ref="337851091" role="forward"/>
  <member type="way" ref="474728090" role="forward"/>
  <member type="way" ref="474728089" role="forward"/>
  <member type="way" ref="474723651" role="forward"/>
  <member type="way" ref="474723650" role="forward"/>
  <member type="way" ref="337851094" role="forward"/>
  <member type="way" ref="337920939" role="forward"/>
  <member type="way" ref="337924028" role=""/>
  <member type="way" ref="377275245" role=""/>
  <member type="way" ref="377275244" role=""/>
  <member type="way" ref="208161235" role=""/>
  <member type="way" ref="509486491" role=""/>
  <member type="way" ref="509486490" role=""/>
  <member type="way" ref="509483709" role=""/>
  <member type="way" ref="509483712" role=""/>
  <member type="way" ref="1272178993" role=""/>
  <member type="way" ref="1272178992" role=""/>
  <member type="way" ref="208161227" role=""/>
  <member type="way" ref="1272178990" role=""/>
  <member type="way" ref="1272178991" role=""/>
  <member type="way" ref="208161220" role=""/>
  <member type="way" ref="1272178989" role=""/>
  <member type="way" ref="1272178988" role=""/>
  <member type="way" ref="1272178987" role=""/>
  <member type="way" ref="1272178986" role=""/>
  <member type="way" ref="1272178985" role=""/>
  <member type="way" ref="1272178984" role=""/>
  <member type="way" ref="208161223" role=""/>
  <member type="way" ref="208161239" role=""/>
  <member type="way" ref="208161224" role=""/>
  <member type="way" ref="166489439" role=""/>
  <member type="way" ref="166489432" role=""/>
  <member type="way" ref="24996968" role=""/>
  <member type="way" ref="28506977" role=""/>
  <member type="way" ref="1366646217" role=""/>
  <member type="way" ref="337921652" role=""/>
  <member type="way" ref="152258599" role=""/>
  <member type="way" ref="650789884" role="forward"/>
  <member type="way" ref="555934930" role="forward"/>
  <member type="way" ref="888735551" role=""/>
  <member type="way" ref="953631773" role=""/>
  <member type="way" ref="953631772" role=""/>
  <member type="way" ref="888735550" role=""/>
  <member type="way" ref="338135911" role=""/>
  <member type="way" ref="377219213" role=""/>
  <member type="way" ref="377219207" role=""/>
  <member type="way" ref="377219212" role=""/>
  <member type="way" ref="377219208" role=""/>
  <member type="way" ref="509373299" role=""/>
  <member type="way" ref="1273804960" role=""/>
  <member type="way" ref="1273804961" role=""/>
  <member type="way" ref="377219205" role=""/>
  <member type="way" ref="28506976" role=""/>
  <member type="way" ref="1366646209" role=""/>
  <member type="way" ref="756842875" role=""/>
  <member type="way" ref="154454507" role=""/>
  <member type="way" ref="756823548" role=""/>
  <member type="way" ref="431784698" role=""/>
  <member type="way" ref="756823549" role=""/>
  <member type="way" ref="608608322" role=""/>
  <member type="way" ref="954797496" role=""/>
  <member type="way" ref="954797497" role=""/>
  <member type="way" ref="650789885" role=""/>
  <member type="way" ref="756842874" role=""/>
  <member type="way" ref="154476079" role=""/>
  <member type="way" ref="756842873" role=""/>
  <member type="way" ref="756842872" role=""/>
  <member type="way" ref="431784688" role=""/>
  <member type="way" ref="354585426" role=""/>
  <member type="way" ref="354585432" role=""/>
  <member type="way" ref="354585429" role=""/>
  <member type="way" ref="769817185" role=""/>
  <member type="way" ref="769817184" role=""/>
  <member type="way" ref="409817599" role=""/>
  <member type="way" ref="769817456" role=""/>
  <member type="way" ref="758030324" role=""/>
  <member type="way" ref="888735549" role=""/>
  <member type="way" ref="888735548" role=""/>
  <member type="way" ref="769817883" role=""/>
  <member type="way" ref="769817882" role=""/>
  <member type="way" ref="758030325" role=""/>
  <member type="way" ref="641983658" role=""/>
  <member type="way" ref="1203509289" role=""/>
  <member type="way" ref="1203509288" role=""/>
  <member type="way" ref="769818869" role=""/>
  <member type="way" ref="769818868" role=""/>
  <member type="way" ref="409817598" role=""/>
  <member type="way" ref="1264776756" role=""/>
  <member type="way" ref="1264776755" role=""/>
  <member type="way" ref="769819259" role=""/>
  <member type="way" ref="769819258" role=""/>
  <member type="way" ref="981460163" role=""/>
  <member type="way" ref="981460157" role=""/>
  <member type="way" ref="758060414" role=""/>
  <member type="way" ref="758060413" role=""/>
  <member type="way" ref="758060412" role=""/>
  <member type="way" ref="758060415" role=""/>
  <member type="way" ref="409489140" role=""/>
  <member type="way" ref="409489141" role=""/>
  <member type="way" ref="700285822" role=""/>
  <member type="way" ref="700285823" role=""/>
  <member type="way" ref="396868449" role=""/>
  <member type="way" ref="396868450" role=""/>
  <member type="way" ref="338939911" role=""/>
  <member type="way" ref="338939910" role=""/>
  <member type="way" ref="348319447" role=""/>
  <member type="way" ref="348319451" role=""/>
  <member type="way" ref="694576597" role=""/>
  <member type="way" ref="694576596" role=""/>
  <member type="way" ref="338939602" role=""/>
  <member type="way" ref="1273341396" role=""/>
  <member type="way" ref="1273341397" role=""/>
  <member type="way" ref="338939603" role=""/>
  <member type="way" ref="694576598" role=""/>
  <member type="way" ref="1337303225" role=""/>
  <member type="way" ref="694576599" role=""/>
  <member type="way" ref="864579294" role=""/>
  <member type="way" ref="864579293" role=""/>
  <member type="way" ref="864579292" role=""/>
  <member type="way" ref="864579291" role=""/>
  <member type="way" ref="758269715" role=""/>
  <member type="way" ref="758269714" role=""/>
  <member type="way" ref="758269713" role=""/>
  <member type="way" ref="758269716" role=""/>
  <member type="way" ref="1273341401" role=""/>
  <member type="way" ref="1273341400" role=""/>
  <member type="way" ref="694576600" role=""/>
  <member type="way" ref="694576601" role=""/>
  <member type="way" ref="1273341399" role=""/>
  <member type="way" ref="1273341398" role=""/>
  <member type="way" ref="154569112" role=""/>
  <member type="way" ref="864579290" role=""/>
  <member type="way" ref="431784707" role=""/>
  <member type="way" ref="1273072482" role=""/>
  <member type="way" ref="338939597" role=""/>
  <member type="way" ref="348319514" role=""/>
  <member type="way" ref="1273072480" role=""/>
  <member type="way" ref="1273072481" role=""/>
  <member type="way" ref="348319450" role=""/>
  <member type="way" ref="348319496" role=""/>
  <member type="way" ref="348319448" role=""/>
  <member type="way" ref="348319493" role=""/>
  <member type="way" ref="348319442" role=""/>
  <member type="way" ref="348319511" role=""/>
  <member type="way" ref="348319505" role=""/>
  <member type="way" ref="348319486" role=""/>
  <member type="way" ref="348319441" role=""/>
  <member type="way" ref="348319489" role=""/>
  <member type="way" ref="348319471" role=""/>
  <member type="way" ref="431784712" role=""/>
  <member type="way" ref="338938931" role=""/>
  <member type="way" ref="338938930" role=""/>
  <member type="way" ref="338938929" role=""/>
  <member type="way" ref="338938928" role=""/>
  <member type="way" ref="338938919" role=""/>
  <member type="way" ref="338938917" role=""/>
  <member type="way" ref="338938918" role=""/>
  <member type="way" ref="338938916" role=""/>
  <member type="way" ref="338938915" role=""/>
  <member type="way" ref="338937640" role=""/>
  <member type="way" ref="338937639" role=""/>
  <member type="way" ref="338937636" role=""/>
  <member type="way" ref="338937637" role=""/>
  <member type="way" ref="338937465" role=""/>
  <member type="way" ref="338937464" role=""/>
  <member type="way" ref="431784700" role=""/>
  <member type="way" ref="431784713" role=""/>
  <member type="way" ref="338937462" role=""/>
  <member type="way" ref="338937461" role=""/>
  <member type="way" ref="338936738" role=""/>
  <member type="way" ref="338936737" role=""/>
  <member type="way" ref="755113300" role=""/>
  <member type="way" ref="755113301" role=""/>
  <member type="way" ref="338936712" role=""/>
  <member type="way" ref="755113299" role=""/>
  <member type="way" ref="755113298" role=""/>
  <member type="way" ref="338936715" role=""/>
  <member type="way" ref="338936706" role=""/>
  <member type="way" ref="389193396" role=""/>
  <member type="way" ref="389193397" role=""/>
  <member type="way" ref="338936698" role=""/>
  <member type="way" ref="337785143" role=""/>
  <member type="way" ref="337785138" role=""/>
  <member type="way" ref="431784691" role="forward"/>
  <member type="way" ref="706462249" role="forward"/>
  <member type="way" ref="706462252" role="forward"/>
  <member type="way" ref="431784693" role="forward"/>
  <member type="way" ref="743712404" role="forward"/>
  <member type="way" ref="706462253" role="forward"/>
  <member type="way" ref="706462247" role=""/>
  <member type="way" ref="350153780" role=""/>
  <member type="way" ref="393263720" role=""/>
  <member type="way" ref="393263719" role=""/>
  <member type="way" ref="301103996" role=""/>
  <member type="way" ref="1087085476" role=""/>
  <member type="way" ref="394632992" role=""/>
  <member type="way" ref="301103997" role=""/>
  <member type="way" ref="337787464" role=""/>
  <member type="way" ref="337787460" role=""/>
  <member type="way" ref="337787984" role=""/>
  <member type="way" ref="337787987" role=""/>
  <member type="way" ref="1087085477" role=""/>
  <member type="way" ref="1087085464" role=""/>
  <member type="way" ref="1087085467" role=""/>
  <member type="way" ref="1087244661" role=""/>
  <member type="way" ref="337835044" role=""/>
  <member type="way" ref="1087244658" role=""/>
  <member type="way" ref="1087085465" role=""/>
  <member type="way" ref="431784711" role=""/>
  <member type="way" ref="337835039" role="forward"/>
  <member type="way" ref="655287746" role="forward"/>
  <member type="way" ref="625383023" role="forward"/>
  <member type="way" ref="625383024" role="forward"/>
  <member type="way" ref="370204579" role="forward"/>
  <member type="way" ref="370204580" role="forward"/>
  <member type="way" ref="370204572" role="forward"/>
  <member type="way" ref="817856647" role="forward"/>
  <member type="way" ref="817856646" role="forward"/>
  <member type="way" ref="23855878" role="forward"/>
  <member type="way" ref="784933428" role="forward"/>
  <member type="way" ref="784933390" role="forward"/>
  <member type="way" ref="784933427" role="forward"/>
  <member type="way" ref="701666653" role="forward"/>
  <member type="way" ref="694582450" role="forward"/>
  <member type="way" ref="815884177" role="forward"/>
  <member type="way" ref="181211661" role="forward"/>
  <member type="way" ref="34046097" role=""/>
  <member type="way" ref="34046099" role="forward"/>
  <member type="way" ref="34046394" role="forward"/>
  <member type="way" ref="34046386" role="forward"/>
  <member type="way" ref="693811370" role="forward"/>
  <member type="way" ref="693811371" role=""/>
  <member type="way" ref="815884173" role="forward"/>
  <member type="way" ref="815884180" role="forward"/>
  <member type="way" ref="817856649" role="forward"/>
  <member type="way" ref="817856648" role="forward"/>
  <member type="way" ref="694582449" role="forward"/>
  <member type="way" ref="694582448" role="forward"/>
  <member type="way" ref="694582441" role="forward"/>
  <member type="way" ref="694582440" role="forward"/>
  <member type="way" ref="655287745" role="forward"/>
  <member type="way" ref="180723862" role="forward"/>
  <member type="way" ref="820174744" role="forward"/>
  <member type="way" ref="180723864" role="forward"/>
  <member type="way" ref="181211674" role="forward"/>
  <member type="way" ref="784228660" role="forward"/>
  <member type="way" ref="784228661" role="forward"/>
  <member type="way" ref="180723866" role="forward"/>
  <member type="way" ref="661839842" role="forward"/>
  <member type="way" ref="426606901" role="forward"/>
  <member type="way" ref="198597458" role="forward"/>
  <member type="way" ref="23855901" role=""/>
  <member type="way" ref="286424685" role="forward"/>
  <member type="way" ref="1182067492" role=""/>
  <member type="way" ref="1452265215" role=""/>
  <member type="way" ref="1452265214" role=""/>
  <member type="way" ref="1552478843" role=""/>
  <member type="way" ref="1552478844" role=""/>
  <member type="way" ref="1552478839" role=""/>
  <member type="way" ref="388148131" role=""/>
  <member type="way" ref="692026809" role=""/>
  <member type="way" ref="692026812" role=""/>
  <member type="way" ref="692026815" role=""/>
  <member type="way" ref="338436019" role="forward"/>
  <member type="way" ref="820174745" role="forward"/>
  <member type="way" ref="670533541" role="forward"/>
  <member type="way" ref="743712401" role="forward"/>
  <member type="way" ref="198613069" role="forward"/>
  <member type="way" ref="198613066" role="forward"/>
  <member type="way" ref="752140148" role="forward"/>
  <member type="way" ref="198613072" role="forward"/>
  <member type="way" ref="198597449" role="forward"/>
  <member type="way" ref="413376490" role="forward"/>
  <member type="way" ref="338436017" role=""/>
  <member type="way" ref="338436020" role="forward"/>
  <member type="way" ref="351959916" role="forward"/>
  <member type="way" ref="692026818" role=""/>
  <member type="way" ref="692026822" role=""/>
  <member type="way" ref="692026824" role=""/>
  <member type="way" ref="772065619" role=""/>
  <member type="way" ref="351959917" role=""/>
  <member type="way" ref="692026828" role=""/>
  <member type="way" ref="692026830" role=""/>
  <member type="way" ref="431726843" role="forward"/>
  <member type="way" ref="431726864" role=""/>
  <member type="way" ref="431726838" role="forward"/>
  <member type="way" ref="431726839" role="forward"/>
  <member type="way" ref="431726846" role=""/>
  <member type="way" ref="692026855" role=""/>
  <member type="way" ref="692026852" role=""/>
  <member type="way" ref="692026859" role=""/>
  <member type="way" ref="756132165" role=""/>
  <member type="way" ref="756132164" role=""/>
  <member type="way" ref="692026862" role=""/>
  <member type="way" ref="660647354" role=""/>
  <member type="way" ref="431726835" role="forward"/>
  <member type="way" ref="431726847" role="forward"/>
  <member type="way" ref="223805005" role="forward"/>
  <member type="way" ref="223804853" role=""/>
  <member type="way" ref="756452265" role=""/>
  <member type="way" ref="756434975" role=""/>
  <member type="way" ref="431726862" role="forward"/>
  <member type="way" ref="223803705" role=""/>
  <member type="way" ref="431726865" role="forward"/>
  <member type="way" ref="413376482" role=""/>
  <member type="way" ref="388612177" role="forward"/>
  <member type="way" ref="388612177" role=""/>
  <member type="way" ref="707132372" role=""/>
  <member type="way" ref="28157856" role=""/>
  <member type="way" ref="429213896" role=""/>
  <member type="way" ref="429213897" role="forward"/>
  <member type="way" ref="429213898" role="forward"/>
  <member type="way" ref="604850729" role=""/>
  <member type="way" ref="28157855" role=""/>
  <member type="way" ref="431100678" role=""/>
  <member type="way" ref="431100680" role=""/>
  <member type="way" ref="431100679" role=""/>
  <member type="way" ref="431100675" role=""/>
  <member type="way" ref="339998131" role=""/>
  <member type="way" ref="692051933" role=""/>
  <member type="way" ref="692051932" role=""/>
  <member type="way" ref="692051931" role=""/>
  <member type="way" ref="692051930" role=""/>
  <member type="way" ref="339998135" role=""/>
  <member type="way" ref="347904120" role=""/>
  <member type="way" ref="756107344" role=""/>
  <member type="way" ref="756107345" role=""/>
  <member type="way" ref="756107342" role=""/>
  <member type="way" ref="756107343" role=""/>
  <member type="way" ref="431284331" role=""/>
  <member type="way" ref="342609943" role=""/>
  <member type="way" ref="754447071" role=""/>
  <member type="way" ref="754447069" role=""/>
  <member type="way" ref="754447068" role=""/>
  <member type="way" ref="754455890" role=""/>
  <member type="way" ref="754455889" role=""/>
  <member type="way" ref="754474642" role=""/>
  <member type="way" ref="754474641" role=""/>
  <member type="way" ref="666625597" role=""/>
  <member type="way" ref="756124803" role=""/>
  <member type="way" ref="756124804" role=""/>
  <member type="way" ref="756124805" role=""/>
  <member type="way" ref="756124806" role=""/>
  <member type="way" ref="756124807" role=""/>
  <member type="way" ref="756124808" role=""/>
  <member type="way" ref="756124809" role=""/>
  <member type="way" ref="756124810" role=""/>
  <member type="way" ref="756124811" role=""/>
  <member type="way" ref="756124812" role=""/>
  <member type="way" ref="756124814" role=""/>
  <member type="way" ref="756124813" role=""/>
  <member type="way" ref="756146004" role=""/>
  <member type="way" ref="415826159" role=""/>
  <member type="way" ref="756146002" role=""/>
  <member type="way" ref="756146003" role=""/>
  <member type="way" ref="836425179" role=""/>
  <member type="way" ref="836425180" role=""/>
  <member type="way" ref="836425184" role=""/>
  <member type="way" ref="836425185" role=""/>
  <member type="way" ref="550801805" role=""/>
  <member type="way" ref="756171068" role=""/>
  <member type="way" ref="756171067" role=""/>
  <member type="way" ref="756171066" role=""/>
  <member type="way" ref="756171069" role=""/>
  <member type="way" ref="342609942" role=""/>
  <member type="way" ref="223806105" role="forward"/>
  <member type="way" ref="223802572" role="forward"/>
  <member type="way" ref="223804852" role="forward"/>
  <member type="way" ref="28156026" role=""/>
  <member type="way" ref="1184100770" role=""/>
  <member type="way" ref="651208593" role=""/>
  <member type="way" ref="429382933" role=""/>
  <member type="way" ref="655300164" role=""/>
  <member type="way" ref="655300165" role=""/>
  <member type="way" ref="655300163" role=""/>
  <member type="way" ref="655300162" role=""/>
  <member type="way" ref="755790035" role=""/>
  <member type="way" ref="755790034" role=""/>
  <member type="way" ref="655300161" role=""/>
  <member type="way" ref="655300160" role=""/>
  <member type="way" ref="655300159" role=""/>
  <member type="way" ref="655300156" role=""/>
  <member type="way" ref="655300155" role=""/>
  <member type="way" ref="655300154" role=""/>
  <member type="way" ref="755843712" role=""/>
  <member type="way" ref="655300153" role=""/>
  <member type="way" ref="429382935" role="forward"/>
  <member type="way" ref="429382956" role=""/>
  <member type="way" ref="429382936" role="forward"/>
  <member type="way" ref="755816130" role=""/>
  <member type="way" ref="429382934" role="forward"/>
  <member type="way" ref="429382949" role=""/>
  <member type="way" ref="429382937" role="forward"/>
  <member type="way" ref="755816129" role=""/>
  <member type="way" ref="769475725" role=""/>
  <member type="way" ref="964421312" role=""/>
  <member type="way" ref="392313390" role=""/>
  <member type="way" ref="968091944" role=""/>
  <member type="way" ref="1051381952" role=""/>
  <member type="way" ref="1051381953" role=""/>
  <member type="way" ref="964421314" role=""/>
  <member type="way" ref="395547511" role=""/>
  <member type="way" ref="395547512" role=""/>
  <member type="way" ref="753134731" role=""/>
  <member type="way" ref="1040244857" role=""/>
  <member type="way" ref="1040244856" role=""/>
  <member type="way" ref="753134730" role=""/>
  <member type="way" ref="392313397" role="forward"/>
  <member type="way" ref="392313409" role="forward"/>
  <member type="way" ref="183401406" role=""/>
  <member type="way" ref="392329350" role=""/>
  <member type="way" ref="392329351" role=""/>
  <member type="way" ref="967218279" role=""/>
  <member type="way" ref="967218278" role=""/>
  <member type="way" ref="713190815" role=""/>
  <member type="way" ref="713190816" role=""/>
  <member type="way" ref="27253927" role=""/>
  <member type="way" ref="692272671" role=""/>
  <member type="way" ref="692272670" role=""/>
  <member type="way" ref="392313392" role=""/>
  <member type="way" ref="392313393" role=""/>
  <member type="way" ref="10568970" role=""/>
  <member type="way" ref="1040217422" role=""/>
  <member type="way" ref="1302057245" role=""/>
  <member type="way" ref="1302057244" role=""/>
  <member type="way" ref="808578897" role=""/>
  <member type="way" ref="808578896" role=""/>
  <member type="way" ref="1244189637" role=""/>
  <member type="way" ref="1244189636" role=""/>
  <member type="way" ref="1260741060" role=""/>
  <member type="way" ref="713179575" role=""/>
  <member type="way" ref="1245996010" role=""/>
  <member type="way" ref="1245996011" role=""/>
  <member type="way" ref="187838764" role=""/>
  <member type="way" ref="653436563" role=""/>
  <member type="way" ref="1245996008" role=""/>
  <member type="way" ref="1245996009" role=""/>
  <member type="way" ref="713177592" role=""/>
  <member type="way" ref="59277885" role=""/>
  <member type="way" ref="183402667" role="backward"/>
  <member type="way" ref="183402669" role="backward"/>
  <member type="way" ref="183402666" role="backward"/>
  <member type="way" ref="156797426" role=""/>
  <member type="way" ref="183402668" role="backward"/>
  <member type="way" ref="1245796532" role=""/>
  <member type="way" ref="1184338707" role=""/>
  <member type="way" ref="1534698033" role=""/>
  <member type="way" ref="9933897" role=""/>
  <member type="way" ref="1245817546" role=""/>
  <member type="way" ref="1245817545" role=""/>
  <member type="way" ref="1245796563" role=""/>
  <member type="way" ref="1245796562" role=""/>
  <member type="way" ref="1245995996" role=""/>
  <member type="way" ref="1245995995" role=""/>
  <member type="way" ref="1245996001" role=""/>
  <member type="way" ref="1245996000" role=""/>
  <member type="way" ref="679840413" role=""/>
  <member type="way" ref="413376487" role="backward"/>
  <member type="way" ref="392329352" role="backward"/>
  <member type="way" ref="413376486" role="backward"/>
  <member type="way" ref="392329349" role="backward"/>
  <member type="way" ref="413376486" role="backward"/>
  <member type="way" ref="59697289" role=""/>
  <member type="way" ref="59697288" role=""/>
  <member type="way" ref="186781205" role=""/>
  <member type="way" ref="186781204" role=""/>
  <member type="way" ref="59699125" role=""/>
  <member type="way" ref="59699123" role=""/>
  <member type="way" ref="59693640" role=""/>
  <member type="way" ref="679348191" role=""/>
  <member type="way" ref="59696459" role=""/>
  <member type="way" ref="679348189" role=""/>
  <member type="way" ref="679348190" role=""/>
  <member type="way" ref="289314505" role=""/>
  <member type="way" ref="1276329757" role=""/>
  <member type="way" ref="1276410743" role=""/>
  <member type="way" ref="1276410742" role=""/>
  <member type="way" ref="1276410659" role=""/>
  <member type="way" ref="1276410658" role=""/>
  <member type="way" ref="210599175" role=""/>
  <member type="way" ref="210599173" role=""/>
  <member type="way" ref="1276330253" role=""/>
  <member type="way" ref="1276330252" role=""/>
  <member type="way" ref="23385092" role=""/>
  <member type="way" ref="1056688316" role=""/>
  <member type="way" ref="1276411548" role=""/>
  <member type="way" ref="1276412022" role=""/>
  <member type="way" ref="1276412023" role=""/>
  <member type="way" ref="1276411547" role=""/>
  <member type="way" ref="1276415225" role=""/>
  <member type="way" ref="1276415224" role=""/>
  <member type="way" ref="1276415223" role=""/>
  <member type="way" ref="1276415222" role=""/>
  <member type="way" ref="1276484494" role=""/>
  <member type="way" ref="1276484493" role=""/>
  <member type="way" ref="1276484948" role=""/>
  <member type="way" ref="1276484947" role=""/>
  <member type="way" ref="1276485254" role=""/>
  <member type="way" ref="1276485253" role=""/>
  <member type="way" ref="1276487734" role=""/>
  <member type="way" ref="1276487733" role=""/>
  <member type="way" ref="1276487730" role=""/>
  <member type="way" ref="1276487729" role=""/>
  <member type="way" ref="1276488280" role=""/>
  <member type="way" ref="1276488279" role=""/>
  <member type="way" ref="1056688315" role=""/>
  <member type="way" ref="1276490112" role=""/>
  <member type="way" ref="1276490113" role=""/>
  <member type="way" ref="1276711053" role=""/>
  <member type="way" ref="1276711052" role=""/>
  <member type="way" ref="1276711312" role=""/>
  <member type="way" ref="1276711311" role=""/>
  <member type="way" ref="1276712719" role=""/>
  <member type="way" ref="1276712718" role=""/>
  <member type="way" ref="364763048" role=""/>
  <member type="way" ref="183898235" role=""/>
  <member type="way" ref="183898234" role=""/>
  <member type="way" ref="297827435" role=""/>
  <member type="way" ref="1216090359" role=""/>
  <member type="way" ref="1216090358" role=""/>
  <member type="way" ref="1090346146" role=""/>
  <member type="way" ref="1090346145" role=""/>
  <member type="way" ref="297827436" role=""/>
  <member type="way" ref="770738963" role=""/>
  <member type="way" ref="1090346144" role=""/>
  <member type="way" ref="1090346143" role=""/>
  <member type="way" ref="770738962" role=""/>
  <member type="way" ref="297827434" role=""/>
  <member type="way" ref="297827432" role=""/>
  <member type="way" ref="297827433" role=""/>
  <member type="way" ref="1090346142" role=""/>
  <member type="way" ref="1090346141" role=""/>
  <member type="way" ref="1090346139" role=""/>
  <member type="way" ref="1090346138" role=""/>
  <member type="way" ref="1090346136" role=""/>
  <member type="way" ref="1090346135" role=""/>
  <member type="way" ref="297827431" role=""/>
  <member type="way" ref="937882264" role=""/>
  <member type="way" ref="937882262" role=""/>
  <member type="way" ref="937882263" role=""/>
  <member type="way" ref="937882261" role=""/>
  <member type="way" ref="297827430" role=""/>
  <member type="way" ref="1090346128" role=""/>
  <member type="way" ref="1090346127" role=""/>
  <member type="way" ref="1090346186" role=""/>
  <member type="way" ref="1090346173" role=""/>
  <member type="way" ref="1090346172" role=""/>
  <member type="way" ref="1090346175" role=""/>
  <member type="way" ref="1090346174" role=""/>
  <member type="way" ref="1090346185" role=""/>
  <member type="way" ref="1090346184" role=""/>
  <member type="way" ref="1090346183" role=""/>
  <member type="way" ref="1090346179" role=""/>
  <member type="way" ref="1090346178" role=""/>
  <member type="way" ref="45816957" role=""/>
  <member type="way" ref="1090346117" role=""/>
  <member type="way" ref="1090346116" role=""/>
  <member type="way" ref="1278728960" role=""/>
  <member type="way" ref="1278728959" role=""/>
  <member type="way" ref="239780885" role=""/>
  <member type="way" ref="239780886" role=""/>
  <member type="way" ref="1278726276" role=""/>
  <member type="way" ref="1278726275" role=""/>
  <member type="way" ref="1278726274" role=""/>
  <member type="way" ref="1278726273" role=""/>
  <member type="way" ref="1278726272" role=""/>
  <member type="way" ref="1278726271" role=""/>
  <member type="way" ref="297825598" role=""/>
  <member type="way" ref="1278724995" role=""/>
  <member type="way" ref="1278724996" role=""/>
  <member type="way" ref="1278724997" role=""/>
  <member type="way" ref="1278724998" role=""/>
  <member type="way" ref="297825597" role=""/>
  <member type="way" ref="1278725000" role=""/>
  <member type="way" ref="1278724999" role=""/>
  <member type="way" ref="297825596" role=""/>
  <member type="way" ref="1278725001" role=""/>
  <member type="way" ref="1278725002" role=""/>
  <member type="way" ref="1278725003" role=""/>
  <member type="way" ref="1278725004" role=""/>
  <member type="way" ref="297825595" role=""/>
  <member type="way" ref="297825594" role=""/>
  <member type="way" ref="297825593" role=""/>
  <member type="way" ref="45816959" role=""/>
  <member type="way" ref="1278725005" role=""/>
  <member type="way" ref="1278725006" role=""/>
  <member type="way" ref="1278725007" role=""/>
  <member type="way" ref="1278725008" role=""/>
  <member type="way" ref="1278725009" role=""/>
  <member type="way" ref="1278725010" role=""/>
  <member type="way" ref="1278725011" role=""/>
  <member type="way" ref="1278725012" role=""/>
  <member type="way" ref="1090346119" role=""/>
  <member type="way" ref="1090346118" role=""/>
  <member type="way" ref="1090346121" role=""/>
  <member type="way" ref="1090346120" role=""/>
  <member type="way" ref="1090346123" role=""/>
  <member type="way" ref="1278723740" role=""/>
  <member type="way" ref="1278723739" role=""/>
  <member type="way" ref="1090346122" role=""/>
  <member type="way" ref="1278723742" role=""/>
  <member type="way" ref="1278723741" role=""/>
  <member type="way" ref="1278723577" role=""/>
  <member type="way" ref="1278723576" role=""/>
  <member type="way" ref="1278723575" role=""/>
  <member type="way" ref="1278723578" role=""/>
  <member type="way" ref="1278723579" role=""/>
  <member type="way" ref="1278723580" role=""/>
  <member type="way" ref="980366467" role=""/>
  <member type="way" ref="980366466" role=""/>
  <member type="way" ref="980366492" role=""/>
  <member type="way" ref="980366475" role=""/>
  <member type="way" ref="1278723581" role=""/>
  <member type="way" ref="1278723582" role=""/>
  <member type="way" ref="1278723583" role=""/>
  <member type="way" ref="1278723584" role=""/>
  <member type="way" ref="980366474" role=""/>
  <member type="way" ref="1278723586" role=""/>
  <member type="way" ref="1278723585" role=""/>
  <member type="way" ref="1258336861" role=""/>
  <member type="way" ref="1278722705" role=""/>
  <member type="way" ref="1278722706" role=""/>
  <member type="way" ref="1258336862" role=""/>
  <member type="way" ref="1258336863" role=""/>
  <member type="way" ref="1258336864" role=""/>
  <member type="way" ref="1278722465" role=""/>
  <member type="way" ref="1278722464" role=""/>
  <member type="way" ref="23384512" role=""/>
  <member type="way" ref="1278722467" role=""/>
  <member type="way" ref="1278722466" role=""/>
  <member type="way" ref="1278722470" role=""/>
  <member type="way" ref="1278722469" role=""/>
  <member type="way" ref="1278722468" role=""/>
  <member type="way" ref="1278722471" role=""/>
  <member type="way" ref="1278722472" role=""/>
  <member type="way" ref="1278722473" role=""/>
  <member type="way" ref="1278722475" role=""/>
  <member type="way" ref="1278722474" role=""/>
  <member type="way" ref="1278722477" role=""/>
  <member type="way" ref="1278722476" role=""/>
  <member type="way" ref="1278722478" role=""/>
  <member type="way" ref="1278722479" role=""/>
  <member type="way" ref="1278722480" role=""/>
  <member type="way" ref="1278722481" role=""/>
  <member type="way" ref="1278722482" role=""/>
  <member type="way" ref="1278722483" role=""/>
  <member type="way" ref="1278718760" role=""/>
  <member type="way" ref="1278718761" role=""/>
  <member type="way" ref="1278718762" role=""/>
  <member type="way" ref="1278718763" role=""/>
  <member type="way" ref="1278718764" role=""/>
  <member type="way" ref="1278718765" role=""/>
  <member type="way" ref="1278718512" role=""/>
  <member type="way" ref="1278718513" role=""/>
  <member type="way" ref="1258336860" role=""/>
  <member type="way" ref="1278718515" role=""/>
  <member type="way" ref="1278718514" role=""/>
  <member type="way" ref="1258336859" role=""/>
  <member type="way" ref="1278718518" role=""/>
  <member type="way" ref="45816958" role=""/>
  <member type="way" ref="1278718516" role=""/>
  <member type="way" ref="1278718517" role=""/>
  <member type="way" ref="1012215097" role=""/>
  <member type="way" ref="1012215098" role=""/>
  <member type="way" ref="209660298" role=""/>
  <member type="way" ref="1090346078" role=""/>
  <member type="way" ref="1090346077" role=""/>
  <member type="way" ref="209660299" role=""/>
  <member type="way" ref="1090346074" role=""/>
  <member type="way" ref="1090346073" role=""/>
  <member type="way" ref="209658523" role=""/>
  <member type="way" ref="209658492" role=""/>
  <member type="way" ref="209658525" role=""/>
  <member type="way" ref="209658512" role=""/>
  <member type="way" ref="209658514" role=""/>
  <member type="way" ref="209658515" role=""/>
  <member type="way" ref="209658507" role=""/>
  <member type="way" ref="209658519" role=""/>
  <member type="way" ref="209658498" role=""/>
  <member type="way" ref="209658500" role=""/>
  <member type="way" ref="23384655" role=""/>
  <member type="way" ref="209658468" role=""/>
  <member type="way" ref="209658493" role=""/>
  <member type="way" ref="209658518" role=""/>
  <member type="way" ref="209658496" role=""/>
  <member type="way" ref="209658486" role=""/>
  <member type="way" ref="209658466" role=""/>
  <member type="way" ref="209658465" role=""/>
  <member type="way" ref="209658473" role=""/>
  <member type="way" ref="405883713" role=""/>
  <member type="way" ref="405883714" role=""/>
  <member type="way" ref="1258190876" role=""/>
  <member type="way" ref="1258190875" role=""/>
  <member type="way" ref="1258183755" role=""/>
  <member type="way" ref="1258183754" role=""/>
  <member type="way" ref="1112640836" role=""/>
  <member type="way" ref="1258158713" role=""/>
  <member type="way" ref="1258158714" role=""/>
  <member type="way" ref="1112640833" role=""/>
  <member type="way" ref="1258144418" role=""/>
  <member type="way" ref="1258144417" role=""/>
  <member type="way" ref="31116466" role=""/>
  <member type="way" ref="289204818" role=""/>
  <member type="way" ref="1154819285" role=""/>
  <member type="way" ref="1154819286" role=""/>
  <member type="way" ref="405399605" role=""/>
  <member type="way" ref="405399602" role=""/>
  <member type="way" ref="405399603" role=""/>
  <member type="way" ref="405399604" role=""/>
  <member type="way" ref="1134730788" role=""/>
  <member type="way" ref="1134730789" role=""/>
  <member type="way" ref="23383769" role=""/>
  <member type="way" ref="976364371" role=""/>
  <member type="way" ref="976364372" role=""/>
  <member type="way" ref="976364373" role=""/>
  <member type="way" ref="976364370" role=""/>
  <member type="way" ref="1042745076" role=""/>
  <member type="way" ref="1042745077" role=""/>
  <member type="way" ref="1042745079" role=""/>
  <member type="way" ref="1042745078" role=""/>
  <member type="way" ref="23383768" role=""/>
  <member type="way" ref="23383758" role=""/>
  <member type="way" ref="23383766" role=""/>
  <member type="way" ref="23383625" role=""/>
  <member type="way" ref="176056852" role="backward"/>
  <member type="way" ref="1184341524" role=""/>
  <member type="way" ref="1184341523" role=""/>
  <member type="way" ref="176056300" role=""/>
  <member type="way" ref="176056317" role="backward"/>
  <member type="way" ref="176056861" role="backward"/>
  <member type="way" ref="176056863" role="backward"/>
  <member type="way" ref="176056869" role=""/>
  <member type="way" ref="176056867" role=""/>
  <member type="way" ref="176056740" role=""/>
  <member type="way" ref="654721389" role=""/>
  <member type="way" ref="593787100" role=""/>
  <member type="way" ref="1044804083" role=""/>
  <member type="way" ref="1044804081" role=""/>
  <member type="way" ref="176056651" role="backward"/>
  <member type="way" ref="176056626" role="backward"/>
  <member type="way" ref="176056563" role=""/>
  <member type="way" ref="667115894" role="backward"/>
  <member type="way" ref="1318828700" role="backward"/>
  <member type="way" ref="661839841" role="forward"/>
  <member type="way" ref="663985269" role="forward"/>
  <member type="way" ref="1416792373" role="forward"/>
  <member type="way" ref="699840194" role="forward"/>
  <member type="way" ref="770564899" role="forward"/>
  <member type="way" ref="663985270" role="forward"/>
  <member type="way" ref="1430872984" role="forward"/>
  <member type="way" ref="1552280159" role="forward"/>
  <member type="way" ref="1552280161" role="forward"/>
  <member type="way" ref="1552280160" role="forward"/>
  <member type="way" ref="9934596" role="forward"/>
  <member type="way" ref="1387050972" role="forward"/>
  <member type="way" ref="936396962" role="forward"/>
  <member type="way" ref="1387050971" role="forward"/>
  <member type="way" ref="936396961" role="forward"/>
  <member type="way" ref="775177883" role="forward"/>
  <member type="way" ref="775177882" role="forward"/>
  <member type="way" ref="1430872983" role=""/>
  <member type="way" ref="661878841" role="backward"/>
  <member type="way" ref="665780067" role="forward"/>
  <member type="way" ref="665780069" role="forward"/>
  <member type="way" ref="176056556" role="backward"/>
  <member type="way" ref="1318828699" role="backward"/>
  <member type="way" ref="17503738" role="link"/>
  <member type="way" ref="74210677" role="link"/>
  <member type="way" ref="743712413" role="link"/>
  <member type="way" ref="670533542" role="link"/>
  <member type="way" ref="743712403" role="link"/>
  <member type="way" ref="800656663" role="link"/>
  <member type="way" ref="51350210" role="link"/>
  <member type="way" ref="1563209053" role=""/>
  <member type="way" ref="1563209052" role=""/>
  <member type="way" ref="1332134271" role=""/>
  <member type="way" ref="1377760845" role=""/>
  <member type="way" ref="699353915" role=""/>
  <member type="way" ref="182141496" role=""/>
  <member type="way" ref="182141471" role=""/>
  <member type="way" ref="38129562" role=""/>
  <member type="way" ref="27011936" role="forward"/>
  <member type="way" ref="25215014" role="forward"/>
  <member type="way" ref="749967614" role=""/>
  <member type="way" ref="175730207" role=""/>
  <member type="way" ref="749973899" role=""/>
  <member type="way" ref="749973898" role=""/>
  <member type="way" ref="1368996605" role=""/>
  <member type="way" ref="1443905260" role=""/>
  <member type="way" ref="1107681801" role=""/>
  <member type="way" ref="1443905265" role=""/>
  <member type="way" ref="175730208" role=""/>
  <member type="way" ref="1368996601" role=""/>
  <member type="way" ref="1443905262" role=""/>
  <member type="way" ref="1368996606" role=""/>
  <member type="way" ref="289321011" role=""/>
  <member type="way" ref="1106630096" role=""/>
  <member type="way" ref="1106630095" role=""/>
  <member type="way" ref="749967624" role=""/>
  <member type="way" ref="1318022503" role=""/>
  <member type="way" ref="415147797" role=""/>
  <member type="way" ref="749712797" role=""/>
  <member type="way" ref="749712798" role="forward"/>
  <member type="way" ref="232036414" role=""/>
  <member type="way" ref="190738364" role="forward"/>
  <member type="way" ref="670281299" role=""/>
  <member type="way" ref="545192673" role=""/>
  <member type="way" ref="545192674" role=""/>
  <member type="way" ref="545192683" role=""/>
  <member type="way" ref="292054080" role=""/>
  <member type="way" ref="171048727" role=""/>
  <member type="way" ref="330089344" role="forward"/>
  <member type="way" ref="164794291" role=""/>
  <member type="way" ref="544290138" role=""/>
  <member type="way" ref="544290139" role=""/>
  <member type="way" ref="167770792" role=""/>
  <member type="way" ref="167770798" role=""/>
  <member type="way" ref="330089196" role=""/>
  <member type="way" ref="167770797" role=""/>
  <member type="way" ref="330089197" role=""/>
  <member type="way" ref="330089077" role=""/>
  <member type="way" ref="330089080" role=""/>
  <member type="way" ref="167770788" role=""/>
  <member type="way" ref="171048768" role=""/>
  <member type="way" ref="171048767" role=""/>
  <member type="way" ref="165484143" role=""/>
  <member type="way" ref="185938108" role=""/>
  <member type="way" ref="273411804" role=""/>
  <member type="way" ref="330202549" role="forward"/>
  <member type="way" ref="1262222705" role="forward"/>
  <member type="way" ref="1262222706" role="forward"/>
  <member type="way" ref="26773514" role="forward"/>
  <member type="way" ref="184120350" role=""/>
  <member type="way" ref="184120349" role=""/>
  <member type="way" ref="544286038" role=""/>
  <member type="way" ref="492395974" role=""/>
  <member type="way" ref="545192675" role=""/>
  <member type="way" ref="545192676" role=""/>
  <member type="way" ref="545192682" role=""/>
  <member type="way" ref="544285605" role=""/>
  <member type="way" ref="492395973" role=""/>
  <member type="way" ref="492395167" role=""/>
  <member type="way" ref="477070634" role="forward"/>
  <member type="way" ref="545215530" role="forward"/>
  <member type="way" ref="545215527" role="forward"/>
  <member type="way" ref="524398532" role="forward"/>
  <member type="way" ref="524398531" role="forward"/>
  <member type="way" ref="544457351" role="forward"/>
  <member type="way" ref="25210400" role="forward"/>
  <member type="way" ref="473269831" role="forward"/>
  <member type="way" ref="558980788" role="forward"/>
  <member type="way" ref="558980787" role="forward"/>
  <member type="way" ref="545206657" role="forward"/>
  <member type="way" ref="545206644" role="forward"/>
  <member type="way" ref="545204162" role="forward"/>
  <member type="way" ref="545204163" role="forward"/>
  <member type="way" ref="494076744" role="forward"/>
  <member type="way" ref="494076750" role="forward"/>
  <member type="way" ref="75525264" role="forward"/>
  <member type="way" ref="244142430" role="forward"/>
  <member type="way" ref="495608249" role="forward"/>
  <member type="way" ref="244248112" role="forward"/>
  <member type="way" ref="75525262" role="forward"/>
  <member type="way" ref="244251953" role="forward"/>
  <member type="way" ref="493168398" role="forward"/>
  <member type="way" ref="493168407" role="forward"/>
  <member type="way" ref="493168408" role="forward"/>
  <member type="way" ref="244248109" role="forward"/>
  <member type="way" ref="544285604" role=""/>
  <member type="way" ref="492395972" role=""/>
  <member type="way" ref="292054079" role=""/>
  <member type="way" ref="492395164" role="forward"/>
  <member type="way" ref="545215529" role="forward"/>
  <member type="way" ref="545215528" role="forward"/>
  <member type="way" ref="545192672" role="forward"/>
  <member type="way" ref="545192668" role="forward"/>
  <member type="way" ref="545192667" role="forward"/>
  <member type="way" ref="545192659" role="forward"/>
  <member type="way" ref="545192663" role="forward"/>
  <member type="way" ref="1518300023" role="forward"/>
  <member type="way" ref="1518300022" role="forward"/>
  <member type="way" ref="1518300016" role="forward"/>
  <member type="way" ref="1518300017" role="forward"/>
  <member type="way" ref="545215047" role="forward"/>
  <member type="way" ref="558980786" role="forward"/>
  <member type="way" ref="558980785" role="forward"/>
  <member type="way" ref="542038200" role="forward"/>
  <member type="way" ref="494076739" role="forward"/>
  <member type="way" ref="494076738" role="forward"/>
  <member type="way" ref="494076751" role="forward"/>
  <member type="way" ref="494076745" role="forward"/>
  <member type="way" ref="244142429" role="forward"/>
  <member type="way" ref="244142432" role="forward"/>
  <member type="way" ref="495608245" role="forward"/>
  <member type="way" ref="244142431" role="forward"/>
  <member type="way" ref="244248106" role="forward"/>
  <member type="way" ref="244248110" role="forward"/>
  <member type="way" ref="493168400" role="forward"/>
  <member type="way" ref="493168406" role="forward"/>
  <member type="way" ref="493168403" role="forward"/>
  <member type="way" ref="244253315" role="forward"/>
  <member type="way" ref="1385792801" role=""/>
  <member type="way" ref="1385792805" role=""/>
  <member type="way" ref="1414827533" role=""/>
  <member type="way" ref="1414827532" role=""/>
  <member type="way" ref="1093420287" role="forward"/>
  <member type="way" ref="697698180" role="forward"/>
  <member type="way" ref="1093420288" role="forward"/>
  <member type="way" ref="295775468" role="forward"/>
  <member type="way" ref="291868812" role="forward"/>
  <member type="way" ref="1548585960" role=""/>
  <member type="way" ref="697698177" role=""/>
  <member type="way" ref="1548585961" role=""/>
  <member type="way" ref="291868811" role=""/>
  <member type="way" ref="1117248248" role=""/>
  <member type="way" ref="1117248249" role=""/>
  <member type="way" ref="1117248252" role=""/>
  <member type="way" ref="1117248253" role=""/>
  <member type="way" ref="291867999" role=""/>
  <member type="way" ref="1117248255" role=""/>
  <member type="way" ref="1117248254" role=""/>
  <member type="way" ref="291868001" role="forward"/>
  <member type="way" ref="291867997" role=""/>
  <member type="way" ref="1117248326" role=""/>
  <member type="way" ref="1117248327" role=""/>
  <member type="way" ref="1117248342" role=""/>
  <member type="way" ref="1272615403" role=""/>
  <member type="way" ref="1272615402" role=""/>
  <member type="way" ref="1117248343" role=""/>
  <member type="way" ref="291872883" role=""/>
  <member type="way" ref="291872880" role=""/>
  <member type="way" ref="30166003" role=""/>
  <member type="way" ref="1117248276" role=""/>
  <member type="way" ref="1117248277" role=""/>
  <member type="way" ref="180565544" role=""/>
  <member type="way" ref="180565534" role=""/>
  <member type="way" ref="25214523" role=""/>
  <member type="way" ref="272730344" role=""/>
  <member type="way" ref="272730339" role=""/>
  <member type="way" ref="25214474" role=""/>
  <member type="way" ref="510191965" role=""/>
  <member type="way" ref="1120027549" role=""/>
  <member type="way" ref="1394983834" role=""/>
  <member type="way" ref="288739204" role=""/>
  <member type="way" ref="1414827527" role=""/>
  <member type="way" ref="288739205" role=""/>
  <member type="way" ref="288736216" role=""/>
  <member type="way" ref="548314394" role="forward"/>
  <member type="way" ref="288736217" role="forward"/>
  <member type="way" ref="330236770" role="forward"/>
  <member type="way" ref="548314388" role="forward"/>
  <member type="way" ref="183108072" role=""/>
  <member type="way" ref="183108073" role=""/>
  <member type="way" ref="268548245" role=""/>
  <member type="way" ref="268548246" role=""/>
  <member type="way" ref="289968654" role=""/>
  <member type="way" ref="289968646" role=""/>
  <member type="way" ref="756814699" role=""/>
  <member type="way" ref="756814698" role=""/>
  <member type="way" ref="756814701" role=""/>
  <member type="way" ref="756814700" role=""/>
  <member type="way" ref="289680842" role=""/>
  <member type="way" ref="289680841" role=""/>
  <member type="way" ref="289679768" role=""/>
  <member type="way" ref="289679767" role=""/>
  <member type="way" ref="289682970" role=""/>
  <member type="way" ref="289682971" role=""/>
  <member type="way" ref="289682973" role=""/>
  <member type="way" ref="289682972" role=""/>
  <member type="way" ref="289968652" role=""/>
  <member type="way" ref="289968653" role=""/>
  <member type="way" ref="289968649" role=""/>
  <member type="way" ref="289968644" role=""/>
  <member type="way" ref="289968648" role=""/>
  <member type="way" ref="289968645" role=""/>
  <member type="way" ref="289968650" role=""/>
  <member type="way" ref="289968651" role=""/>
  <member type="way" ref="289968647" role=""/>
  <member type="way" ref="307529547" role=""/>
  <member type="way" ref="307529546" role=""/>
  <member type="way" ref="307527632" role=""/>
  <member type="way" ref="307527631" role=""/>
  <member type="way" ref="307531321" role=""/>
  <member type="way" ref="307531320" role=""/>
  <member type="way" ref="294925951" role=""/>
  <member type="way" ref="294925950" role=""/>
  <member type="way" ref="307671362" role=""/>
  <member type="way" ref="307671361" role=""/>
  <member type="way" ref="308680416" role=""/>
  <member type="way" ref="308680417" role=""/>
  <member type="way" ref="303906250" role=""/>
  <member type="way" ref="303906248" role=""/>
  <member type="way" ref="756813427" role=""/>
  <member type="way" ref="756813426" role=""/>
  <member type="way" ref="303906249" role=""/>
  <member type="way" ref="303906246" role=""/>
  <member type="way" ref="303906247" role=""/>
  <member type="way" ref="303906245" role=""/>
  <member type="way" ref="312172650" role=""/>
  <member type="way" ref="312172648" role=""/>
  <member type="way" ref="112631885" role=""/>
  <member type="way" ref="1414827528" role=""/>
  <member type="way" ref="300890909" role=""/>
  <member type="way" ref="1394983820" role=""/>
  <member type="way" ref="300890908" role=""/>
  <member type="way" ref="1394983822" role=""/>
  <member type="way" ref="50329871" role=""/>
  <member type="way" ref="300888233" role=""/>
  <member type="way" ref="300888235" role="forward"/>
  <member type="way" ref="1427107645" role="forward"/>
  <member type="way" ref="473463047" role="forward"/>
  <member type="way" ref="473463048" role="forward"/>
  <member type="way" ref="300888237" role="forward"/>
  <member type="way" ref="300888236" role=""/>
  <member type="way" ref="300890910" role=""/>
  <member type="way" ref="300890911" role=""/>
  <member type="way" ref="50329879" role=""/>
  <member type="way" ref="473275664" role=""/>
  <member type="way" ref="473275663" role=""/>
  <member type="way" ref="300888240" role="forward"/>
  <member type="way" ref="473276908" role="forward"/>
  <member type="way" ref="473276905" role="forward"/>
  <member type="way" ref="1086352338" role=""/>
  <member type="way" ref="300888244" role=""/>
  <member type="way" ref="50366403" role=""/>
  <member type="way" ref="234412850" role=""/>
  <member type="way" ref="234412859" role=""/>
  <member type="way" ref="244598331" role=""/>
  <member type="way" ref="1044696478" role=""/>
  <member type="way" ref="1479174671" role=""/>
  <member type="way" ref="244598343" role=""/>
  <member type="way" ref="1459582571" role=""/>
  <member type="way" ref="229138477" role="forward"/>
  <member type="way" ref="229138467" role=""/>
  <member type="way" ref="1394983823" role=""/>
  <member type="way" ref="300888234" role="forward"/>
  <member type="way" ref="300888238" role="forward"/>
  <member type="way" ref="473463045" role="forward"/>
  <member type="way" ref="473463046" role="forward"/>
  <member type="way" ref="300888239" role="forward"/>
  <member type="way" ref="473276906" role="forward"/>
  <member type="way" ref="473276907" role="forward"/>
  <member type="way" ref="548314391" role="forward"/>
  <member type="way" ref="548314389" role="forward"/>
  <member type="way" ref="548314390" role="forward"/>
  <member type="way" ref="548314392" role="forward"/>
  <member type="way" ref="548314393" role="forward"/>
  <member type="way" ref="242323316" role=""/>
  <member type="way" ref="1445250099" role=""/>
  <member type="way" ref="1316351009" role=""/>
  <member type="way" ref="1380065449" role=""/>
  <member type="way" ref="1339790746" role=""/>
  <member type="way" ref="1339790747" role=""/>
  <member type="way" ref="1443644661" role=""/>
  <member type="way" ref="1443644662" role=""/>
  <member type="way" ref="1443644658" role=""/>
  <member type="way" ref="1380065450" role=""/>
  <member type="way" ref="1443644660" role=""/>
  <member type="way" ref="1246828092" role=""/>
  <member type="way" ref="1340960089" role=""/>
  <member type="way" ref="1340960088" role=""/>
  <member type="way" ref="1445245692" role=""/>
  <member type="way" ref="1445433156" role=""/>
  <member type="way" ref="1445433162" role=""/>
  <member type="way" ref="749691597" role=""/>
  <member type="way" ref="632416199" role=""/>
  <member type="way" ref="330062612" role="forward"/>
  <member type="way" ref="1445433182" role=""/>
  <member type="way" ref="330062613" role="forward"/>
  <member type="way" ref="540181358" role="forward"/>
  <member type="way" ref="540181359" role="forward"/>
  <member type="way" ref="540181360" role="forward"/>
  <member type="way" ref="180729234" role="forward"/>
  <member type="way" ref="1457222292" role=""/>
  <member type="way" ref="206501538" role=""/>
  <member type="way" ref="295775469" role=""/>
  <member type="way" ref="1479174667" role=""/>
  <member type="way" ref="410350713" role=""/>
  <member type="way" ref="1483396867" role=""/>
  <member type="way" ref="1483396864" role=""/>
  <member type="way" ref="1483396862" role=""/>
  <member type="way" ref="1483396861" role=""/>
  <member type="way" ref="1483396863" role=""/>
  <member type="way" ref="241853384" role="forward"/>
  <member type="way" ref="1510538968" role=""/>
  <member type="way" ref="1510538970" role=""/>
  <member type="way" ref="1175050088" role=""/>
  <member type="way" ref="1537995279" role=""/>
  <member type="way" ref="1537995281" role=""/>
  <member type="way" ref="1537995282" role=""/>
  <member type="way" ref="1537995280" role=""/>
  <member type="way" ref="1537995277" role=""/>
  <member type="way" ref="1552478841" role=""/>
  <member type="way" ref="1552478840" role=""/>
  <member type="way" ref="1552478845" role=""/>
  <tag k="distance" v="5868"/>
  <tag k="int_ref" v="AH7"/>
  <tag k="name" v="Asian Highway AH7"/>
  <tag k="name:de" v="Asiatische Fernstraße AH7"/>
  <tag k="name:en" v="Asian Highway AH7"/>
  <tag k="name:ja" v="アジアハイウェイ7号線"/>
  <tag k="name:ru" v="Азиатский Маршрут AH7"/>
  <tag k="network" v="AsianHighway"/>
  <tag k="ref" v="AH7"/>
  <tag k="roundtrip" v="no"/>
  <tag k="route" v="road"/>
  <tag k="type" v="route"/>
  <tag k="wikidata" v="Q609635"/>
  <tag k="wikimedia_commons" v="Category:AH7"/>
  <tag k="wikipedia" v="en:AH7"/>
 </relation>
 <relation id="6610296" visible="true" version="283" changeset="189560283" timestamp="2026-09-25T19:37:41Z" user="Ezra Edwards" uid="13831509">
  <member type="way" ref="1245200637" role=""/>
  <member type="way" ref="1245794109" role=""/>
  <member type="way" ref="1245794110" role=""/>
  <member type="way" ref="1432865722" role=""/>
  <member type="way" ref="1409826860" role=""/>
  <member type="way" ref="1409826859" role=""/>
  <member type="way" ref="1409826858" role=""/>
  <member type="way" ref="216615786" role=""/>
  <member type="way" ref="216607308" role=""/>
  <member type="way" ref="136160790" role=""/>
  <member type="way" ref="737352620" role=""/>
  <member type="way" ref="737352622" role=""/>
  <member type="way" ref="216615785" role=""/>
  <member type="way" ref="737352621" role=""/>
  <member type="way" ref="328393809" role=""/>
  <member type="way" ref="737357631" role=""/>
  <member type="way" ref="42650746" role=""/>
  <member type="way" ref="325887926" role=""/>
  <member type="way" ref="737359693" role=""/>
  <member type="way" ref="737359692" role=""/>
  <member type="way" ref="325887925" role=""/>
  <member type="way" ref="737359689" role=""/>
  <member type="way" ref="737359688" role=""/>
  <member type="way" ref="1214461520" role=""/>
  <member type="way" ref="42650757" role=""/>
  <member type="way" ref="737359687" role=""/>
  <member type="way" ref="42650765" role=""/>
  <member type="way" ref="1442521657" role=""/>
  <member type="way" ref="1442521656" role=""/>
  <member type="way" ref="1442521654" role="forward"/>
  <member type="way" ref="1096865866" role="forward"/>
  <member type="way" ref="1222047887" role="forward"/>
  <member type="way" ref="1442521653" role="forward"/>
  <member type="way" ref="1442521651" role="forward"/>
  <member type="way" ref="166127945" role="forward"/>
  <member type="way" ref="318837493" role="forward"/>
  <member type="way" ref="258890883" role=""/>
  <member type="way" ref="1557337040" role=""/>
  <member type="way" ref="735395086" role=""/>
  <member type="way" ref="1410839110" role=""/>
  <member type="way" ref="735392394" role=""/>
  <member type="way" ref="735392391" role=""/>
  <member type="way" ref="611253173" role=""/>
  <member type="way" ref="501124027" role=""/>
  <member type="way" ref="498805677" role=""/>
  <member type="way" ref="515289230" role=""/>
  <member type="way" ref="107829339" role=""/>
  <member type="way" ref="479415740" role=""/>
  <member type="way" ref="500326708" role=""/>
  <member type="way" ref="500323858" role=""/>
  <member type="way" ref="551628461" role=""/>
  <member type="way" ref="1442521655" role="forward"/>
  <member type="way" ref="1222047886" role="forward"/>
  <member type="way" ref="1222047888" role="forward"/>
  <member type="way" ref="1442521652" role="forward"/>
  <member type="way" ref="166127546" role="forward"/>
  <member type="way" ref="1442521650" role="forward"/>
  <member type="way" ref="318837496" role="forward"/>
  <member type="way" ref="900681153" role=""/>
  <member type="way" ref="258890882" role=""/>
  <member type="way" ref="735395084" role=""/>
  <member type="way" ref="1410839111" role=""/>
  <member type="way" ref="735392393" role=""/>
  <member type="way" ref="735392390" role=""/>
  <member type="way" ref="735392388" role=""/>
  <member type="way" ref="735390174" role=""/>
  <member type="way" ref="27679437" role=""/>
  <member type="way" ref="501124028" role=""/>
  <member type="way" ref="515289231" role=""/>
  <member type="way" ref="479415738" role=""/>
  <member type="way" ref="262352657" role=""/>
  <member type="way" ref="500326707" role=""/>
  <member type="way" ref="551628462" role=""/>
  <member type="way" ref="693871434" role="forward"/>
  <member type="way" ref="560541069" role="forward"/>
  <member type="way" ref="348608534" role="forward"/>
  <member type="way" ref="1557369224" role="forward"/>
  <member type="way" ref="693873791" role="forward"/>
  <member type="way" ref="1537666934" role=""/>
  <member type="way" ref="479415335" role=""/>
  <member type="way" ref="1557382038" role="forward"/>
  <member type="way" ref="1557382039" role="forward"/>
  <member type="way" ref="1557382041" role="forward"/>
  <member type="way" ref="1557382216" role="forward"/>
  <member type="way" ref="1557369221" role="forward"/>
  <member type="way" ref="1557368647" role="forward"/>
  <member type="way" ref="1557368652" role="forward"/>
  <member type="way" ref="1557368651" role="forward"/>
  <member type="way" ref="1537667073" role="forward"/>
  <member type="way" ref="107829237" role="forward"/>
  <member type="way" ref="1537667094" role="forward"/>
  <member type="way" ref="165929096" role="forward"/>
  <member type="way" ref="1443860463" role="forward"/>
  <member type="way" ref="1539729888" role="forward"/>
  <member type="way" ref="1539729887" role="forward"/>
  <member type="way" ref="1539729886" role="forward"/>
  <member type="way" ref="479410013" role=""/>
  <member type="way" ref="1539729882" role=""/>
  <member type="way" ref="734364845" role=""/>
  <member type="way" ref="734364846" role=""/>
  <member type="way" ref="734364844" role=""/>
  <member type="way" ref="734364850" role=""/>
  <member type="way" ref="1539729871" role=""/>
  <member type="way" ref="734364849" role=""/>
  <member type="way" ref="1539729872" role=""/>
  <member type="way" ref="734364853" role=""/>
  <member type="way" ref="734364854" role=""/>
  <member type="way" ref="961518465" role="forward"/>
  <member type="way" ref="1539729857" role="forward"/>
  <member type="way" ref="1539729856" role="forward"/>
  <member type="way" ref="1539729855" role="forward"/>
  <member type="way" ref="1539729853" role="forward"/>
  <member type="way" ref="1539729852" role="forward"/>
  <member type="way" ref="1539729847" role="forward"/>
  <member type="way" ref="1539729841" role="forward"/>
  <member type="way" ref="1539729845" role="forward"/>
  <member type="way" ref="961518466" role="forward"/>
  <member type="way" ref="1453668669" role="forward"/>
  <member type="way" ref="1453668668" role="forward"/>
  <member type="way" ref="263316679" role="forward"/>
  <member type="way" ref="242323314" role="forward"/>
  <member type="way" ref="608678308" role="forward"/>
  <member type="way" ref="258610081" role="forward"/>
  <member type="way" ref="1443860464" role="forward"/>
  <member type="way" ref="228228928" role="forward"/>
  <member type="way" ref="1054682989" role="forward"/>
  <member type="way" ref="669894711" role="forward"/>
  <member type="way" ref="436883389" role="forward"/>
  <member type="way" ref="353576502" role="forward"/>
  <member type="way" ref="500487444" role="forward"/>
  <member type="way" ref="1296244257" role="forward"/>
  <member type="way" ref="500487389" role="forward"/>
  <member type="way" ref="500487430" role="forward"/>
  <member type="way" ref="1296244258" role="forward"/>
  <member type="way" ref="500487410" role="forward"/>
  <member type="way" ref="500487451" role="forward"/>
  <member type="way" ref="42646918" role="forward"/>
  <member type="way" ref="347899179" role="forward"/>
  <member type="way" ref="353578060" role="forward"/>
  <member type="way" ref="1159377441" role="forward"/>
  <member type="way" ref="1159377440" role="forward"/>
  <member type="way" ref="1422855551" role="forward"/>
  <member type="way" ref="1422855550" role="forward"/>
  <member type="way" ref="280719147" role="forward"/>
  <member type="way" ref="500671363" role="forward"/>
  <member type="way" ref="445440914" role="forward"/>
  <member type="way" ref="1503983638" role="forward"/>
  <member type="way" ref="1503983639" role="forward"/>
  <member type="way" ref="445440913" role="forward"/>
  <member type="way" ref="539427681" role="forward"/>
  <member type="way" ref="539427684" role="forward"/>
  <member type="way" ref="313212675" role="forward"/>
  <member type="way" ref="1422855543" role="forward"/>
  <member type="way" ref="1422855544" role="forward"/>
  <member type="way" ref="1192831310" role="forward"/>
  <member type="way" ref="1192831311" role="forward"/>
  <member type="way" ref="313212684" role="forward"/>
  <member type="way" ref="313212681" role="forward"/>
  <member type="way" ref="313212686" role="forward"/>
  <member type="way" ref="313212678" role="forward"/>
  <member type="way" ref="727533519" role="forward"/>
  <member type="way" ref="295198253" role="forward"/>
  <member type="way" ref="1054683362" role="forward"/>
  <member type="way" ref="1054683360" role="forward"/>
  <member type="way" ref="41601364" role="forward"/>
  <member type="way" ref="313212695" role="forward"/>
  <member type="way" ref="1482836278" role="forward"/>
  <member type="way" ref="1482836277" role="forward"/>
  <member type="way" ref="1054682992" role="forward"/>
  <member type="way" ref="1122220356" role="forward"/>
  <member type="way" ref="669889734" role="road"/>
  <member type="way" ref="1282180894" role="road"/>
  <member type="way" ref="1282178769" role=""/>
  <member type="way" ref="725269637" role="road"/>
  <member type="way" ref="732312948" role="road"/>
  <member type="way" ref="732308285" role=""/>
  <member type="way" ref="813765480" role="road"/>
  <member type="way" ref="818956980" role="road"/>
  <member type="way" ref="136160789" role=""/>
  <member type="way" ref="210732249" role=""/>
  <member type="way" ref="262060533" role=""/>
  <member type="way" ref="262060534" role=""/>
  <member type="way" ref="42648760" role=""/>
  <member type="way" ref="262060537" role="road"/>
  <member type="way" ref="694013761" role=""/>
  <member type="way" ref="694010624" role=""/>
  <member type="way" ref="694013762" role=""/>
  <member type="way" ref="694013758" role=""/>
  <member type="way" ref="262060536" role=""/>
  <member type="way" ref="262060535" role=""/>
  <member type="way" ref="153618342" role=""/>
  <member type="way" ref="562940573" role=""/>
  <member type="way" ref="562940574" role=""/>
  <member type="way" ref="153618352" role=""/>
  <member type="way" ref="42648541" role=""/>
  <member type="way" ref="153618353" role=""/>
  <member type="way" ref="562409691" role=""/>
  <member type="way" ref="153618349" role=""/>
  <member type="way" ref="42799182" role=""/>
  <member type="way" ref="562445086" role=""/>
  <member type="way" ref="150126399" role=""/>
  <member type="way" ref="42799184" role=""/>
  <member type="way" ref="186889165" role=""/>
  <member type="way" ref="35534558" role=""/>
  <member type="way" ref="42140364" role="forward"/>
  <member type="way" ref="42648783" role=""/>
  <member type="way" ref="42198787" role=""/>
  <member type="way" ref="173999973" role=""/>
  <member type="way" ref="207032443" role=""/>
  <member type="way" ref="1264373267" role=""/>
  <member type="way" ref="1264373266" role=""/>
  <member type="way" ref="58401429" role=""/>
  <member type="way" ref="192514524" role=""/>
  <member type="way" ref="223372350" role=""/>
  <member type="way" ref="1096346303" role=""/>
  <member type="way" ref="249216557" role=""/>
  <member type="way" ref="249216555" role=""/>
  <member type="way" ref="27671686" role=""/>
  <member type="way" ref="1562277194" role=""/>
  <member type="way" ref="1562277195" role=""/>
  <member type="way" ref="42649064" role=""/>
  <member type="way" ref="249216554" role=""/>
  <member type="way" ref="42649317" role=""/>
  <member type="way" ref="42649483" role=""/>
  <member type="way" ref="173616158" role=""/>
  <member type="way" ref="1314353121" role=""/>
  <member type="way" ref="1314353138" role=""/>
  <member type="way" ref="1314353137" role=""/>
  <member type="way" ref="1241560543" role=""/>
  <member type="way" ref="1314353150" role=""/>
  <member type="way" ref="655650895" role=""/>
  <member type="way" ref="746570636" role=""/>
  <member type="way" ref="386804928" role=""/>
  <member type="way" ref="386804926" role=""/>
  <member type="way" ref="238907607" role=""/>
  <member type="way" ref="238907608" role=""/>
  <member type="way" ref="1396751317" role=""/>
  <member type="way" ref="1462586992" role=""/>
  <member type="way" ref="1116490755" role=""/>
  <member type="way" ref="1067549133" role=""/>
  <member type="way" ref="1233850572" role="road"/>
  <member type="way" ref="1378001869" role="road"/>
  <member type="way" ref="1220199894" role=""/>
  <member type="way" ref="1220199894" role=""/>
  <member type="way" ref="1216960203" role=""/>
  <member type="way" ref="1216960202" role=""/>
  <member type="way" ref="1561011146" role=""/>
  <member type="way" ref="1561011147" role=""/>
  <member type="way" ref="1216960205" role=""/>
  <member type="way" ref="666664214" role=""/>
  <member type="way" ref="666664213" role=""/>
  <member type="way" ref="666664219" role=""/>
  <member type="way" ref="666664218" role=""/>
  <member type="way" ref="366071313" role=""/>
  <member type="way" ref="1219029923" role=""/>
  <member type="way" ref="540188915" role=""/>
  <member type="way" ref="540188886" role=""/>
  <member type="way" ref="1409826862" role=""/>
  <member type="way" ref="666664210" role=""/>
  <member type="way" ref="694497822" role=""/>
  <member type="way" ref="261806248" role=""/>
  <member type="way" ref="261806249" role=""/>
  <member type="way" ref="1432865721" role=""/>
  <member type="way" ref="1223205206" role=""/>
  <member type="way" ref="1436676179" role=""/>
  <member type="way" ref="1561038068" role=""/>
  <member type="way" ref="1561038069" role=""/>
  <member type="way" ref="1326074432" role=""/>
  <member type="way" ref="1561011145" role=""/>
  <member type="way" ref="1561011144" role=""/>
  <member type="way" ref="1326074449" role=""/>
  <member type="way" ref="1326074448" role=""/>
  <member type="way" ref="1326078098" role=""/>
  <member type="way" ref="1326078097" role=""/>
  <member type="way" ref="1219029920" role=""/>
  <member type="way" ref="1219029921" role=""/>
  <member type="way" ref="1219029926" role=""/>
  <member type="way" ref="1219029925" role=""/>
  <member type="way" ref="1219029928" role=""/>
  <member type="way" ref="1219029927" role=""/>
  <member type="way" ref="1219029920" role=""/>
  <member type="way" ref="1160808183" role=""/>
  <member type="way" ref="1160808182" role=""/>
  <member type="way" ref="683083541" role="forward"/>
  <member type="way" ref="1282130793" role=""/>
  <member type="way" ref="1245179881" role=""/>
  <member type="way" ref="1328732541" role=""/>
  <member type="way" ref="1246418514" role=""/>
  <member type="way" ref="1115957837" role=""/>
  <member type="way" ref="1245179879" role=""/>
  <member type="way" ref="1245179880" role=""/>
  <member type="way" ref="1245179882" role=""/>
  <member type="way" ref="1246419492" role=""/>
  <member type="way" ref="1246419492" role=""/>
  <member type="way" ref="1245179882" role=""/>
  <member type="way" ref="1115957845" role=""/>
  <member type="way" ref="1115957844" role=""/>
  <member type="way" ref="1282130792" role=""/>
  <member type="way" ref="1408850614" role=""/>
  <member type="way" ref="1408850615" role=""/>
  <member type="way" ref="1115963904" role=""/>
  <member type="way" ref="1115963905" role=""/>
  <member type="way" ref="927032897" role=""/>
  <member type="way" ref="1462757632" role=""/>
  <member type="way" ref="927032898" role=""/>
  <member type="way" ref="275796161" role=""/>
  <member type="way" ref="275796159" role=""/>
  <member type="way" ref="42649628" role=""/>
  <member type="way" ref="30740708" role=""/>
  <member type="way" ref="27664576" role="forward"/>
  <member type="way" ref="122673188" role="forward"/>
  <member type="way" ref="42140362" role="forward"/>
  <member type="way" ref="42140359" role=""/>
  <member type="way" ref="116714842" role="forward"/>
  <member type="way" ref="116803054" role="forward"/>
  <member type="way" ref="1560241225" role="forward"/>
  <member type="way" ref="1560241224" role="forward"/>
  <member type="way" ref="116803046" role="forward"/>
  <member type="way" ref="116803051" role="forward"/>
  <member type="way" ref="1413978738" role="forward"/>
  <member type="way" ref="1413978737" role="forward"/>
  <member type="way" ref="1522659292" role="forward"/>
  <member type="way" ref="1560241227" role="forward"/>
  <member type="way" ref="116803052" role="forward"/>
  <member type="way" ref="1560241226" role="forward"/>
  <member type="way" ref="1454400741" role="forward"/>
  <member type="way" ref="163194655" role=""/>
  <member type="way" ref="1456291036" role=""/>
  <member type="way" ref="151729051" role=""/>
  <member type="way" ref="237500487" role=""/>
  <member type="way" ref="1491721461" role=""/>
  <member type="way" ref="1491721464" role=""/>
  <member type="way" ref="1491721462" role=""/>
  <member type="way" ref="237500488" role=""/>
  <member type="way" ref="1491721463" role=""/>
  <member type="way" ref="116692578" role=""/>
  <member type="way" ref="42647045" role=""/>
  <member type="way" ref="235160463" role=""/>
  <member type="way" ref="42647044" role=""/>
  <member type="way" ref="42647005" role=""/>
  <member type="way" ref="45768525" role=""/>
  <member type="way" ref="309937735" role=""/>
  <member type="way" ref="466867417" role="forward"/>
  <member type="way" ref="466848205" role="forward"/>
  <member type="way" ref="42647136" role=""/>
  <member type="way" ref="663553335" role=""/>
  <member type="way" ref="526149443" role=""/>
  <member type="way" ref="721825611" role=""/>
  <member type="way" ref="526149441" role=""/>
  <member type="way" ref="689658822" role="forward"/>
  <member type="way" ref="526149440" role=""/>
  <member type="way" ref="260420747" role=""/>
  <member type="way" ref="551649019" role="forward"/>
  <member type="way" ref="551649021" role="forward"/>
  <member type="way" ref="656798363" role="forward"/>
  <member type="way" ref="656802444" role="forward"/>
  <member type="way" ref="656798360" role="forward"/>
  <member type="way" ref="149724330" role=""/>
  <member type="way" ref="683083084" role="forward"/>
  <member type="way" ref="689658820" role="forward"/>
  <member type="way" ref="689658821" role="forward"/>
  <member type="way" ref="42651166" role=""/>
  <member type="way" ref="42651161" role=""/>
  <member type="way" ref="1115951997" role=""/>
  <member type="way" ref="1246414593" role=""/>
  <member type="way" ref="1246414594" role=""/>
  <member type="way" ref="1288397606" role="road"/>
  <member type="way" ref="1115952006" role=""/>
  <member type="way" ref="1157704732" role=""/>
  <member type="way" ref="1157704730" role=""/>
  <member type="way" ref="1328732539" role=""/>
  <member type="way" ref="1115957836" role=""/>
  <member type="way" ref="1115957836" role=""/>
  <member type="way" ref="1328732539" role=""/>
  <member type="way" ref="1328732539" role=""/>
  <member type="way" ref="1115957836" role=""/>
  <member type="way" ref="1115957836" role=""/>
  <member type="way" ref="1328732539" role=""/>
  <member type="way" ref="814807513" role="forward"/>
  <member type="way" ref="1537667081" role="forward"/>
  <member type="way" ref="23979536" role="forward"/>
  <member type="way" ref="107829319" role="forward"/>
  <member type="way" ref="1537667096" role="forward"/>
  <member type="way" ref="1537667097" role="forward"/>
  <member type="way" ref="1537667099" role="forward"/>
  <member type="way" ref="1537667098" role="forward"/>
  <member type="way" ref="557081354" role="forward"/>
  <member type="way" ref="1537667206" role="forward"/>
  <member type="way" ref="735055686" role="forward"/>
  <member type="way" ref="1537667204" role="forward"/>
  <member type="way" ref="735055684" role="forward"/>
  <member type="way" ref="735055688" role="forward"/>
  <member type="way" ref="1537667202" role="forward"/>
  <member type="way" ref="1537667203" role="forward"/>
  <member type="way" ref="1537667193" role="forward"/>
  <member type="way" ref="1537667192" role="forward"/>
  <member type="way" ref="1537667191" role="forward"/>
  <member type="way" ref="1537667187" role="forward"/>
  <member type="way" ref="1537667190" role="forward"/>
  <member type="way" ref="165927842" role="forward"/>
  <member type="way" ref="165928212" role="forward"/>
  <member type="way" ref="243139486" role="forward"/>
  <member type="way" ref="1537667180" role="forward"/>
  <member type="way" ref="1537667179" role="forward"/>
  <member type="way" ref="184099114" role="forward"/>
  <member type="way" ref="326084351" role="forward"/>
  <member type="way" ref="1537667174" role="forward"/>
  <member type="way" ref="475756220" role="forward"/>
  <member type="way" ref="1539729833" role="forward"/>
  <member type="way" ref="269125646" role="forward"/>
  <member type="way" ref="269125645" role="forward"/>
  <member type="way" ref="1539730021" role="forward"/>
  <member type="way" ref="1539730020" role="forward"/>
  <member type="way" ref="1539730019" role="forward"/>
  <member type="way" ref="1539730015" role="forward"/>
  <member type="way" ref="1539730014" role="forward"/>
  <member type="way" ref="1539730024" role="forward"/>
  <member type="way" ref="1539730025" role="forward"/>
  <member type="way" ref="269125644" role="forward"/>
  <member type="way" ref="1539730026" role="forward"/>
  <member type="way" ref="1539730027" role="forward"/>
  <member type="way" ref="1539730029" role="forward"/>
  <member type="way" ref="1539730030" role="forward"/>
  <member type="way" ref="1539730032" role="forward"/>
  <member type="way" ref="1539730034" role="forward"/>
  <member type="way" ref="1539730035" role="forward"/>
  <member type="way" ref="1539730036" role="forward"/>
  <member type="way" ref="1539730037" role="forward"/>
  <member type="way" ref="1539730040" role="forward"/>
  <member type="way" ref="1539730041" role="forward"/>
  <member type="way" ref="1539730042" role="forward"/>
  <member type="way" ref="479410568" role="forward"/>
  <member type="way" ref="1539730060" role="forward"/>
  <member type="way" ref="1539730061" role="forward"/>
  <member type="way" ref="1539730062" role="forward"/>
  <member type="way" ref="1510255676" role="forward"/>
  <member type="way" ref="1539730072" role="forward"/>
  <member type="way" ref="1539730073" role="forward"/>
  <member type="way" ref="1539730074" role="forward"/>
  <member type="way" ref="1539730076" role="forward"/>
  <member type="way" ref="1539730075" role="forward"/>
  <member type="way" ref="1539730077" role="forward"/>
  <member type="way" ref="551628460" role="forward"/>
  <member type="way" ref="1414615361" role="forward"/>
  <member type="way" ref="1539730080" role="forward"/>
  <member type="way" ref="1414615362" role="forward"/>
  <member type="way" ref="1539729909" role="forward"/>
  <member type="way" ref="1539729911" role="forward"/>
  <member type="way" ref="1539729912" role="forward"/>
  <member type="way" ref="1539729916" role="forward"/>
  <member type="way" ref="1539729917" role="forward"/>
  <member type="way" ref="1539729918" role="forward"/>
  <member type="way" ref="1539729919" role="forward"/>
  <member type="way" ref="1539729920" role="forward"/>
  <member type="way" ref="1539729896" role="forward"/>
  <member type="way" ref="1539729907" role="forward"/>
  <member type="way" ref="1539729906" role="forward"/>
  <member type="way" ref="1539729897" role="forward"/>
  <member type="way" ref="1539729926" role="forward"/>
  <member type="way" ref="1539729927" role="forward"/>
  <member type="way" ref="499023502" role="forward"/>
  <member type="way" ref="961518464" role="forward"/>
  <member type="way" ref="326084350" role="forward"/>
  <member type="way" ref="242323316" role="forward"/>
  <member type="way" ref="24956606" role="forward"/>
  <member type="way" ref="608678294" role="forward"/>
  <member type="way" ref="24956145" role="forward"/>
  <member type="way" ref="436883388" role="forward"/>
  <member type="way" ref="1054682990" role="forward"/>
  <member type="way" ref="669894714" role="forward"/>
  <member type="way" ref="42646923" role="forward"/>
  <member type="way" ref="353576503" role="forward"/>
  <member type="way" ref="488812130" role="forward"/>
  <member type="way" ref="500487396" role="forward"/>
  <member type="way" ref="500487437" role="forward"/>
  <member type="way" ref="1296244253" role="forward"/>
  <member type="way" ref="1296244254" role="forward"/>
  <member type="way" ref="500487403" role="forward"/>
  <member type="way" ref="500487418" role="forward"/>
  <member type="way" ref="500487384" role="forward"/>
  <member type="way" ref="500487424" role="forward"/>
  <member type="way" ref="353578061" role="forward"/>
  <member type="way" ref="1159377439" role="forward"/>
  <member type="way" ref="1159377438" role="forward"/>
  <member type="way" ref="1422855553" role="forward"/>
  <member type="way" ref="1422855552" role="forward"/>
  <member type="way" ref="313212682" role="forward"/>
  <member type="way" ref="500671364" role="forward"/>
  <member type="way" ref="445440915" role="forward"/>
  <member type="way" ref="1503983636" role="forward"/>
  <member type="way" ref="1503983637" role="forward"/>
  <member type="way" ref="445440912" role="forward"/>
  <member type="way" ref="539427682" role="forward"/>
  <member type="way" ref="539427683" role="forward"/>
  <member type="way" ref="445440916" role="forward"/>
  <member type="way" ref="1422855545" role="forward"/>
  <member type="way" ref="1422855546" role="forward"/>
  <member type="way" ref="1192831308" role="forward"/>
  <member type="way" ref="1192831309" role="forward"/>
  <member type="way" ref="436877516" role="forward"/>
  <member type="way" ref="313212676" role="forward"/>
  <member type="way" ref="313212687" role="forward"/>
  <member type="way" ref="313212674" role="forward"/>
  <member type="way" ref="727533520" role="forward"/>
  <member type="way" ref="313212689" role="forward"/>
  <member type="way" ref="1054683361" role="forward"/>
  <member type="way" ref="1054683359" role="forward"/>
  <member type="way" ref="313212655" role="forward"/>
  <member type="way" ref="313212693" role="forward"/>
  <member type="way" ref="1482836280" role="forward"/>
  <member type="way" ref="1482836279" role="forward"/>
  <member type="way" ref="1054682991" role="forward"/>
  <member type="way" ref="497659335" role="forward"/>
  <member type="way" ref="1525722184" role="forward"/>
  <member type="way" ref="1122220357" role="forward"/>
  <member type="way" ref="669889735" role=""/>
  <member type="way" ref="1089712095" role="road"/>
  <member type="way" ref="813765479" role=""/>
  <member type="way" ref="813766703" role="road"/>
  <member type="way" ref="1091076912" role=""/>
  <member type="way" ref="618216997" role="road"/>
  <member type="way" ref="818959617" role=""/>
  <member type="way" ref="818959618" role=""/>
  <member type="way" ref="618216995" role=""/>
  <member type="way" ref="618216996" role=""/>
  <member type="way" ref="618216998" role=""/>
  <member type="way" ref="749442369" role=""/>
  <member type="way" ref="1089715070" role=""/>
  <member type="way" ref="749442370" role=""/>
  <member type="way" ref="1089715073" role=""/>
  <member type="way" ref="618217006" role=""/>
  <member type="way" ref="1089715072" role=""/>
  <member type="way" ref="1091229027" role=""/>
  <member type="way" ref="1462757629" role=""/>
  <member type="way" ref="43433091" role=""/>
  <member type="way" ref="427684097" role=""/>
  <member type="way" ref="618217001" role="road"/>
  <member type="way" ref="1436422658" role=""/>
  <member type="way" ref="1094588810" role=""/>
  <member type="way" ref="1094588807" role=""/>
  <member type="way" ref="618217004" role=""/>
  <member type="way" ref="1282171798" role=""/>
  <member type="way" ref="1282193531" role="road"/>
  <member type="way" ref="1408850612" role=""/>
  <member type="way" ref="1408850613" role=""/>
  <member type="way" ref="1246419732" role=""/>
  <member type="way" ref="1246419731" role=""/>
  <member type="way" ref="1246419491" role=""/>
  <member type="way" ref="1246419490" role=""/>
  <member type="way" ref="1115957840" role=""/>
  <member type="way" ref="1282130793" role=""/>
  <member type="way" ref="1245179881" role=""/>
  <member type="way" ref="1328732541" role=""/>
  <member type="way" ref="1328732541" role=""/>
  <member type="way" ref="1328732541" role=""/>
  <member type="way" ref="1115957835" role=""/>
  <member type="way" ref="1157704734" role=""/>
  <member type="way" ref="1157704733" role=""/>
  <member type="way" ref="25888832" role="road"/>
  <member type="way" ref="1115951999" role=""/>
  <member type="way" ref="1281942584" role=""/>
  <member type="way" ref="1224554073" role=""/>
  <member type="way" ref="1224554072" role=""/>
  <member type="way" ref="1115951998" role=""/>
  <member type="way" ref="1281934684" role=""/>
  <member type="way" ref="42651164" role=""/>
  <member type="way" ref="1436428752" role=""/>
  <member type="way" ref="1246413133" role=""/>
  <member type="way" ref="1245184848" role=""/>
  <member type="way" ref="1246413132" role=""/>
  <member type="way" ref="1245184847" role=""/>
  <member type="way" ref="1416060760" role=""/>
  <member type="way" ref="1416060759" role=""/>
  <member type="way" ref="1281929929" role=""/>
  <member type="way" ref="1246412777" role=""/>
  <member type="way" ref="1246411777" role=""/>
  <member type="way" ref="1420186224" role=""/>
  <member type="way" ref="1246410949" role=""/>
  <member type="way" ref="1420186222" role=""/>
  <member type="way" ref="1245184845" role=""/>
  <member type="way" ref="1245185741" role=""/>
  <member type="way" ref="1420194149" role=""/>
  <member type="way" ref="1420237541" role=""/>
  <member type="way" ref="1342395862" role=""/>
  <member type="way" ref="1342395864" role=""/>
  <member type="way" ref="1342395876" role="road"/>
  <member type="way" ref="1246021742" role=""/>
  <member type="way" ref="1246021743" role=""/>
  <member type="way" ref="1246022046" role=""/>
  <member type="way" ref="1246022047" role=""/>
  <member type="way" ref="1216736733" role=""/>
  <member type="way" ref="42651161" role="road"/>
  <member type="way" ref="1245191918" role=""/>
  <member type="way" ref="1245191919" role="road"/>
  <member type="way" ref="1186187861" role="road"/>
  <member type="way" ref="1186187857" role="road"/>
  <member type="way" ref="1186187856" role="road"/>
  <member type="way" ref="1186187854" role=""/>
  <member type="way" ref="1175050088" role=""/>
  <member type="way" ref="1436450486" role=""/>
  <member type="way" ref="1436450487" role=""/>
  <member type="way" ref="840104638" role=""/>
  <member type="way" ref="1420871712" role=""/>
  <member type="way" ref="1524053086" role=""/>
  <member type="way" ref="1524053084" role=""/>
  <member type="way" ref="1268594836" role=""/>
  <member type="way" ref="1245199516" role=""/>
  <member type="way" ref="1501508925" role=""/>
  <member type="way" ref="1420871713" role=""/>
  <member type="way" ref="263190589" role=""/>
  <member type="way" ref="241618705" role=""/>
  <member type="way" ref="241618709" role=""/>
  <member type="way" ref="241618706" role=""/>
  <member type="way" ref="241618712" role=""/>
  <member type="way" ref="1413457267" role="road"/>
  <member type="way" ref="1245472624" role=""/>
  <member type="way" ref="1413457270" role="road"/>
  <member type="way" ref="1245477312" role="road"/>
  <member type="way" ref="1245477313" role=""/>
  <member type="way" ref="1245477314" role="road"/>
  <member type="way" ref="843393840" role="road"/>
  <member type="way" ref="1326091387" role=""/>
  <member type="way" ref="818959619" role=""/>
  <member type="way" ref="818959622" role=""/>
  <member type="way" ref="818959621" role=""/>
  <member type="way" ref="818956979" role=""/>
  <member type="way" ref="820878864" role=""/>
  <member type="way" ref="820878863" role=""/>
  <member type="way" ref="813765483" role=""/>
  <member type="way" ref="1462757630" role=""/>
  <member type="way" ref="1089715071" role=""/>
  <member type="way" ref="88591954" role=""/>
  <member type="way" ref="526158611" role=""/>
  <member type="way" ref="813172954" role="road"/>
  <member type="way" ref="1094588811" role=""/>
  <member type="way" ref="1094588808" role=""/>
  <member type="way" ref="813172960" role=""/>
  <member type="way" ref="815156042" role=""/>
  <member type="way" ref="1175050087" role=""/>
  <member type="way" ref="1175050087" role=""/>
  <member type="way" ref="1175050087" role=""/>
  <member type="way" ref="1175050087" role=""/>
  <member type="way" ref="1186187851" role="road"/>
  <member type="way" ref="1184388827" role=""/>
  <member type="way" ref="42651162" role=""/>
  <member type="way" ref="843217120" role="road"/>
  <member type="way" ref="843217121" role=""/>
  <member type="way" ref="1114944480" role="road"/>
  <member type="way" ref="1216738666" role=""/>
  <member type="way" ref="42651160" role=""/>
  <member type="way" ref="1246022044" role=""/>
  <member type="way" ref="1246022045" role=""/>
  <member type="way" ref="1246021747" role=""/>
  <member type="way" ref="1246021748" role=""/>
  <member type="way" ref="42651166" role="road"/>
  <member type="way" ref="1420194150" role=""/>
  <member type="way" ref="206621669" role=""/>
  <member type="way" ref="1246410718" role=""/>
  <member type="way" ref="1420186223" role=""/>
  <member type="way" ref="1246410948" role=""/>
  <member type="way" ref="1420186225" role=""/>
  <member type="way" ref="1246412775" role=""/>
  <member type="way" ref="1416060757" role=""/>
  <member type="way" ref="1416060758" role=""/>
  <member type="way" ref="1416061444" role=""/>
  <member type="way" ref="1436798952" role=""/>
  <member type="way" ref="1245183273" role=""/>
  <member type="way" ref="1413355210" role="road"/>
  <member type="way" ref="1245477310" role="road"/>
  <member type="way" ref="1245477311" role=""/>
  <member type="way" ref="1245477309" role=""/>
  <member type="way" ref="1387430831" role="road"/>
  <member type="way" ref="1245473188" role=""/>
  <member type="way" ref="87351445" role="road"/>
  <member type="way" ref="843217115" role=""/>
  <member type="way" ref="1387428832" role=""/>
  <member type="way" ref="1497599869" role=""/>
  <member type="way" ref="1497599870" role=""/>
  <member type="way" ref="666664211" role=""/>
  <member type="way" ref="1561038067" role=""/>
  <member type="way" ref="1561038066" role=""/>
  <member type="way" ref="1561038066" role=""/>
  <member type="way" ref="1561038067" role=""/>
  <member type="way" ref="666664211" role=""/>
  <member type="way" ref="1497599870" role=""/>
  <member type="way" ref="1497599869" role=""/>
  <member type="way" ref="167069887" role="forward"/>
  <member type="way" ref="1229858533" role="route"/>
  <member type="way" ref="1326091369" role=""/>
  <member type="way" ref="356359716" role=""/>
  <member type="way" ref="356359715" role=""/>
  <member type="way" ref="356359713" role=""/>
  <member type="way" ref="356359714" role=""/>
  <member type="way" ref="1342387739" role=""/>
  <member type="way" ref="1342387740" role=""/>
  <member type="way" ref="1434033685" role=""/>
  <member type="way" ref="1434033684" role=""/>
  <member type="way" ref="243531894" role=""/>
  <member type="way" ref="1387428830" role=""/>
  <member type="way" ref="1326074431" role=""/>
  <member type="way" ref="324720725" role="forward"/>
  <member type="way" ref="1326091372" role="forward"/>
  <member type="way" ref="1342387741" role="forward"/>
  <member type="way" ref="1342387742" role="forward"/>
  <member type="way" ref="1434033686" role="forward"/>
  <member type="way" ref="1434033687" role="forward"/>
  <member type="way" ref="1326091371" role="forward"/>
  <member type="way" ref="1378001867" role=""/>
  <member type="way" ref="1233850571" role="road"/>
  <member type="way" ref="1233850570" role=""/>
  <member type="way" ref="1116490754" role=""/>
  <member type="way" ref="1233850569" role=""/>
  <member type="way" ref="1233851898" role="road"/>
  <member type="way" ref="1378001878" role=""/>
  <member type="way" ref="1378001875" role=""/>
  <member type="way" ref="1378001888" role=""/>
  <member type="way" ref="1378001891" role=""/>
  <member type="way" ref="1378001874" role=""/>
  <member type="way" ref="230099144" role=""/>
  <member type="way" ref="27007998" role=""/>
  <member type="way" ref="1084070395" role=""/>
  <member type="relation" ref="14511852" role="crossing"/>
  <member type="relation" ref="14512010" role="crossing"/>
  <member type="relation" ref="14512150" role="crossing"/>
  <member type="relation" ref="14515726" role="crossing"/>
  <member type="relation" ref="14515916" role="crossing"/>
  <member type="relation" ref="14520597" role="crossing"/>
  <member type="relation" ref="14525477" role="crossing"/>
  <member type="relation" ref="14526979" role="crossing"/>
  <member type="relation" ref="14527052" role="crossing"/>
  <member type="relation" ref="14527680" role=""/>
  <member type="relation" ref="14531767" role="crossing"/>
  <tag k="distance" v="2047"/>
  <tag k="from" v="Екатеринбург"/>
  <tag k="name" v="Екатеринбург - Алматы"/>
  <tag k="network" v="M"/>
  <tag k="note" v="M-36 сохранила геометрию от старых советских обозначений; новые обходы городов получают собственные ref и названия"/>
  <tag k="ref" v="36"/>
  <tag k="route" v="road"/>
  <tag k="to" v="Алматы"/>
  <tag k="type" v="route"/>
  <tag k="via" v="Қостанай;Астана;Қарағанды"/>
  <tag k="video" v="https://www.youtube.com/watch?v=G6imRbrfd7s"/>
 </relation>
 <relation id="7884303" visible="true" version="230" changeset="186780897" timestamp="2026-08-01T20:26:29Z" user="ivanruiz" uid="23829548">
  <member type="relation" ref="2147162" role=""/>
  <member type="relation" ref="72825" role=""/>
  <member type="relation" ref="26802" role=""/>
  <member type="relation" ref="2133091" role=""/>
  <member type="relation" ref="2147287" role=""/>
  <member type="relation" ref="76274" role=""/>
  <member type="relation" ref="60745" role=""/>
  <member type="relation" ref="73447" role=""/>
  <member type="relation" ref="48042" role=""/>
  <member type="relation" ref="35065" role=""/>
  <member type="relation" ref="26791" role=""/>
  <member type="relation" ref="2332838" role=""/>
  <member type="relation" ref="52831" role=""/>
  <member type="relation" ref="103222" role=""/>
  <member type="relation" ref="190821" role=""/>
  <member type="relation" ref="74673" role=""/>
  <member type="relation" ref="36947" role=""/>
  <member type="relation" ref="74693" role=""/>
  <member type="relation" ref="21359" role=""/>
  <member type="relation" ref="74696" role=""/>
  <member type="relation" ref="32943" role=""/>
  <member type="relation" ref="78013" role=""/>
  <member type="relation" ref="2817296" role=""/>
  <member type="relation" ref="72927" role=""/>
  <member type="relation" ref="48100" role=""/>
  <member type="relation" ref="79090" role=""/>
  <member type="relation" ref="33702" role=""/>
  <member type="relation" ref="84339" role=""/>
  <member type="relation" ref="20990" role=""/>
  <member type="relation" ref="78826" role=""/>
  <member type="relation" ref="2817637" role=""/>
  <member type="relation" ref="78509" role=""/>
  <member type="relation" ref="72170" role=""/>
  <member type="relation" ref="2148378" role=""/>
  <member type="relation" ref="31354" role=""/>
  <member type="relation" ref="27539" role=""/>
  <member type="relation" ref="2223656" role=""/>
  <member type="relation" ref="56555" role=""/>
  <member type="relation" ref="26621" role=""/>
  <member type="relation" ref="32572" role=""/>
  <member type="relation" ref="84338" role=""/>
  <member type="relation" ref="23063" role=""/>
  <member type="relation" ref="57817" role=""/>
  <member type="relation" ref="20773" role=""/>
  <member type="relation" ref="80523" role=""/>
  <member type="relation" ref="80043" role=""/>
  <member type="relation" ref="73057" role=""/>
  <member type="relation" ref="31491" role=""/>
  <member type="relation" ref="75486" role=""/>
  <member type="relation" ref="80053" role=""/>
  <member type="relation" ref="2148636" role=""/>
  <member type="relation" ref="108340" role=""/>
  <member type="relation" ref="77040" role=""/>
  <member type="relation" ref="21572" role=""/>
  <member type="relation" ref="6410283" role=""/>
  <member type="relation" ref="3010573" role=""/>
  <member type="relation" ref="2399357" role=""/>
  <member type="relation" ref="144173" role=""/>
  <member type="relation" ref="20869" role=""/>
  <member type="relation" ref="1652434" role=""/>
  <member type="relation" ref="3529513" role=""/>
  <member type="relation" ref="77546" role=""/>
  <member type="relation" ref="92308" role=""/>
  <member type="relation" ref="33232" role=""/>
  <member type="relation" ref="38304" role=""/>
  <member type="relation" ref="6263623" role=""/>
  <member type="relation" ref="38260" role=""/>
  <member type="relation" ref="27057" role=""/>
  <member type="relation" ref="38345" role=""/>
  <member type="relation" ref="77376" role=""/>
  <member type="relation" ref="38373" role=""/>
  <member type="relation" ref="186923" role=""/>
  <member type="relation" ref="2092611" role=""/>
  <member type="relation" ref="110270" role=""/>
  <member type="relation" ref="2399364" role=""/>
  <member type="relation" ref="69720" role=""/>
  <member type="relation" ref="38273" role=""/>
  <member type="relation" ref="1998065" role=""/>
  <member type="relation" ref="38258" role=""/>
  <member type="relation" ref="92877" role=""/>
  <member type="relation" ref="33698" role=""/>
  <member type="relation" ref="6410380" role=""/>
  <member type="relation" ref="7698875" role=""/>
  <member type="relation" ref="164014" role=""/>
  <member type="relation" ref="156092" role=""/>
  <member type="relation" ref="156514" role=""/>
  <member type="relation" ref="27994" role=""/>
  <member type="relation" ref="2048368" role=""/>
  <member type="relation" ref="158701" role=""/>
  <member type="relation" ref="34253" role=""/>
  <member type="relation" ref="1084054" role=""/>
  <member type="relation" ref="2314106" role=""/>
  <member type="relation" ref="158573" role=""/>
  <member type="relation" ref="3346319" role=""/>
  <member type="relation" ref="158700" role=""/>
  <member type="relation" ref="281674" role=""/>
  <member type="relation" ref="125452" role=""/>
  <member type="relation" ref="2094111" role=""/>
  <member type="relation" ref="2817790" role=""/>
  <member type="relation" ref="28929" role=""/>
  <member type="relation" ref="1789104" role=""/>
  <member type="relation" ref="2817677" role=""/>
  <member type="relation" ref="7215270" role=""/>
  <member type="relation" ref="2817773" role=""/>
  <member type="relation" ref="2817782" role=""/>
  <member type="relation" ref="6252885" role=""/>
  <member type="relation" ref="75433" role=""/>
  <member type="relation" ref="75438" role=""/>
  <member type="relation" ref="78271" role=""/>
  <member type="relation" ref="68577" role=""/>
  <member type="relation" ref="68590" role=""/>
  <member type="relation" ref="80485" role=""/>
  <member type="relation" ref="32973" role=""/>
  <member type="relation" ref="61501" role=""/>
  <member type="relation" ref="32953" role=""/>
  <member type="relation" ref="3206788" role=""/>
  <member type="relation" ref="214487" role=""/>
  <member type="relation" ref="190840" role=""/>
  <member type="relation" ref="78837" role=""/>
  <member type="relation" ref="75144" role=""/>
  <member type="relation" ref="78840" role=""/>
  <member type="relation" ref="17502" role=""/>
  <member type="relation" ref="68591" role=""/>
  <member type="relation" ref="172531" role=""/>
  <member type="relation" ref="2745034" role=""/>
  <member type="relation" ref="2745035" role=""/>
  <member type="relation" ref="6266559" role=""/>
  <member type="relation" ref="3904095" role=""/>
  <member type="relation" ref="88503" role=""/>
  <member type="relation" ref="79765" role=""/>
  <member type="relation" ref="17015348" role=""/>
  <member type="relation" ref="73498" role=""/>
  <member type="relation" ref="6839261" role=""/>
  <member type="relation" ref="68585" role=""/>
  <member type="relation" ref="84451" role=""/>
  <member type="relation" ref="86739" role=""/>
  <member type="relation" ref="21900" role=""/>
  <member type="relation" ref="229973" role=""/>
  <member type="relation" ref="85936" role=""/>
  <member type="relation" ref="228525" role=""/>
  <member type="relation" ref="67631" role=""/>
  <member type="relation" ref="5196088" role=""/>
  <member type="relation" ref="3905533" role=""/>
  <member type="relation" ref="3905549" role=""/>
  <member type="relation" ref="108203" role=""/>
  <member type="relation" ref="3906144" role=""/>
  <member type="relation" ref="6252938" role=""/>
  <member type="relation" ref="79015" role=""/>
  <member type="relation" ref="82573" role=""/>
  <member type="relation" ref="229810" role=""/>
  <member type="relation" ref="6411395" role=""/>
  <member type="relation" ref="2121922" role=""/>
  <member type="relation" ref="2122034" role=""/>
  <member type="relation" ref="38267" role=""/>
  <member type="relation" ref="38441" role=""/>
  <member type="relation" ref="38284" role=""/>
  <member type="relation" ref="6266611" role=""/>
  <member type="relation" ref="38317" role=""/>
  <member type="relation" ref="4072955" role=""/>
  <member type="relation" ref="154327" role=""/>
  <member type="relation" ref="6266680" role=""/>
  <member type="relation" ref="38625" role=""/>
  <member type="relation" ref="170359" role=""/>
  <member type="relation" ref="976097" role=""/>
  <member type="relation" ref="899167" role=""/>
  <member type="relation" ref="976263" role=""/>
  <member type="relation" ref="73457" role=""/>
  <member type="relation" ref="75490" role=""/>
  <member type="relation" ref="900573" role=""/>
  <member type="relation" ref="1175648" role=""/>
  <member type="relation" ref="92329" role=""/>
  <member type="relation" ref="6449113" role=""/>
  <member type="relation" ref="6410448" role=""/>
  <member type="relation" ref="6410454" role=""/>
  <member type="relation" ref="38436" role=""/>
  <member type="relation" ref="38437" role=""/>
  <member type="relation" ref="2194571" role=""/>
  <member type="relation" ref="38303" role=""/>
  <member type="relation" ref="6410456" role=""/>
  <member type="relation" ref="6410463" role=""/>
  <member type="relation" ref="1650459" role=""/>
  <member type="relation" ref="1722968" role=""/>
  <member type="relation" ref="3906304" role=""/>
  <member type="relation" ref="70885" role=""/>
  <member type="relation" ref="1202486" role=""/>
  <member type="relation" ref="74886" role=""/>
  <member type="relation" ref="6266476" role=""/>
  <member type="relation" ref="1824555" role=""/>
  <member type="relation" ref="4028594" role=""/>
  <member type="relation" ref="2328885" role=""/>
  <member type="relation" ref="2603148" role=""/>
  <member type="relation" ref="2329192" role=""/>
  <member type="relation" ref="1086284" role=""/>
  <member type="relation" ref="38352" role=""/>
  <member type="relation" ref="270398" role=""/>
  <member type="relation" ref="2770644" role=""/>
  <member type="relation" ref="3344515" role=""/>
  <member type="relation" ref="89529" role=""/>
  <member type="relation" ref="6410467" role=""/>
  <member type="relation" ref="3970914" role=""/>
  <member type="relation" ref="6448422" role=""/>
  <member type="relation" ref="6410473" role=""/>
  <member type="relation" ref="6256177" role=""/>
  <member type="relation" ref="6256246" role=""/>
  <member type="relation" ref="6401532" role=""/>
  <member type="relation" ref="6402208" role=""/>
  <member type="relation" ref="6402214" role=""/>
  <member type="relation" ref="6256280" role=""/>
  <member type="relation" ref="6410490" role=""/>
  <member type="relation" ref="5640676" role=""/>
  <member type="relation" ref="1844441" role=""/>
  <member type="relation" ref="102595" role=""/>
  <member type="relation" ref="5513689" role=""/>
  <member type="relation" ref="14890767" role=""/>
  <member type="relation" ref="6410526" role=""/>
  <member type="relation" ref="74910" role=""/>
  <member type="relation" ref="89532" role=""/>
  <member type="relation" ref="6449009" role=""/>
  <member type="relation" ref="147056" role=""/>
  <member type="relation" ref="147976" role=""/>
  <member type="relation" ref="142946" role=""/>
  <member type="relation" ref="1930294" role=""/>
  <member type="relation" ref="400179" role=""/>
  <member type="relation" ref="361393" role=""/>
  <member type="relation" ref="6411362" role=""/>
  <member type="relation" ref="6897625" role=""/>
  <member type="relation" ref="6923666" role=""/>
  <member type="relation" ref="4243136" role=""/>
  <member type="relation" ref="1770166" role=""/>
  <member type="relation" ref="5866045" role=""/>
  <member type="relation" ref="5944201" role=""/>
  <member type="relation" ref="5864974" role=""/>
  <member type="relation" ref="5864975" role=""/>
  <member type="relation" ref="5864976" role=""/>
  <member type="relation" ref="5864977" role=""/>
  <member type="relation" ref="5942710" role=""/>
  <member type="relation" ref="5864978" role=""/>
  <member type="relation" ref="8418873" role=""/>
  <member type="relation" ref="8235498" role=""/>
  <member type="relation" ref="8542404" role=""/>
  <member type="relation" ref="8235463" role=""/>
  <member type="relation" ref="8235454" role=""/>
  <member type="relation" ref="7591671" role=""/>
  <member type="relation" ref="6482805" role=""/>
  <member type="relation" ref="6424928" role=""/>
  <member type="relation" ref="7588949" role=""/>
  <tag k="name" v="International E-road network"/>
  <tag k="name:an" v="Rete de carreteras europeas"/>
  <tag k="name:az" v="Avropa Beynəlxalq Yollar şəbəkəsi"/>
  <tag k="name:be" v="Сетка міжнародных еўрапейскіх аўтадарог"/>
  <tag k="name:bg" v="Европейска пътна мрежа"/>
  <tag k="name:bs" v="Međunarodna mreža E-puteva"/>
  <tag k="name:ca" v="Xarxa de carreteres europees"/>
  <tag k="name:cnr" v="Evropska mreža međunarodnih puteva"/>
  <tag k="name:cnr-Cyrl" v="Европска мрежа међународних путева"/>
  <tag k="name:cs" v="Evropské silnice"/>
  <tag k="name:cv" v="Европа автомаршручĕсем"/>
  <tag k="name:da" v="Europaveje"/>
  <tag k="name:de" v="Europastraßen"/>
  <tag k="name:el" v="Διεθνές δίκτυο Ε-οδών"/>
  <tag k="name:en" v="International E-road network"/>
  <tag k="name:eo" v="Eŭropa ŝoseo"/>
  <tag k="name:es" v="Red de Carreteras Europeas"/>
  <tag k="name:et" v="Rahvusvaheline E-teede võrk"/>
  <tag k="name:fi" v="Eurooppatiet"/>
  <tag k="name:fr" v="Routes européennes"/>
  <tag k="name:hr" v="Europska mreža međunarodnih puteva"/>
  <tag k="name:hu" v="Európai úthálózat"/>
  <tag k="name:is" v="Evrópuvegur"/>
  <tag k="name:it" v="Strade europee"/>
  <tag k="name:ja" v="欧州自動車道路"/>
  <tag k="name:ka" v="ევროპის საერთაშორისო E საავტომობილო მაგისტრალების ქსელი"/>
  <tag k="name:ko" v="유럽 고속도로"/>
  <tag k="name:lb" v="Europastrooss"/>
  <tag k="name:lt" v="Tarptautinis Europos kelių tinklas"/>
  <tag k="name:nl" v="E-routenetwerk"/>
  <tag k="name:nn" v="Europavegar"/>
  <tag k="name:no" v="Europaveier"/>
  <tag k="name:pl" v="Międzynarodowa sieć tras europejskich"/>
  <tag k="name:pt" v="Estradas europeias"/>
  <tag k="name:ro" v="Rețeaua de drumuri europene"/>
  <tag k="name:sk" v="Európske cesty"/>
  <tag k="name:sl" v="Vseevropsko cestno omrežje"/>
  <tag k="name:sr" v="Европска мрежа међународних путева"/>
  <tag k="name:sr-Latn" v="Evropska mreža međunarodnih puteva"/>
  <tag k="name:sv" v="Europavägar"/>
  <tag k="name:tr" v="Avrupa E-yolları"/>
  <tag k="name:uk" v="Мережа європейських автошляхів"/>
  <tag k="name:zh" v="欧洲高速公路"/>
  <tag k="network" v="e-road"/>
  <tag k="note" v="for Norway, please read this https://forum.openstreetmap.org/viewtopic.php?id=72841"/>
  <tag k="operator" v="United Nations Economic Commission for Europe"/>
  <tag k="operator:short" v="UNECE"/>
  <tag k="operator:type" v="public"/>
  <tag k="operator:wikidata" v="Q659012"/>
  <tag k="start_date" v="1950-09-16"/>
  <tag k="type" v="network"/>
  <tag k="wikidata" v="Q106123"/>
 </relation>
 <relation id="12102984" visible="true" version="2" changeset="96910385" timestamp="2021-01-04T13:01:52Z" user="eg_ggts" uid="8392809">
  <member type="way" ref="37967225" role="main_stream"/>
  <member type="way" ref="168741907" role="side_stream"/>
  <member type="way" ref="168741910" role="side_stream"/>
  <tag k="name" v="Есиль"/>
  <tag k="type" v="waterway"/>
  <tag k="waterway" v="river"/>
 </relation>
 <relation id="19467275" visible="true" version="1" changeset="170512831" timestamp="2025-08-16T09:02:42Z" user="huronOSM" uid="21167494">
  <member type="way" ref="500506632" role="from"/>
  <member type="node" ref="4915427881" role="via"/>
  <member type="way" ref="1422607619" role="to"/>
  <tag k="restriction" v="only_straight_on"/>
  <tag k="type" v="restriction"/>
 </relation>
 <relation id="19687588" visible="true" version="30" changeset="189348630" timestamp="2026-09-21T13:23:38Z" user="da7282" uid="23058984">
  <member type="way" ref="1245794110" role=""/>
  <member type="way" ref="242323314" role=""/>
  <member type="way" ref="608678308" role=""/>
  <member type="way" ref="258610081" role=""/>
  <member type="way" ref="1443860464" role=""/>
  <member type="way" ref="228228928" role=""/>
  <member type="way" ref="1054682989" role=""/>
  <member type="way" ref="669894711" role=""/>
  <member type="way" ref="436883389" role=""/>
  <member type="way" ref="353576502" role=""/>
  <member type="way" ref="500487444" role=""/>
  <member type="way" ref="1296244257" role=""/>
  <member type="way" ref="500487389" role=""/>
  <member type="way" ref="500487430" role=""/>
  <member type="way" ref="1296244258" role=""/>
  <member type="way" ref="500487410" role=""/>
  <member type="way" ref="500487451" role=""/>
  <member type="way" ref="42646918" role=""/>
  <member type="way" ref="347899179" role=""/>
  <member type="way" ref="353578060" role=""/>
  <member type="way" ref="1159377441" role=""/>
  <member type="way" ref="1159377440" role=""/>
  <member type="way" ref="1422855551" role=""/>
  <member type="way" ref="1422855550" role=""/>
  <member type="way" ref="280719147" role=""/>
  <member type="way" ref="500671363" role=""/>
  <member type="way" ref="445440914" role=""/>
  <member type="way" ref="1503983638" role=""/>
  <member type="way" ref="1503983639" role=""/>
  <member type="way" ref="445440913" role=""/>
  <member type="way" ref="539427681" role=""/>
  <member type="way" ref="539427684" role=""/>
  <member type="way" ref="313212675" role=""/>
  <member type="way" ref="1422855543" role=""/>
  <member type="way" ref="1422855544" role=""/>
  <member type="way" ref="1192831310" role=""/>
  <member type="way" ref="1192831311" role=""/>
  <member type="way" ref="313212684" role=""/>
  <member type="way" ref="313212681" role=""/>
  <member type="way" ref="313212686" role=""/>
  <member type="way" ref="313212678" role=""/>
  <member type="way" ref="727533519" role=""/>
  <member type="way" ref="295198253" role=""/>
  <member type="way" ref="1054683362" role=""/>
  <member type="way" ref="242323316" role=""/>
  <member type="way" ref="24956606" role=""/>
  <member type="way" ref="608678294" role=""/>
  <member type="way" ref="24956145" role=""/>
  <member type="way" ref="436883388" role=""/>
  <member type="way" ref="1054682990" role=""/>
  <member type="way" ref="669894714" role=""/>
  <member type="way" ref="42646923" role=""/>
  <member type="way" ref="353576503" role=""/>
  <member type="way" ref="488812130" role=""/>
  <member type="way" ref="500487396" role=""/>
  <member type="way" ref="500487437" role=""/>
  <member type="way" ref="1296244253" role=""/>
  <member type="way" ref="1296244254" role=""/>
  <member type="way" ref="500487403" role=""/>
  <member type="way" ref="500487418" role=""/>
  <member type="way" ref="500487384" role=""/>
  <member type="way" ref="500487424" role=""/>
  <member type="way" ref="353578061" role=""/>
  <member type="way" ref="1159377439" role=""/>
  <member type="way" ref="1159377438" role=""/>
  <member type="way" ref="1422855553" role=""/>
  <member type="way" ref="1422855552" role=""/>
  <member type="way" ref="313212682" role=""/>
  <member type="way" ref="500671364" role=""/>
  <member type="way" ref="445440915" role=""/>
  <member type="way" ref="1503983636" role=""/>
  <member type="way" ref="1503983637" role=""/>
  <member type="way" ref="445440912" role=""/>
  <member type="way" ref="539427682" role=""/>
  <member type="way" ref="539427683" role=""/>
  <member type="way" ref="445440916" role=""/>
  <member type="way" ref="1422855545" role=""/>
  <member type="way" ref="1422855546" role=""/>
  <member type="way" ref="1192831308" role=""/>
  <member type="way" ref="1192831309" role=""/>
  <member type="way" ref="436877516" role=""/>
  <member type="way" ref="313212676" role=""/>
  <member type="way" ref="313212687" role=""/>
  <member type="way" ref="313212674" role=""/>
  <member type="way" ref="727533520" role=""/>
  <member type="way" ref="313212689" role=""/>
  <member type="way" ref="1054683361" role=""/>
  <member type="way" ref="41601364" role=""/>
  <member type="way" ref="313212695" role=""/>
  <member type="way" ref="1482836278" role=""/>
  <member type="way" ref="1482836277" role=""/>
  <member type="way" ref="1054682992" role=""/>
  <member type="way" ref="1122220356" role=""/>
  <member type="way" ref="669889734" role=""/>
  <member type="way" ref="1282180894" role=""/>
  <member type="way" ref="1282178769" role=""/>
  <member type="way" ref="114275031" role=""/>
  <member type="way" ref="1091229025" role=""/>
  <member type="way" ref="1091229021" role=""/>
  <member type="way" ref="114279400" role=""/>
  <member type="way" ref="293375157" role=""/>
  <member type="way" ref="113739374" role=""/>
  <member type="way" ref="243531903" role=""/>
  <member type="way" ref="243531902" role=""/>
  <member type="way" ref="1024145423" role=""/>
  <member type="way" ref="1283840721" role=""/>
  <member type="way" ref="197994620" role=""/>
  <member type="way" ref="1283840722" role=""/>
  <member type="way" ref="113739470" role=""/>
  <member type="way" ref="1283840719" role=""/>
  <member type="way" ref="113739451" role=""/>
  <member type="way" ref="1283840720" role=""/>
  <member type="way" ref="1024145422" role=""/>
  <member type="way" ref="197994600" role=""/>
  <member type="way" ref="197994599" role=""/>
  <member type="way" ref="197994781" role=""/>
  <member type="way" ref="197994784" role=""/>
  <member type="way" ref="293375158" role=""/>
  <member type="way" ref="1091229023" role=""/>
  <member type="way" ref="1091229024" role=""/>
  <member type="way" ref="114279407" role=""/>
  <member type="way" ref="1089708427" role=""/>
  <member type="way" ref="1089712094" role=""/>
  <member type="way" ref="1089712095" role=""/>
  <member type="way" ref="669889735" role=""/>
  <member type="way" ref="1122220357" role=""/>
  <member type="way" ref="1525722184" role=""/>
  <member type="way" ref="497659335" role=""/>
  <member type="way" ref="313212655" role=""/>
  <member type="way" ref="313212693" role=""/>
  <member type="way" ref="1482836280" role=""/>
  <member type="way" ref="1482836279" role=""/>
  <member type="way" ref="1054682991" role=""/>
  <member type="way" ref="813765479" role=""/>
  <member type="way" ref="813766703" role=""/>
  <member type="way" ref="1091076912" role=""/>
  <member type="way" ref="618216997" role=""/>
  <member type="way" ref="818959617" role=""/>
  <member type="way" ref="818959618" role=""/>
  <member type="way" ref="618216995" role=""/>
  <member type="way" ref="618216996" role=""/>
  <member type="way" ref="618216998" role=""/>
  <member type="way" ref="749442369" role=""/>
  <member type="way" ref="1089715070" role=""/>
  <member type="way" ref="749442370" role=""/>
  <member type="way" ref="1089715073" role=""/>
  <member type="way" ref="618217006" role=""/>
  <member type="way" ref="1089715072" role=""/>
  <member type="way" ref="1091229027" role=""/>
  <member type="way" ref="1462757629" role=""/>
  <member type="way" ref="43433091" role=""/>
  <member type="way" ref="427684097" role=""/>
  <member type="way" ref="618217001" role=""/>
  <member type="way" ref="1436422658" role=""/>
  <member type="way" ref="1094588810" role=""/>
  <member type="way" ref="1094588807" role=""/>
  <member type="way" ref="618217004" role=""/>
  <member type="way" ref="1246423273" role=""/>
  <member type="way" ref="1246423272" role=""/>
  <member type="way" ref="927032896" role=""/>
  <member type="way" ref="1436418247" role=""/>
  <member type="way" ref="1396303937" role=""/>
  <member type="way" ref="1087463991" role=""/>
  <member type="way" ref="1087467827" role=""/>
  <member type="way" ref="60048837" role=""/>
  <member type="way" ref="130535395" role=""/>
  <member type="way" ref="1087463990" role=""/>
  <member type="way" ref="60003090" role=""/>
  <member type="way" ref="182967795" role=""/>
  <member type="way" ref="72037862" role=""/>
  <member type="way" ref="429998307" role=""/>
  <member type="way" ref="294967459" role=""/>
  <member type="way" ref="429998304" role=""/>
  <member type="way" ref="429998306" role=""/>
  <member type="way" ref="429998308" role=""/>
  <member type="way" ref="72037861" role=""/>
  <member type="way" ref="727649401" role=""/>
  <member type="way" ref="294967458" role=""/>
  <member type="way" ref="674045228" role=""/>
  <member type="way" ref="674045297" role=""/>
  <member type="way" ref="1412093427" role=""/>
  <member type="way" ref="740088375" role=""/>
  <member type="way" ref="1412093426" role=""/>
  <member type="way" ref="698511461" role=""/>
  <member type="way" ref="698508672" role=""/>
  <member type="way" ref="762801470" role=""/>
  <member type="way" ref="762801474" role=""/>
  <member type="way" ref="54359999" role=""/>
  <member type="way" ref="753181641" role=""/>
  <member type="way" ref="54360001" role=""/>
  <member type="way" ref="661615228" role=""/>
  <member type="way" ref="27262974" role=""/>
  <member type="way" ref="54360000" role=""/>
  <member type="way" ref="661615229" role=""/>
  <member type="way" ref="87031825" role=""/>
  <member type="way" ref="1453303030" role=""/>
  <member type="way" ref="551599015" role=""/>
  <member type="way" ref="1453303029" role=""/>
  <member type="way" ref="181309327" role=""/>
  <member type="way" ref="60003087" role=""/>
  <member type="way" ref="1087463988" role=""/>
  <member type="way" ref="59990705" role=""/>
  <member type="way" ref="130535392" role=""/>
  <member type="way" ref="1087467826" role=""/>
  <member type="way" ref="1436418249" role=""/>
  <member type="way" ref="1436418248" role=""/>
  <member type="way" ref="1396303935" role=""/>
  <member type="way" ref="287836682" role=""/>
  <member type="way" ref="1282174011" role=""/>
  <member type="way" ref="927032898" role=""/>
  <member type="way" ref="815156041" role=""/>
  <member type="way" ref="815156042" role=""/>
  <member type="way" ref="813172960" role=""/>
  <member type="way" ref="1094588808" role=""/>
  <member type="way" ref="1094588811" role=""/>
  <member type="way" ref="1094588809" role=""/>
  <member type="way" ref="813172954" role=""/>
  <member type="way" ref="526158611" role=""/>
  <member type="way" ref="88591954" role=""/>
  <member type="way" ref="1089715071" role=""/>
  <member type="way" ref="1091229028" role=""/>
  <member type="way" ref="1462757630" role=""/>
  <member type="way" ref="813765483" role=""/>
  <member type="way" ref="820878863" role=""/>
  <member type="way" ref="820878864" role=""/>
  <member type="way" ref="818956979" role=""/>
  <member type="way" ref="818959621" role=""/>
  <member type="way" ref="818959622" role=""/>
  <member type="way" ref="818959619" role=""/>
  <member type="way" ref="818959620" role=""/>
  <member type="way" ref="818956980" role=""/>
  <member type="way" ref="813765480" role=""/>
  <member type="way" ref="732308285" role=""/>
  <member type="way" ref="732312948" role=""/>
  <member type="way" ref="725269637" role=""/>
  <member type="way" ref="1462757632" role=""/>
  <member type="way" ref="927032897" role=""/>
  <member type="way" ref="1115963905" role=""/>
  <member type="way" ref="1115963904" role=""/>
  <member type="way" ref="1408850615" role=""/>
  <member type="way" ref="1408850614" role=""/>
  <member type="way" ref="1282130792" role=""/>
  <member type="way" ref="1115957844" role=""/>
  <member type="way" ref="1115957845" role=""/>
  <member type="way" ref="1246419492" role=""/>
  <member type="way" ref="1245179882" role=""/>
  <member type="way" ref="1245179880" role=""/>
  <member type="way" ref="1245179879" role=""/>
  <member type="way" ref="1115957837" role=""/>
  <member type="way" ref="1246418514" role=""/>
  <member type="way" ref="1115957836" role=""/>
  <member type="way" ref="1328732539" role=""/>
  <member type="way" ref="1157704730" role=""/>
  <member type="way" ref="1157704732" role=""/>
  <member type="way" ref="1115952006" role=""/>
  <member type="way" ref="1288397606" role=""/>
  <member type="way" ref="1246414594" role=""/>
  <member type="way" ref="1246414593" role=""/>
  <member type="way" ref="1115951997" role=""/>
  <member type="way" ref="1115951998" role=""/>
  <member type="way" ref="1224554072" role=""/>
  <member type="way" ref="1224554073" role=""/>
  <member type="way" ref="1281942584" role=""/>
  <member type="way" ref="1115951999" role=""/>
  <member type="way" ref="25888832" role=""/>
  <member type="way" ref="1157704733" role=""/>
  <member type="way" ref="1157704734" role=""/>
  <member type="way" ref="1115957835" role=""/>
  <member type="way" ref="1328732541" role=""/>
  <member type="way" ref="1245179881" role=""/>
  <member type="way" ref="1282130793" role=""/>
  <member type="way" ref="1115957840" role=""/>
  <member type="way" ref="1246419490" role=""/>
  <member type="way" ref="1246419491" role=""/>
  <member type="way" ref="1246419731" role=""/>
  <member type="way" ref="1246419732" role=""/>
  <member type="way" ref="1408850613" role=""/>
  <member type="way" ref="1408850612" role=""/>
  <member type="way" ref="1282193531" role=""/>
  <member type="way" ref="1282171798" role=""/>
  <member type="way" ref="1091229026" role=""/>
  <member type="way" ref="815156040" role=""/>
  <member type="way" ref="813172962" role=""/>
  <member type="way" ref="813172958" role=""/>
  <member type="way" ref="813172959" role=""/>
  <member type="way" ref="1320789898" role=""/>
  <member type="way" ref="1320789896" role=""/>
  <member type="way" ref="1320789897" role=""/>
  <member type="way" ref="732308286" role=""/>
  <member type="way" ref="50715867" role=""/>
  <member type="way" ref="85490687" role=""/>
  <member type="way" ref="1089708428" role=""/>
  <member type="way" ref="1245183273" role=""/>
  <member type="way" ref="42651164" role=""/>
  <member type="way" ref="1436428752" role=""/>
  <member type="way" ref="1416061444" role=""/>
  <member type="way" ref="1436798952" role=""/>
  <member type="way" ref="1246413133" role=""/>
  <member type="way" ref="1281934684" role=""/>
  <member type="way" ref="1245184848" role=""/>
  <member type="way" ref="1416060760" role=""/>
  <member type="way" ref="1416060758" role=""/>
  <member type="way" ref="1416060757" role=""/>
  <member type="way" ref="1416060759" role=""/>
  <member type="way" ref="1245184847" role=""/>
  <member type="way" ref="1246413132" role=""/>
  <member type="way" ref="1186187861" role=""/>
  <member type="way" ref="1186187857" role=""/>
  <member type="way" ref="1186187856" role=""/>
  <member type="way" ref="1186187854" role=""/>
  <member type="way" ref="1175050088" role=""/>
  <member type="way" ref="1436450486" role=""/>
  <member type="way" ref="1436450487" role=""/>
  <member type="way" ref="840104638" role=""/>
  <member type="way" ref="1420871712" role=""/>
  <member type="way" ref="1245200634" role=""/>
  <member type="way" ref="1245200635" role=""/>
  <member type="way" ref="1245200638" role=""/>
  <member type="way" ref="1245201437" role=""/>
  <member type="way" ref="1245201438" role=""/>
  <member type="way" ref="263190589" role=""/>
  <member type="way" ref="241618705" role=""/>
  <member type="way" ref="241618709" role=""/>
  <member type="way" ref="241618706" role=""/>
  <member type="way" ref="241618712" role=""/>
  <member type="way" ref="1413457267" role=""/>
  <member type="way" ref="1245472624" role=""/>
  <member type="way" ref="1245191919" role=""/>
  <member type="way" ref="1245191918" role=""/>
  <member type="way" ref="42651161" role=""/>
  <member type="way" ref="1216736733" role=""/>
  <member type="way" ref="1246022047" role=""/>
  <member type="way" ref="1246022046" role=""/>
  <member type="way" ref="1246021743" role=""/>
  <member type="way" ref="1246021742" role=""/>
  <member type="way" ref="1342395876" role=""/>
  <member type="way" ref="1342395864" role=""/>
  <member type="way" ref="1342395862" role=""/>
  <member type="way" ref="1420237541" role=""/>
  <member type="way" ref="1420194149" role=""/>
  <member type="way" ref="1245185741" role=""/>
  <member type="way" ref="1245184845" role=""/>
  <member type="way" ref="1420186222" role=""/>
  <member type="way" ref="1246410949" role=""/>
  <member type="way" ref="1420186224" role=""/>
  <member type="way" ref="1246411777" role=""/>
  <member type="way" ref="1246412777" role=""/>
  <member type="way" ref="1281929929" role=""/>
  <member type="way" ref="1246412775" role=""/>
  <member type="way" ref="1420186225" role=""/>
  <member type="way" ref="1246410948" role=""/>
  <member type="way" ref="1420186223" role=""/>
  <member type="way" ref="1246410718" role=""/>
  <member type="way" ref="206621669" role=""/>
  <member type="way" ref="1420194150" role=""/>
  <member type="way" ref="42651166" role=""/>
  <member type="way" ref="1246021748" role=""/>
  <member type="way" ref="1246021747" role=""/>
  <member type="way" ref="1246022045" role=""/>
  <member type="way" ref="1246022044" role=""/>
  <member type="way" ref="42651160" role=""/>
  <member type="way" ref="1216738666" role=""/>
  <member type="way" ref="1114944480" role=""/>
  <member type="way" ref="843217121" role=""/>
  <member type="way" ref="843217120" role=""/>
  <member type="way" ref="42651162" role=""/>
  <member type="way" ref="1184388827" role=""/>
  <member type="way" ref="1186187851" role=""/>
  <member type="way" ref="1175050087" role=""/>
  <member type="way" ref="1245794109" role=""/>
  <member type="way" ref="1462478918" role=""/>
  <member type="way" ref="1245200637" role=""/>
  <member type="way" ref="1245200636" role=""/>
  <member type="way" ref="1175050085" role=""/>
  <member type="way" ref="1245201439" role=""/>
  <member type="way" ref="1245204307" role=""/>
  <member type="way" ref="1245453782" role=""/>
  <member type="way" ref="1245453781" role=""/>
  <member type="way" ref="1245204306" role=""/>
  <member type="way" ref="1326442554" role=""/>
  <member type="way" ref="843217115" role=""/>
  <member type="way" ref="87351445" role=""/>
  <member type="way" ref="1245473188" role=""/>
  <member type="way" ref="1387430831" role=""/>
  <member type="way" ref="1245477309" role=""/>
  <member type="way" ref="1245477311" role=""/>
  <member type="way" ref="1245477310" role=""/>
  <member type="way" ref="1413355210" role=""/>
  <member type="way" ref="1245477876" role=""/>
  <member type="way" ref="1245479447" role=""/>
  <member type="way" ref="1387428832" role=""/>
  <member type="way" ref="1245483088" role=""/>
  <member type="way" ref="1326091371" role=""/>
  <member type="way" ref="1434033687" role=""/>
  <member type="way" ref="1434033686" role=""/>
  <member type="way" ref="1342387742" role=""/>
  <member type="way" ref="1342387741" role=""/>
  <member type="way" ref="1326091372" role=""/>
  <member type="way" ref="324720725" role=""/>
  <member type="way" ref="1245786607" role=""/>
  <member type="way" ref="1561038068" role=""/>
  <member type="way" ref="1561038069" role=""/>
  <member type="way" ref="1326074432" role=""/>
  <member type="way" ref="1561011145" role=""/>
  <member type="way" ref="1561011144" role=""/>
  <member type="way" ref="1326074449" role=""/>
  <member type="way" ref="1326074448" role=""/>
  <member type="way" ref="1326078098" role=""/>
  <member type="way" ref="1326078097" role=""/>
  <member type="way" ref="1219029920" role=""/>
  <member type="way" ref="1219029921" role=""/>
  <member type="way" ref="1219029926" role=""/>
  <member type="way" ref="1219029925" role=""/>
  <member type="way" ref="1219029928" role=""/>
  <member type="way" ref="1219029927" role=""/>
  <member type="way" ref="1409826858" role=""/>
  <member type="way" ref="1409826858" role=""/>
  <member type="way" ref="1413457270" role=""/>
  <member type="way" ref="1245477312" role=""/>
  <member type="way" ref="1245477313" role=""/>
  <member type="way" ref="1245477314" role=""/>
  <member type="way" ref="843393840" role=""/>
  <member type="way" ref="1326091387" role=""/>
  <member type="way" ref="1245483089" role=""/>
  <member type="way" ref="1387428830" role=""/>
  <member type="way" ref="243531894" role=""/>
  <member type="way" ref="1434033684" role=""/>
  <member type="way" ref="1434033685" role=""/>
  <member type="way" ref="1342387740" role=""/>
  <member type="way" ref="1342387739" role=""/>
  <member type="way" ref="356359714" role=""/>
  <member type="way" ref="356359713" role=""/>
  <member type="way" ref="356359715" role=""/>
  <member type="way" ref="356359716" role=""/>
  <member type="way" ref="1326091369" role=""/>
  <member type="way" ref="1229858533" role=""/>
  <member type="way" ref="167069887" role=""/>
  <member type="way" ref="1497599869" role=""/>
  <member type="way" ref="1497599870" role=""/>
  <member type="way" ref="666664211" role=""/>
  <member type="way" ref="1561038067" role=""/>
  <member type="way" ref="1561038066" role=""/>
  <member type="way" ref="1326074431" role=""/>
  <member type="way" ref="1220199894" role=""/>
  <member type="way" ref="1216960203" role=""/>
  <member type="way" ref="1216960202" role=""/>
  <member type="way" ref="1561011146" role=""/>
  <member type="way" ref="1561011147" role=""/>
  <member type="way" ref="1216960205" role=""/>
  <member type="way" ref="666664214" role=""/>
  <member type="way" ref="666664213" role=""/>
  <member type="way" ref="666664219" role=""/>
  <member type="way" ref="666664218" role=""/>
  <member type="way" ref="366071313" role=""/>
  <member type="way" ref="1219029923" role=""/>
  <member type="way" ref="540188915" role=""/>
  <member type="way" ref="540188886" role=""/>
  <member type="way" ref="1409826862" role=""/>
  <member type="way" ref="666664210" role=""/>
  <member type="way" ref="694497822" role=""/>
  <member type="way" ref="261806248" role=""/>
  <member type="way" ref="261806249" role=""/>
  <member type="way" ref="1432865721" role=""/>
  <member type="way" ref="1223205206" role=""/>
  <member type="way" ref="1223205210" role=""/>
  <member type="way" ref="1223205209" role=""/>
  <member type="way" ref="1223205211" role=""/>
  <member type="way" ref="1339446582" role=""/>
  <member type="way" ref="1217713410" role=""/>
  <member type="way" ref="1217713409" role=""/>
  <member type="way" ref="1339446580" role=""/>
  <member type="way" ref="1432865720" role=""/>
  <member type="way" ref="1409826860" role=""/>
  <member type="way" ref="1409826859" role=""/>
  <member type="way" ref="541470219" role=""/>
  <member type="way" ref="1084070395" role=""/>
  <member type="way" ref="27007998" role=""/>
  <member type="way" ref="230099144" role=""/>
  <member type="way" ref="1378001867" role=""/>
  <member type="way" ref="1233850571" role=""/>
  <member type="way" ref="1378001873" role=""/>
  <member type="way" ref="1378001869" role=""/>
  <member type="way" ref="1233850572" role=""/>
  <member type="way" ref="1067549133" role=""/>
  <member type="way" ref="1116490755" role=""/>
  <member type="way" ref="1462586992" role=""/>
  <member type="way" ref="1233850569" role=""/>
  <member type="way" ref="1233851898" role=""/>
  <member type="way" ref="1378001874" role=""/>
  <member type="way" ref="1378001891" role=""/>
  <member type="way" ref="1378001888" role=""/>
  <member type="way" ref="1378001875" role=""/>
  <member type="way" ref="1396751317" role=""/>
  <member type="way" ref="238907608" role=""/>
  <member type="way" ref="238907607" role=""/>
  <member type="way" ref="386804926" role=""/>
  <member type="way" ref="386804928" role=""/>
  <member type="way" ref="746570636" role=""/>
  <member type="way" ref="655650895" role=""/>
  <member type="way" ref="1314353150" role=""/>
  <member type="way" ref="1241560543" role=""/>
  <member type="way" ref="1314353137" role=""/>
  <member type="way" ref="1314353138" role=""/>
  <member type="way" ref="1314353121" role=""/>
  <member type="way" ref="173616158" role=""/>
  <member type="way" ref="173609921" role=""/>
  <member type="way" ref="1282144583" role=""/>
  <member type="way" ref="173616194" role=""/>
  <member type="way" ref="173609918" role=""/>
  <member type="way" ref="1481172762" role=""/>
  <member type="way" ref="124724297" role=""/>
  <member type="way" ref="124592855" role=""/>
  <member type="way" ref="38610888" role=""/>
  <tag k="distance" v="1208"/>
  <tag k="from" v="Астана"/>
  <tag k="name" v="Автодорога KАZ01"/>
  <tag k="ref" v="KАZ01"/>
  <tag k="route" v="road"/>
  <tag k="to" v="Алматы"/>
  <tag k="type" v="route"/>
  <tag k="via" v="Караганда"/>
 </relation>
</osm>
